surface,surface_index,support_point_indices,K_lift_index,canonical_chart,canonical_chart_support_position,x_fixed_frame_coefficients,y_fixed_frame_coefficients,tangent_fixed_frame_coefficients,boundary_section_labels,delta0_mod_31,delta1_mod_31,delta_inverse0_mod_31,delta_inverse1_mod_31,residue_row_on_1_epsilon
Z_0,0,"[0, 0, 8, 5]",0,C1100,0,"[1, 0, 0, 0]","[0, 1, 0, 0]","[0, 1, 6, 2]","[5, 2]",15,12,29,14,"[12, 15]"
Z_0,0,"[0, 1, 0, 5]",1,C1010,0,"[1, 0, 0, 0]","[0, 1, 0, 0]","[0, 1, 6, 2]","[5, 2]",30,29,30,2,"[29, 30]"
Z_0,0,"[0, 2, 7, 5]",2,C1000,0,"[1, 0, 0, 0]","[0, 1, 0, 0]","[0, 1, 6, 2]","[5, 2]",21,30,3,9,"[30, 21]"
Z_0,0,"[0, 7, 1, 33]",3,C1000,1,"[1, 0, 0, 0]","[0, 1, 0, 0]","[0, 1, 6, 2]","[5, 2]",21,4,3,26,"[4, 21]"
Z_0,0,"[0, 8, 14, 9]",4,C1000,2,"[1, 0, 0, 0]","[0, 1, 0, 0]","[0, 1, 6, 2]","[5, 2]",24,6,22,10,"[6, 24]"
Z_0,0,"[0, 14, 15, 33]",5,C1000,3,"[1, 0, 0, 0]","[0, 1, 0, 0]","[0, 1, 6, 2]","[5, 2]",26,28,6,15,"[28, 26]"
Z_0,0,"[0, 15, 17, 9]",6,C1000,4,"[1, 0, 0, 0]","[0, 1, 0, 0]","[0, 1, 6, 2]","[5, 2]",11,18,17,6,"[18, 11]"
Z_0,0,"[0, 16, 16, 33]",7,C1000,5,"[1, 0, 0, 0]","[0, 1, 0, 0]","[0, 1, 6, 2]","[5, 2]",6,8,26,17,"[8, 6]"
Z_0,0,"[0, 17, 2, 9]",8,C1000,6,"[1, 0, 0, 0]","[0, 1, 0, 0]","[0, 1, 6, 2]","[5, 2]",22,19,24,30,"[19, 22]"
Z_0,0,"[1, 0, 8, 33]",9,C0100,0,"[1, 0, 0, 0]","[0, 1, 0, 0]","[0, 1, 6, 2]","[5, 2]",21,18,3,24,"[18, 21]"
Z_0,0,"[1, 1, 0, 33]",10,C0010,0,"[1, 0, 0, 0]","[0, 1, 0, 0]","[0, 1, 6, 2]","[5, 2]",11,12,17,4,"[12, 11]"
Z_0,0,"[1, 2, 7, 33]",11,C0000,0,"[1, 0, 0, 0]","[0, 1, 0, 0]","[0, 1, 6, 2]","[5, 2]",17,4,11,12,"[4, 17]"
Z_0,0,"[1, 7, 1, 9]",12,C0000,1,"[1, 0, 0, 0]","[0, 1, 0, 0]","[0, 1, 6, 2]","[5, 2]",30,10,30,21,"[10, 30]"
Z_0,0,"[1, 8, 14, 5]",13,C0000,2,"[1, 0, 0, 0]","[0, 1, 0, 0]","[0, 1, 6, 2]","[5, 2]",24,26,22,2,"[26, 24]"
Z_0,0,"[1, 14, 15, 9]",14,C0000,3,"[1, 0, 0, 0]","[0, 1, 0, 0]","[0, 1, 6, 2]","[5, 2]",15,20,29,13,"[20, 15]"
Z_0,0,"[1, 15, 17, 5]",15,C0000,4,"[1, 0, 0, 0]","[0, 1, 0, 0]","[0, 1, 6, 2]","[5, 2]",11,22,17,28,"[22, 11]"
Z_0,0,"[1, 16, 16, 9]",16,C0000,5,"[1, 0, 0, 0]","[0, 1, 0, 0]","[0, 1, 6, 2]","[5, 2]",13,0,12,0,"[0, 13]"
Z_0,0,"[1, 17, 2, 5]",17,C0000,6,"[1, 0, 0, 0]","[0, 1, 0, 0]","[0, 1, 6, 2]","[5, 2]",22,27,24,10,"[27, 22]"
Z_0,0,"[2, 0, 8, 9]",18,C0100,8,"[1, 0, 0, 0]","[0, 1, 0, 0]","[0, 1, 6, 2]","[5, 2]",23,23,27,4,"[23, 23]"
Z_0,0,"[2, 1, 0, 9]",19,C0010,8,"[1, 0, 0, 0]","[0, 1, 0, 0]","[0, 1, 6, 2]","[5, 2]",15,2,29,23,"[2, 15]"
Z_0,0,"[2, 2, 7, 9]",20,C0000,7,"[1, 0, 0, 0]","[0, 1, 0, 0]","[0, 1, 6, 2]","[5, 2]",26,14,6,23,"[14, 26]"
Z_0,0,"[2, 7, 1, 5]",21,C0000,8,"[1, 0, 0, 0]","[0, 1, 0, 0]","[0, 1, 6, 2]","[5, 2]",23,1,27,15,"[1, 23]"
Z_0,0,"[2, 8, 14, 33]",22,C0000,9,"[1, 0, 0, 0]","[0, 1, 0, 0]","[0, 1, 6, 2]","[5, 2]",27,4,23,23,"[4, 27]"
Z_0,0,"[2, 14, 15, 5]",23,C0000,10,"[1, 0, 0, 0]","[0, 1, 0, 0]","[0, 1, 6, 2]","[5, 2]",27,12,23,7,"[12, 27]"
Z_0,0,"[2, 15, 17, 33]",24,C0000,11,"[1, 0, 0, 0]","[0, 1, 0, 0]","[0, 1, 6, 2]","[5, 2]",24,29,22,7,"[29, 24]"
Z_0,0,"[2, 16, 16, 5]",25,C0000,12,"[1, 0, 0, 0]","[0, 1, 0, 0]","[0, 1, 6, 2]","[5, 2]",11,4,17,22,"[4, 11]"
Z_0,0,"[2, 17, 2, 33]",26,C0000,13,"[1, 0, 0, 0]","[0, 1, 0, 0]","[0, 1, 6, 2]","[5, 2]",17,4,11,12,"[4, 17]"
Z_0,0,"[7, 0, 0, 35]",27,C0110,18,"[1, 0, 0, 0]","[0, 1, 0, 0]","[0, 1, 6, 2]","[5, 2]",24,8,22,3,"[8, 24]"
Z_0,0,"[7, 1, 7, 35]",28,C0000,14,"[1, 0, 0, 0]","[0, 1, 0, 0]","[0, 1, 6, 2]","[5, 2]",30,15,30,16,"[15, 30]"
Z_0,0,"[7, 2, 8, 35]",29,C0000,15,"[1, 0, 0, 0]","[0, 1, 0, 0]","[0, 1, 6, 2]","[5, 2]",6,1,26,6,"[1, 6]"
Z_0,0,"[7, 7, 16, 29]",30,C0000,16,"[1, 0, 0, 0]","[0, 1, 0, 0]","[0, 1, 6, 2]","[5, 2]",13,0,12,0,"[0, 13]"
Z_0,0,"[7, 8, 17, 28]",31,C0000,17,"[1, 0, 0, 0]","[0, 1, 0, 0]","[0, 1, 6, 2]","[5, 2]",15,10,29,22,"[10, 15]"
Z_0,0,"[7, 14, 1, 29]",32,C0000,18,"[1, 0, 0, 0]","[0, 1, 0, 0]","[0, 1, 6, 2]","[5, 2]",30,23,30,8,"[23, 30]"
Z_0,0,"[7, 15, 2, 28]",33,C0000,19,"[1, 0, 0, 0]","[0, 1, 0, 0]","[0, 1, 6, 2]","[5, 2]",30,28,30,3,"[28, 30]"
Z_0,0,"[7, 16, 15, 29]",34,C0000,20,"[1, 0, 0, 0]","[0, 1, 0, 0]","[0, 1, 6, 2]","[5, 2]",15,28,29,12,"[28, 15]"
Z_0,0,"[7, 17, 14, 28]",35,C0000,21,"[1, 0, 0, 0]","[0, 1, 0, 0]","[0, 1, 6, 2]","[5, 2]",13,3,12,2,"[3, 13]"
Z_0,0,"[8, 0, 7, 6]",36,C0100,24,"[1, 0, 0, 0]","[0, 1, 0, 0]","[0, 1, 6, 2]","[5, 2]",30,27,30,4,"[27, 30]"
Z_0,0,"[8, 1, 8, 6]",37,C0000,22,"[1, 0, 0, 0]","[0, 1, 0, 0]","[0, 1, 6, 2]","[5, 2]",24,26,22,2,"[26, 24]"
Z_0,0,"[8, 2, 0, 6]",38,C0010,25,"[1, 0, 0, 0]","[0, 1, 0, 0]","[0, 1, 6, 2]","[5, 2]",12,15,13,7,"[15, 12]"
Z_0,0,"[8, 7, 15, 10]",39,C0000,23,"[1, 0, 0, 0]","[0, 1, 0, 0]","[0, 1, 6, 2]","[5, 2]",23,7,27,12,"[7, 23]"
Z_0,0,"[8, 8, 2, 34]",40,C0000,24,"[1, 0, 0, 0]","[0, 1, 0, 0]","[0, 1, 6, 2]","[5, 2]",27,4,23,23,"[4, 27]"
Z_0,0,"[8, 14, 16, 10]",41,C0000,25,"[1, 0, 0, 0]","[0, 1, 0, 0]","[0, 1, 6, 2]","[5, 2]",22,20,24,12,"[20, 22]"
Z_0,0,"[8, 15, 14, 34]",42,C0000,26,"[1, 0, 0, 0]","[0, 1, 0, 0]","[0, 1, 6, 2]","[5, 2]",21,20,3,6,"[20, 21]"
Z_0,0,"[8, 16, 1, 10]",43,C0000,27,"[1, 0, 0, 0]","[0, 1, 0, 0]","[0, 1, 6, 2]","[5, 2]",15,21,29,9,"[21, 15]"
Z_0,0,"[8, 17, 17, 34]",44,C0000,28,"[1, 0, 0, 0]","[0, 1, 0, 0]","[0, 1, 6, 2]","[5, 2]",29,22,15,10,"[22, 29]"
Z_0,0,"[14, 0, 0, 28]",45,C0110,36,"[1, 0, 0, 0]","[0, 1, 0, 0]","[0, 1, 6, 2]","[5, 2]",24,3,22,5,"[3, 24]"
Z_0,0,"[14, 1, 7, 28]",46,C0000,29,"[1, 0, 0, 0]","[0, 1, 0, 0]","[0, 1, 6, 2]","[5, 2]",30,1,30,30,"[1, 30]"
Z_0,0,"[14, 2, 8, 28]",47,C0000,30,"[1, 0, 0, 0]","[0, 1, 0, 0]","[0, 1, 6, 2]","[5, 2]",6,23,26,14,"[23, 6]"
Z_0,0,"[14, 7, 16, 35]",48,C0000,31,"[1, 0, 0, 0]","[0, 1, 0, 0]","[0, 1, 6, 2]","[5, 2]",15,24,29,28,"[24, 15]"
Z_0,0,"[14, 8, 17, 29]",49,C0000,32,"[1, 0, 0, 0]","[0, 1, 0, 0]","[0, 1, 6, 2]","[5, 2]",13,27,12,18,"[27, 13]"
Z_0,0,"[14, 14, 1, 35]",50,C0000,33,"[1, 0, 0, 0]","[0, 1, 0, 0]","[0, 1, 6, 2]","[5, 2]",6,8,26,17,"[8, 6]"
Z_0,0,"[14, 15, 2, 29]",51,C0000,34,"[1, 0, 0, 0]","[0, 1, 0, 0]","[0, 1, 6, 2]","[5, 2]",26,1,6,26,"[1, 26]"
Z_0,0,"[14, 16, 15, 35]",52,C0000,35,"[1, 0, 0, 0]","[0, 1, 0, 0]","[0, 1, 6, 2]","[5, 2]",3,29,21,14,"[29, 3]"
Z_0,0,"[14, 17, 14, 29]",53,C0000,36,"[1, 0, 0, 0]","[0, 1, 0, 0]","[0, 1, 6, 2]","[5, 2]",3,24,21,18,"[24, 3]"
Z_0,0,"[15, 0, 7, 10]",54,C0100,40,"[1, 0, 0, 0]","[0, 1, 0, 0]","[0, 1, 6, 2]","[5, 2]",11,17,17,16,"[17, 11]"
Z_0,0,"[15, 1, 8, 10]",55,C0000,37,"[1, 0, 0, 0]","[0, 1, 0, 0]","[0, 1, 6, 2]","[5, 2]",15,21,29,9,"[21, 15]"
Z_0,0,"[15, 2, 0, 10]",56,C0010,41,"[1, 0, 0, 0]","[0, 1, 0, 0]","[0, 1, 6, 2]","[5, 2]",23,4,27,29,"[4, 23]"
Z_0,0,"[15, 7, 15, 34]",57,C0000,38,"[1, 0, 0, 0]","[0, 1, 0, 0]","[0, 1, 6, 2]","[5, 2]",12,20,13,30,"[20, 12]"
Z_0,0,"[15, 8, 2, 6]",58,C0000,39,"[1, 0, 0, 0]","[0, 1, 0, 0]","[0, 1, 6, 2]","[5, 2]",27,2,23,27,"[2, 27]"
Z_0,0,"[15, 14, 16, 34]",59,C0000,40,"[1, 0, 0, 0]","[0, 1, 0, 0]","[0, 1, 6, 2]","[5, 2]",29,14,15,12,"[14, 29]"
Z_0,0,"[15, 15, 14, 6]",60,C0000,41,"[1, 0, 0, 0]","[0, 1, 0, 0]","[0, 1, 6, 2]","[5, 2]",21,15,3,20,"[15, 21]"
Z_0,0,"[15, 16, 1, 34]",61,C0000,42,"[1, 0, 0, 0]","[0, 1, 0, 0]","[0, 1, 6, 2]","[5, 2]",24,14,22,13,"[14, 24]"
Z_0,0,"[15, 17, 17, 6]",62,C0000,43,"[1, 0, 0, 0]","[0, 1, 0, 0]","[0, 1, 6, 2]","[5, 2]",29,21,15,18,"[21, 29]"
Z_0,0,"[16, 0, 0, 29]",63,C0110,54,"[1, 0, 0, 0]","[0, 1, 0, 0]","[0, 1, 6, 2]","[5, 2]",27,3,23,25,"[3, 27]"
Z_0,0,"[16, 1, 7, 29]",64,C0000,44,"[1, 0, 0, 0]","[0, 1, 0, 0]","[0, 1, 6, 2]","[5, 2]",26,21,6,19,"[21, 26]"
Z_0,0,"[16, 2, 8, 29]",65,C0000,45,"[1, 0, 0, 0]","[0, 1, 0, 0]","[0, 1, 6, 2]","[5, 2]",30,19,30,12,"[19, 30]"
Z_0,0,"[16, 7, 16, 28]",66,C0000,46,"[1, 0, 0, 0]","[0, 1, 0, 0]","[0, 1, 6, 2]","[5, 2]",15,17,29,25,"[17, 15]"
Z_0,0,"[16, 8, 17, 35]",67,C0000,47,"[1, 0, 0, 0]","[0, 1, 0, 0]","[0, 1, 6, 2]","[5, 2]",15,17,29,25,"[17, 15]"
Z_0,0,"[16, 14, 1, 28]",68,C0000,48,"[1, 0, 0, 0]","[0, 1, 0, 0]","[0, 1, 6, 2]","[5, 2]",6,30,26,25,"[30, 6]"
Z_0,0,"[16, 15, 2, 35]",69,C0000,49,"[1, 0, 0, 0]","[0, 1, 0, 0]","[0, 1, 6, 2]","[5, 2]",30,11,30,20,"[11, 30]"
Z_0,0,"[16, 16, 15, 28]",70,C0000,50,"[1, 0, 0, 0]","[0, 1, 0, 0]","[0, 1, 6, 2]","[5, 2]",3,9,21,30,"[9, 3]"
Z_0,0,"[16, 17, 14, 35]",71,C0000,51,"[1, 0, 0, 0]","[0, 1, 0, 0]","[0, 1, 6, 2]","[5, 2]",13,7,12,15,"[7, 13]"
Z_0,0,"[17, 0, 7, 34]",72,C0100,56,"[1, 0, 0, 0]","[0, 1, 0, 0]","[0, 1, 6, 2]","[5, 2]",30,12,30,19,"[12, 30]"
Z_0,0,"[17, 1, 8, 34]",73,C0000,52,"[1, 0, 0, 0]","[0, 1, 0, 0]","[0, 1, 6, 2]","[5, 2]",24,14,22,13,"[14, 24]"
Z_0,0,"[17, 2, 0, 34]",74,C0010,57,"[1, 0, 0, 0]","[0, 1, 0, 0]","[0, 1, 6, 2]","[5, 2]",12,9,13,29,"[9, 12]"
Z_0,0,"[17, 7, 15, 6]",75,C0000,53,"[1, 0, 0, 0]","[0, 1, 0, 0]","[0, 1, 6, 2]","[5, 2]",12,26,13,8,"[26, 12]"
Z_0,0,"[17, 8, 2, 10]",76,C0000,54,"[1, 0, 0, 0]","[0, 1, 0, 0]","[0, 1, 6, 2]","[5, 2]",13,25,12,27,"[25, 13]"
Z_0,0,"[17, 14, 16, 6]",77,C0000,55,"[1, 0, 0, 0]","[0, 1, 0, 0]","[0, 1, 6, 2]","[5, 2]",29,13,15,20,"[13, 29]"
Z_0,0,"[17, 15, 14, 10]",78,C0000,56,"[1, 0, 0, 0]","[0, 1, 0, 0]","[0, 1, 6, 2]","[5, 2]",17,30,11,28,"[30, 17]"
Z_0,0,"[17, 16, 1, 6]",79,C0000,57,"[1, 0, 0, 0]","[0, 1, 0, 0]","[0, 1, 6, 2]","[5, 2]",24,26,22,2,"[26, 24]"
Z_0,0,"[17, 17, 17, 10]",80,C0000,58,"[1, 0, 0, 0]","[0, 1, 0, 0]","[0, 1, 6, 2]","[5, 2]",22,25,24,15,"[25, 22]"
Z_1,1,"[0, 5, 3, 22]",0,C1000,0,"[1, 0, 0, 0]","[0, 1, 0, 0]","[0, 1, 17, 25]","[0, 3]",23,14,27,24,"[14, 23]"
Z_1,1,"[0, 6, 4, 22]",1,C1000,1,"[1, 0, 0, 0]","[0, 1, 0, 0]","[0, 1, 17, 25]","[0, 3]",22,25,24,15,"[25, 22]"
Z_1,1,"[0, 9, 21, 25]",2,C1000,2,"[1, 0, 0, 0]","[0, 1, 0, 0]","[0, 1, 17, 25]","[0, 3]",29,29,15,16,"[29, 29]"
Z_1,1,"[0, 10, 20, 20]",3,C1000,3,"[1, 0, 0, 0]","[0, 1, 0, 0]","[0, 1, 17, 25]","[0, 3]",15,21,29,9,"[21, 15]"
Z_1,1,"[0, 28, 23, 25]",4,C1000,4,"[1, 0, 0, 0]","[0, 1, 0, 0]","[0, 1, 17, 25]","[0, 3]",3,28,21,21,"[28, 3]"
Z_1,1,"[0, 29, 22, 20]",5,C1000,5,"[1, 0, 0, 0]","[0, 1, 0, 0]","[0, 1, 17, 25]","[0, 3]",11,25,17,29,"[25, 11]"
Z_1,1,"[0, 33, 25, 20]",6,C1000,6,"[1, 0, 0, 0]","[0, 1, 0, 0]","[0, 1, 17, 25]","[0, 3]",15,7,29,3,"[7, 15]"
Z_1,1,"[0, 34, 24, 25]",7,C1000,7,"[1, 0, 0, 0]","[0, 1, 0, 0]","[0, 1, 17, 25]","[0, 3]",12,17,13,10,"[17, 12]"
Z_1,1,"[0, 35, 11, 22]",8,C1000,8,"[1, 0, 0, 0]","[0, 1, 0, 0]","[0, 1, 17, 25]","[0, 3]",27,28,23,6,"[28, 27]"
Z_1,1,"[1, 5, 3, 20]",9,C0000,0,"[1, 0, 0, 0]","[0, 1, 0, 0]","[0, 1, 17, 25]","[0, 3]",22,9,24,24,"[9, 22]"
Z_1,1,"[1, 6, 4, 20]",10,C0000,1,"[1, 0, 0, 0]","[0, 1, 0, 0]","[0, 1, 17, 25]","[0, 3]",17,6,11,18,"[6, 17]"
Z_1,1,"[1, 9, 21, 22]",11,C0000,2,"[1, 0, 0, 0]","[0, 1, 0, 0]","[0, 1, 17, 25]","[0, 3]",23,18,27,22,"[18, 23]"
Z_1,1,"[1, 10, 20, 25]",12,C0000,3,"[1, 0, 0, 0]","[0, 1, 0, 0]","[0, 1, 17, 25]","[0, 3]",17,26,11,16,"[26, 17]"
Z_1,1,"[1, 28, 23, 22]",13,C0000,4,"[1, 0, 0, 0]","[0, 1, 0, 0]","[0, 1, 17, 25]","[0, 3]",12,11,13,1,"[11, 12]"
Z_1,1,"[1, 29, 22, 25]",14,C0000,5,"[1, 0, 0, 0]","[0, 1, 0, 0]","[0, 1, 17, 25]","[0, 3]",29,13,15,20,"[13, 29]"
Z_1,1,"[1, 33, 25, 25]",15,C0000,6,"[1, 0, 0, 0]","[0, 1, 0, 0]","[0, 1, 17, 25]","[0, 3]",17,6,11,18,"[6, 17]"
Z_1,1,"[1, 34, 24, 22]",16,C0000,7,"[1, 0, 0, 0]","[0, 1, 0, 0]","[0, 1, 17, 25]","[0, 3]",17,5,11,15,"[5, 17]"
Z_1,1,"[1, 35, 11, 20]",17,C0000,8,"[1, 0, 0, 0]","[0, 1, 0, 0]","[0, 1, 17, 25]","[0, 3]",11,1,17,21,"[1, 11]"
Z_1,1,"[2, 5, 3, 25]",18,C0000,9,"[1, 0, 0, 0]","[0, 1, 0, 0]","[0, 1, 17, 25]","[0, 3]",30,14,30,17,"[14, 30]"
Z_1,1,"[2, 6, 4, 25]",19,C0000,10,"[1, 0, 0, 0]","[0, 1, 0, 0]","[0, 1, 17, 25]","[0, 3]",26,14,6,23,"[14, 26]"
Z_1,1,"[2, 9, 21, 20]",20,C0000,11,"[1, 0, 0, 0]","[0, 1, 0, 0]","[0, 1, 17, 25]","[0, 3]",21,15,3,20,"[15, 21]"
Z_1,1,"[2, 10, 20, 22]",21,C0000,12,"[1, 0, 0, 0]","[0, 1, 0, 0]","[0, 1, 17, 25]","[0, 3]",17,25,11,13,"[25, 17]"
Z_1,1,"[2, 28, 23, 20]",22,C0000,13,"[1, 0, 0, 0]","[0, 1, 0, 0]","[0, 1, 17, 25]","[0, 3]",15,25,29,24,"[25, 15]"
Z_1,1,"[2, 29, 22, 22]",23,C0000,14,"[1, 0, 0, 0]","[0, 1, 0, 0]","[0, 1, 17, 25]","[0, 3]",29,4,15,30,"[4, 29]"
Z_1,1,"[2, 33, 25, 22]",24,C0000,15,"[1, 0, 0, 0]","[0, 1, 0, 0]","[0, 1, 17, 25]","[0, 3]",17,5,11,15,"[5, 17]"
Z_1,1,"[2, 34, 24, 20]",25,C0000,16,"[1, 0, 0, 0]","[0, 1, 0, 0]","[0, 1, 17, 25]","[0, 3]",29,28,15,24,"[28, 29]"
Z_1,1,"[2, 35, 11, 25]",26,C0000,17,"[1, 0, 0, 0]","[0, 1, 0, 0]","[0, 1, 17, 25]","[0, 3]",15,29,29,8,"[29, 15]"
Z_1,1,"[7, 5, 11, 21]",27,C0000,18,"[1, 0, 0, 0]","[0, 1, 0, 0]","[0, 1, 17, 25]","[0, 3]",22,12,24,1,"[12, 22]"
Z_1,1,"[7, 6, 3, 21]",28,C0000,19,"[1, 0, 0, 0]","[0, 1, 0, 0]","[0, 1, 17, 25]","[0, 3]",11,13,17,25,"[13, 11]"
Z_1,1,"[7, 9, 23, 24]",29,C0000,20,"[1, 0, 0, 0]","[0, 1, 0, 0]","[0, 1, 17, 25]","[0, 3]",15,12,29,14,"[12, 15]"
Z_1,1,"[7, 10, 25, 23]",30,C0000,21,"[1, 0, 0, 0]","[0, 1, 0, 0]","[0, 1, 17, 25]","[0, 3]",13,6,12,4,"[6, 13]"
Z_1,1,"[7, 28, 24, 24]",31,C0000,22,"[1, 0, 0, 0]","[0, 1, 0, 0]","[0, 1, 17, 25]","[0, 3]",30,25,30,6,"[25, 30]"
Z_1,1,"[7, 29, 20, 23]",32,C0000,23,"[1, 0, 0, 0]","[0, 1, 0, 0]","[0, 1, 17, 25]","[0, 3]",22,14,24,27,"[14, 22]"
Z_1,1,"[7, 33, 22, 23]",33,C0000,24,"[1, 0, 0, 0]","[0, 1, 0, 0]","[0, 1, 17, 25]","[0, 3]",24,1,22,12,"[1, 24]"
Z_1,1,"[7, 34, 21, 24]",34,C0000,25,"[1, 0, 0, 0]","[0, 1, 0, 0]","[0, 1, 17, 25]","[0, 3]",26,20,6,24,"[20, 26]"
Z_1,1,"[7, 35, 4, 21]",35,C0000,26,"[1, 0, 0, 0]","[0, 1, 0, 0]","[0, 1, 17, 25]","[0, 3]",6,7,26,11,"[7, 6]"
Z_1,1,"[8, 5, 4, 4]",36,C0000,27,"[1, 0, 0, 0]","[0, 1, 0, 0]","[0, 1, 17, 25]","[0, 3]",21,2,3,13,"[2, 21]"
Z_1,1,"[8, 6, 11, 4]",37,C0000,28,"[1, 0, 0, 0]","[0, 1, 0, 0]","[0, 1, 17, 25]","[0, 3]",27,27,23,8,"[27, 27]"
Z_1,1,"[8, 9, 24, 11]",38,C0000,29,"[1, 0, 0, 0]","[0, 1, 0, 0]","[0, 1, 17, 25]","[0, 3]",24,28,22,26,"[28, 24]"
Z_1,1,"[8, 10, 22, 3]",39,C0000,30,"[1, 0, 0, 0]","[0, 1, 0, 0]","[0, 1, 17, 25]","[0, 3]",21,28,3,27,"[28, 21]"
Z_1,1,"[8, 28, 21, 11]",40,C0000,31,"[1, 0, 0, 0]","[0, 1, 0, 0]","[0, 1, 17, 25]","[0, 3]",29,9,15,21,"[9, 29]"
Z_1,1,"[8, 29, 25, 3]",41,C0000,32,"[1, 0, 0, 0]","[0, 1, 0, 0]","[0, 1, 17, 25]","[0, 3]",27,1,23,29,"[1, 27]"
Z_1,1,"[8, 33, 20, 3]",42,C0000,33,"[1, 0, 0, 0]","[0, 1, 0, 0]","[0, 1, 17, 25]","[0, 3]",27,23,23,16,"[23, 27]"
Z_1,1,"[8, 34, 23, 11]",43,C0000,34,"[1, 0, 0, 0]","[0, 1, 0, 0]","[0, 1, 17, 25]","[0, 3]",6,28,26,13,"[28, 6]"
Z_1,1,"[8, 35, 3, 4]",44,C0000,35,"[1, 0, 0, 0]","[0, 1, 0, 0]","[0, 1, 17, 25]","[0, 3]",15,24,29,28,"[24, 15]"
Z_1,1,"[14, 5, 11, 24]",45,C0000,36,"[1, 0, 0, 0]","[0, 1, 0, 0]","[0, 1, 17, 25]","[0, 3]",26,14,6,23,"[14, 26]"
Z_1,1,"[14, 6, 3, 24]",46,C0000,37,"[1, 0, 0, 0]","[0, 1, 0, 0]","[0, 1, 17, 25]","[0, 3]",13,4,12,13,"[4, 13]"
Z_1,1,"[14, 9, 23, 23]",47,C0000,38,"[1, 0, 0, 0]","[0, 1, 0, 0]","[0, 1, 17, 25]","[0, 3]",13,17,12,1,"[17, 13]"
Z_1,1,"[14, 10, 25, 21]",48,C0000,39,"[1, 0, 0, 0]","[0, 1, 0, 0]","[0, 1, 17, 25]","[0, 3]",27,25,23,12,"[25, 27]"
Z_1,1,"[14, 28, 24, 23]",49,C0000,40,"[1, 0, 0, 0]","[0, 1, 0, 0]","[0, 1, 17, 25]","[0, 3]",26,8,6,22,"[8, 26]"
Z_1,1,"[14, 29, 20, 21]",50,C0000,41,"[1, 0, 0, 0]","[0, 1, 0, 0]","[0, 1, 17, 25]","[0, 3]",29,27,15,1,"[27, 29]"
Z_1,1,"[14, 33, 22, 21]",51,C0000,42,"[1, 0, 0, 0]","[0, 1, 0, 0]","[0, 1, 17, 25]","[0, 3]",26,10,6,12,"[10, 26]"
Z_1,1,"[14, 34, 21, 23]",52,C0000,43,"[1, 0, 0, 0]","[0, 1, 0, 0]","[0, 1, 17, 25]","[0, 3]",6,11,26,4,"[11, 6]"
Z_1,1,"[14, 35, 4, 24]",53,C0000,44,"[1, 0, 0, 0]","[0, 1, 0, 0]","[0, 1, 17, 25]","[0, 3]",24,30,22,19,"[30, 24]"
Z_1,1,"[15, 5, 4, 3]",54,C0000,45,"[1, 0, 0, 0]","[0, 1, 0, 0]","[0, 1, 17, 25]","[0, 3]",12,20,13,30,"[20, 12]"
Z_1,1,"[15, 6, 11, 3]",55,C0000,46,"[1, 0, 0, 0]","[0, 1, 0, 0]","[0, 1, 17, 25]","[0, 3]",11,15,17,5,"[15, 11]"
Z_1,1,"[15, 9, 24, 4]",56,C0000,47,"[1, 0, 0, 0]","[0, 1, 0, 0]","[0, 1, 17, 25]","[0, 3]",12,9,13,29,"[9, 12]"
Z_1,1,"[15, 10, 22, 11]",57,C0000,48,"[1, 0, 0, 0]","[0, 1, 0, 0]","[0, 1, 17, 25]","[0, 3]",27,17,23,28,"[17, 27]"
Z_1,1,"[15, 28, 21, 4]",58,C0000,49,"[1, 0, 0, 0]","[0, 1, 0, 0]","[0, 1, 17, 25]","[0, 3]",30,23,30,8,"[23, 30]"
Z_1,1,"[15, 29, 25, 11]",59,C0000,50,"[1, 0, 0, 0]","[0, 1, 0, 0]","[0, 1, 17, 25]","[0, 3]",17,30,11,28,"[30, 17]"
Z_1,1,"[15, 33, 20, 11]",60,C0000,51,"[1, 0, 0, 0]","[0, 1, 0, 0]","[0, 1, 17, 25]","[0, 3]",17,14,11,11,"[14, 17]"
Z_1,1,"[15, 34, 23, 4]",61,C0000,52,"[1, 0, 0, 0]","[0, 1, 0, 0]","[0, 1, 17, 25]","[0, 3]",3,5,21,27,"[5, 3]"
Z_1,1,"[15, 35, 3, 3]",62,C0000,53,"[1, 0, 0, 0]","[0, 1, 0, 0]","[0, 1, 17, 25]","[0, 3]",13,12,12,8,"[12, 13]"
Z_1,1,"[16, 5, 11, 23]",63,C0000,54,"[1, 0, 0, 0]","[0, 1, 0, 0]","[0, 1, 17, 25]","[0, 3]",6,12,26,10,"[12, 6]"
Z_1,1,"[16, 6, 3, 23]",64,C0000,55,"[1, 0, 0, 0]","[0, 1, 0, 0]","[0, 1, 17, 25]","[0, 3]",3,22,21,1,"[22, 3]"
Z_1,1,"[16, 9, 23, 21]",65,C0000,56,"[1, 0, 0, 0]","[0, 1, 0, 0]","[0, 1, 17, 25]","[0, 3]",27,24,23,14,"[24, 27]"
Z_1,1,"[16, 10, 25, 24]",66,C0000,57,"[1, 0, 0, 0]","[0, 1, 0, 0]","[0, 1, 17, 25]","[0, 3]",15,16,29,29,"[16, 15]"
Z_1,1,"[16, 28, 24, 21]",67,C0000,58,"[1, 0, 0, 0]","[0, 1, 0, 0]","[0, 1, 17, 25]","[0, 3]",23,25,27,3,"[25, 23]"
Z_1,1,"[16, 29, 20, 24]",68,C0000,59,"[1, 0, 0, 0]","[0, 1, 0, 0]","[0, 1, 17, 25]","[0, 3]",23,4,27,29,"[4, 23]"
Z_1,1,"[16, 33, 22, 24]",69,C0000,60,"[1, 0, 0, 0]","[0, 1, 0, 0]","[0, 1, 17, 25]","[0, 3]",11,28,17,30,"[28, 11]"
Z_1,1,"[16, 34, 21, 21]",70,C0000,61,"[1, 0, 0, 0]","[0, 1, 0, 0]","[0, 1, 17, 25]","[0, 3]",22,29,24,5,"[29, 22]"
Z_1,1,"[16, 35, 4, 23]",71,C0000,62,"[1, 0, 0, 0]","[0, 1, 0, 0]","[0, 1, 17, 25]","[0, 3]",27,13,23,5,"[13, 27]"
Z_1,1,"[17, 5, 4, 11]",72,C0000,63,"[1, 0, 0, 0]","[0, 1, 0, 0]","[0, 1, 17, 25]","[0, 3]",11,6,17,2,"[6, 11]"
Z_1,1,"[17, 6, 11, 11]",73,C0000,64,"[1, 0, 0, 0]","[0, 1, 0, 0]","[0, 1, 17, 25]","[0, 3]",23,30,27,16,"[30, 23]"
Z_1,1,"[17, 9, 24, 3]",74,C0000,65,"[1, 0, 0, 0]","[0, 1, 0, 0]","[0, 1, 17, 25]","[0, 3]",29,2,15,15,"[2, 29]"
Z_1,1,"[17, 10, 22, 4]",75,C0000,66,"[1, 0, 0, 0]","[0, 1, 0, 0]","[0, 1, 17, 25]","[0, 3]",29,30,15,8,"[30, 29]"
Z_1,1,"[17, 28, 21, 3]",76,C0000,67,"[1, 0, 0, 0]","[0, 1, 0, 0]","[0, 1, 17, 25]","[0, 3]",26,23,6,9,"[23, 26]"
Z_1,1,"[17, 29, 25, 4]",77,C0000,68,"[1, 0, 0, 0]","[0, 1, 0, 0]","[0, 1, 17, 25]","[0, 3]",24,5,22,29,"[5, 24]"
Z_1,1,"[17, 33, 20, 4]",78,C0000,69,"[1, 0, 0, 0]","[0, 1, 0, 0]","[0, 1, 17, 25]","[0, 3]",24,28,22,26,"[28, 24]"
Z_1,1,"[17, 34, 23, 3]",79,C0000,70,"[1, 0, 0, 0]","[0, 1, 0, 0]","[0, 1, 17, 25]","[0, 3]",15,22,29,5,"[22, 15]"
Z_1,1,"[17, 35, 3, 11]",80,C0000,71,"[1, 0, 0, 0]","[0, 1, 0, 0]","[0, 1, 17, 25]","[0, 3]",30,14,30,17,"[14, 30]"
Z_2,2,"[0, 0, 9, 15]",0,C1100,0,"[15, 26, 7, 9]","[23, 3, 2, 29]","[1, 1, 3, 0]","[1, 4]",28,17,10,5,"[17, 28]"
Z_2,2,"[0, 1, 5, 15]",1,C1000,0,"[15, 26, 7, 9]","[23, 3, 2, 29]","[1, 1, 3, 0]","[1, 4]",18,29,19,9,"[29, 18]"
Z_2,2,"[0, 2, 33, 15]",2,C1000,1,"[15, 26, 7, 9]","[23, 3, 2, 29]","[1, 1, 3, 0]","[1, 4]",18,27,19,18,"[27, 18]"
Z_2,2,"[0, 7, 35, 1]",3,C1000,2,"[15, 26, 7, 9]","[23, 3, 2, 29]","[1, 1, 3, 0]","[1, 4]",4,0,8,0,"[0, 4]"
Z_2,2,"[0, 8, 10, 16]",4,C1000,3,"[15, 26, 7, 9]","[23, 3, 2, 29]","[1, 1, 3, 0]","[1, 4]",5,15,25,18,"[15, 5]"
Z_2,2,"[0, 14, 28, 1]",5,C1000,4,"[15, 26, 7, 9]","[23, 3, 2, 29]","[1, 1, 3, 0]","[1, 4]",20,2,14,11,"[2, 20]"
Z_2,2,"[0, 15, 34, 16]",6,C1000,5,"[15, 26, 7, 9]","[23, 3, 2, 29]","[1, 1, 3, 0]","[1, 4]",14,9,20,27,"[9, 14]"
Z_2,2,"[0, 16, 29, 1]",7,C1000,6,"[15, 26, 7, 9]","[23, 3, 2, 29]","[1, 1, 3, 0]","[1, 4]",4,22,8,18,"[22, 4]"
Z_2,2,"[0, 17, 6, 16]",8,C1000,7,"[15, 26, 7, 9]","[23, 3, 2, 29]","[1, 1, 3, 0]","[1, 4]",9,2,7,26,"[2, 9]"
Z_2,2,"[1, 0, 9, 1]",9,C0100,0,"[15, 26, 7, 9]","[23, 3, 2, 29]","[1, 1, 3, 0]","[1, 4]",20,21,14,7,"[21, 20]"
Z_2,2,"[1, 1, 5, 1]",10,C0000,0,"[15, 26, 7, 9]","[23, 3, 2, 29]","[1, 1, 3, 0]","[1, 4]",4,3,8,25,"[3, 4]"
Z_2,2,"[1, 2, 33, 1]",11,C0000,1,"[15, 26, 7, 9]","[23, 3, 2, 29]","[1, 1, 3, 0]","[1, 4]",4,6,8,19,"[6, 4]"
Z_2,2,"[1, 7, 35, 16]",12,C0000,2,"[15, 26, 7, 9]","[23, 3, 2, 29]","[1, 1, 3, 0]","[1, 4]",8,0,4,0,"[0, 8]"
Z_2,2,"[1, 8, 10, 15]",13,C0000,3,"[15, 26, 7, 9]","[23, 3, 2, 29]","[1, 1, 3, 0]","[1, 4]",7,21,9,4,"[21, 7]"
Z_2,2,"[1, 14, 28, 16]",14,C0000,4,"[15, 26, 7, 9]","[23, 3, 2, 29]","[1, 1, 3, 0]","[1, 4]",9,4,7,21,"[4, 9]"
Z_2,2,"[1, 15, 34, 15]",15,C0000,5,"[15, 26, 7, 9]","[23, 3, 2, 29]","[1, 1, 3, 0]","[1, 4]",1,25,1,6,"[25, 1]"
Z_2,2,"[1, 16, 29, 16]",16,C0000,6,"[15, 26, 7, 9]","[23, 3, 2, 29]","[1, 1, 3, 0]","[1, 4]",8,13,4,9,"[13, 8]"
Z_2,2,"[1, 17, 6, 15]",17,C0000,7,"[15, 26, 7, 9]","[23, 3, 2, 29]","[1, 1, 3, 0]","[1, 4]",25,9,5,23,"[9, 25]"
Z_2,2,"[2, 0, 9, 16]",18,C0100,9,"[15, 26, 7, 9]","[23, 3, 2, 29]","[1, 1, 3, 0]","[1, 4]",10,26,28,14,"[26, 10]"
Z_2,2,"[2, 1, 5, 16]",19,C0000,8,"[15, 26, 7, 9]","[23, 3, 2, 29]","[1, 1, 3, 0]","[1, 4]",2,17,16,19,"[17, 2]"
Z_2,2,"[2, 2, 33, 16]",20,C0000,9,"[15, 26, 7, 9]","[23, 3, 2, 29]","[1, 1, 3, 0]","[1, 4]",2,3,16,7,"[3, 2]"
Z_2,2,"[2, 7, 35, 15]",21,C0000,10,"[15, 26, 7, 9]","[23, 3, 2, 29]","[1, 1, 3, 0]","[1, 4]",9,0,7,0,"[0, 9]"
Z_2,2,"[2, 8, 10, 1]",22,C0000,11,"[15, 26, 7, 9]","[23, 3, 2, 29]","[1, 1, 3, 0]","[1, 4]",9,27,7,10,"[27, 9]"
Z_2,2,"[2, 14, 28, 15]",23,C0000,12,"[15, 26, 7, 9]","[23, 3, 2, 29]","[1, 1, 3, 0]","[1, 4]",14,20,20,29,"[20, 14]"
Z_2,2,"[2, 15, 34, 1]",24,C0000,13,"[15, 26, 7, 9]","[23, 3, 2, 29]","[1, 1, 3, 0]","[1, 4]",19,10,18,15,"[10, 19]"
Z_2,2,"[2, 16, 29, 15]",25,C0000,14,"[15, 26, 7, 9]","[23, 3, 2, 29]","[1, 1, 3, 0]","[1, 4]",9,3,7,8,"[3, 9]"
Z_2,2,"[2, 17, 6, 1]",26,C0000,15,"[15, 26, 7, 9]","[23, 3, 2, 29]","[1, 1, 3, 0]","[1, 4]",10,16,28,11,"[16, 10]"
Z_2,2,"[7, 0, 5, 17]",27,C0100,18,"[15, 26, 7, 9]","[23, 3, 2, 29]","[1, 1, 3, 0]","[1, 4]",8,20,4,21,"[20, 8]"
Z_2,2,"[7, 1, 33, 17]",28,C0000,16,"[15, 26, 7, 9]","[23, 3, 2, 29]","[1, 1, 3, 0]","[1, 4]",1,11,1,20,"[11, 1]"
Z_2,2,"[7, 2, 9, 17]",29,C0000,17,"[15, 26, 7, 9]","[23, 3, 2, 29]","[1, 1, 3, 0]","[1, 4]",20,25,14,29,"[25, 20]"
Z_2,2,"[7, 7, 29, 2]",30,C0000,18,"[15, 26, 7, 9]","[23, 3, 2, 29]","[1, 1, 3, 0]","[1, 4]",14,25,20,13,"[25, 14]"
Z_2,2,"[7, 8, 34, 14]",31,C0000,19,"[15, 26, 7, 9]","[23, 3, 2, 29]","[1, 1, 3, 0]","[1, 4]",18,3,19,2,"[3, 18]"
Z_2,2,"[7, 14, 35, 2]",32,C0000,20,"[15, 26, 7, 9]","[23, 3, 2, 29]","[1, 1, 3, 0]","[1, 4]",14,14,20,11,"[14, 14]"
Z_2,2,"[7, 15, 6, 14]",33,C0000,21,"[15, 26, 7, 9]","[23, 3, 2, 29]","[1, 1, 3, 0]","[1, 4]",16,6,2,7,"[6, 16]"
Z_2,2,"[7, 16, 28, 2]",34,C0000,22,"[15, 26, 7, 9]","[23, 3, 2, 29]","[1, 1, 3, 0]","[1, 4]",8,22,4,20,"[22, 8]"
Z_2,2,"[7, 17, 10, 14]",35,C0000,23,"[15, 26, 7, 9]","[23, 3, 2, 29]","[1, 1, 3, 0]","[1, 4]",2,3,16,7,"[3, 2]"
Z_2,2,"[8, 0, 33, 8]",36,C0100,27,"[15, 26, 7, 9]","[23, 3, 2, 29]","[1, 1, 3, 0]","[1, 4]",8,29,4,1,"[29, 8]"
Z_2,2,"[8, 1, 9, 8]",37,C0000,24,"[15, 26, 7, 9]","[23, 3, 2, 29]","[1, 1, 3, 0]","[1, 4]",20,17,14,16,"[17, 20]"
Z_2,2,"[8, 2, 5, 8]",38,C0000,25,"[15, 26, 7, 9]","[23, 3, 2, 29]","[1, 1, 3, 0]","[1, 4]",1,30,1,1,"[30, 1]"
Z_2,2,"[8, 7, 28, 0]",39,C0001,26,"[15, 26, 7, 9]","[23, 3, 2, 29]","[1, 1, 3, 0]","[1, 4]",2,23,16,2,"[23, 2]"
Z_2,2,"[8, 8, 6, 7]",40,C0000,26,"[15, 26, 7, 9]","[23, 3, 2, 29]","[1, 1, 3, 0]","[1, 4]",16,0,2,0,"[0, 16]"
Z_2,2,"[8, 14, 29, 0]",41,C0001,28,"[15, 26, 7, 9]","[23, 3, 2, 29]","[1, 1, 3, 0]","[1, 4]",19,3,18,20,"[3, 19]"
Z_2,2,"[8, 15, 10, 7]",42,C0000,27,"[15, 26, 7, 9]","[23, 3, 2, 29]","[1, 1, 3, 0]","[1, 4]",2,4,16,30,"[4, 2]"
Z_2,2,"[8, 16, 35, 0]",43,C0001,30,"[15, 26, 7, 9]","[23, 3, 2, 29]","[1, 1, 3, 0]","[1, 4]",19,13,18,4,"[13, 19]"
Z_2,2,"[8, 17, 34, 7]",44,C0000,28,"[15, 26, 7, 9]","[23, 3, 2, 29]","[1, 1, 3, 0]","[1, 4]",18,21,19,14,"[21, 18]"
Z_2,2,"[14, 0, 5, 14]",45,C0100,33,"[15, 26, 7, 9]","[23, 3, 2, 29]","[1, 1, 3, 0]","[1, 4]",14,9,20,27,"[9, 14]"
Z_2,2,"[14, 1, 33, 14]",46,C0000,29,"[15, 26, 7, 9]","[23, 3, 2, 29]","[1, 1, 3, 0]","[1, 4]",25,16,5,3,"[16, 25]"
Z_2,2,"[14, 2, 9, 14]",47,C0000,30,"[15, 26, 7, 9]","[23, 3, 2, 29]","[1, 1, 3, 0]","[1, 4]",4,2,8,27,"[2, 4]"
Z_2,2,"[14, 7, 29, 17]",48,C0000,31,"[15, 26, 7, 9]","[23, 3, 2, 29]","[1, 1, 3, 0]","[1, 4]",4,13,8,5,"[13, 4]"
Z_2,2,"[14, 8, 34, 2]",49,C0000,32,"[15, 26, 7, 9]","[23, 3, 2, 29]","[1, 1, 3, 0]","[1, 4]",5,10,25,12,"[10, 5]"
Z_2,2,"[14, 14, 35, 17]",50,C0000,33,"[15, 26, 7, 9]","[23, 3, 2, 29]","[1, 1, 3, 0]","[1, 4]",4,1,8,29,"[1, 4]"
Z_2,2,"[14, 15, 6, 2]",51,C0000,34,"[15, 26, 7, 9]","[23, 3, 2, 29]","[1, 1, 3, 0]","[1, 4]",1,19,1,12,"[19, 1]"
Z_2,2,"[14, 16, 28, 17]",52,C0000,35,"[15, 26, 7, 9]","[23, 3, 2, 29]","[1, 1, 3, 0]","[1, 4]",20,9,14,3,"[9, 20]"
Z_2,2,"[14, 17, 10, 2]",53,C0000,36,"[15, 26, 7, 9]","[23, 3, 2, 29]","[1, 1, 3, 0]","[1, 4]",4,3,8,25,"[3, 4]"
Z_2,2,"[15, 0, 33, 0]",54,C0101,45,"[15, 26, 7, 9]","[23, 3, 2, 29]","[1, 1, 3, 0]","[1, 4]",7,19,9,11,"[19, 7]"
Z_2,2,"[15, 1, 9, 0]",55,C0001,40,"[15, 26, 7, 9]","[23, 3, 2, 29]","[1, 1, 3, 0]","[1, 4]",2,28,16,24,"[28, 2]"
Z_2,2,"[15, 2, 5, 0]",56,C0001,41,"[15, 26, 7, 9]","[23, 3, 2, 29]","[1, 1, 3, 0]","[1, 4]",28,24,10,18,"[24, 28]"
Z_2,2,"[15, 7, 28, 7]",57,C0000,37,"[15, 26, 7, 9]","[23, 3, 2, 29]","[1, 1, 3, 0]","[1, 4]",4,18,8,26,"[18, 4]"
Z_2,2,"[15, 8, 6, 8]",58,C0000,38,"[15, 26, 7, 9]","[23, 3, 2, 29]","[1, 1, 3, 0]","[1, 4]",18,29,19,9,"[29, 18]"
Z_2,2,"[15, 14, 29, 7]",59,C0000,39,"[15, 26, 7, 9]","[23, 3, 2, 29]","[1, 1, 3, 0]","[1, 4]",7,19,9,11,"[19, 7]"
Z_2,2,"[15, 15, 10, 8]",60,C0000,40,"[15, 26, 7, 9]","[23, 3, 2, 29]","[1, 1, 3, 0]","[1, 4]",10,12,28,16,"[12, 10]"
Z_2,2,"[15, 16, 35, 7]",61,C0000,41,"[15, 26, 7, 9]","[23, 3, 2, 29]","[1, 1, 3, 0]","[1, 4]",7,8,9,3,"[8, 7]"
Z_2,2,"[15, 17, 34, 8]",62,C0000,42,"[15, 26, 7, 9]","[23, 3, 2, 29]","[1, 1, 3, 0]","[1, 4]",28,2,10,17,"[2, 28]"
Z_2,2,"[16, 0, 5, 2]",63,C0100,48,"[15, 26, 7, 9]","[23, 3, 2, 29]","[1, 1, 3, 0]","[1, 4]",28,6,10,20,"[6, 28]"
Z_2,2,"[16, 1, 33, 2]",64,C0000,43,"[15, 26, 7, 9]","[23, 3, 2, 29]","[1, 1, 3, 0]","[1, 4]",19,15,18,7,"[15, 19]"
Z_2,2,"[16, 2, 9, 2]",65,C0000,44,"[15, 26, 7, 9]","[23, 3, 2, 29]","[1, 1, 3, 0]","[1, 4]",8,5,4,13,"[5, 8]"
Z_2,2,"[16, 7, 29, 14]",66,C0000,45,"[15, 26, 7, 9]","[23, 3, 2, 29]","[1, 1, 3, 0]","[1, 4]",7,12,9,20,"[12, 7]"
Z_2,2,"[16, 8, 34, 17]",67,C0000,46,"[15, 26, 7, 9]","[23, 3, 2, 29]","[1, 1, 3, 0]","[1, 4]",28,13,10,2,"[13, 28]"
Z_2,2,"[16, 14, 35, 14]",68,C0000,47,"[15, 26, 7, 9]","[23, 3, 2, 29]","[1, 1, 3, 0]","[1, 4]",7,22,9,16,"[22, 7]"
Z_2,2,"[16, 15, 6, 17]",69,C0000,48,"[15, 26, 7, 9]","[23, 3, 2, 29]","[1, 1, 3, 0]","[1, 4]",18,11,19,28,"[11, 18]"
Z_2,2,"[16, 16, 28, 14]",70,C0000,49,"[15, 26, 7, 9]","[23, 3, 2, 29]","[1, 1, 3, 0]","[1, 4]",4,24,8,14,"[24, 4]"
Z_2,2,"[16, 17, 10, 17]",71,C0000,50,"[15, 26, 7, 9]","[23, 3, 2, 29]","[1, 1, 3, 0]","[1, 4]",10,1,28,22,"[1, 10]"
Z_2,2,"[17, 0, 33, 7]",72,C0100,57,"[15, 26, 7, 9]","[23, 3, 2, 29]","[1, 1, 3, 0]","[1, 4]",14,13,20,8,"[13, 14]"
Z_2,2,"[17, 1, 9, 7]",73,C0000,51,"[15, 26, 7, 9]","[23, 3, 2, 29]","[1, 1, 3, 0]","[1, 4]",4,9,8,13,"[9, 4]"
Z_2,2,"[17, 2, 5, 7]",74,C0000,52,"[15, 26, 7, 9]","[23, 3, 2, 29]","[1, 1, 3, 0]","[1, 4]",25,10,5,29,"[10, 25]"
Z_2,2,"[17, 7, 28, 8]",75,C0000,53,"[15, 26, 7, 9]","[23, 3, 2, 29]","[1, 1, 3, 0]","[1, 4]",20,10,14,24,"[10, 20]"
Z_2,2,"[17, 8, 6, 0]",76,C0001,59,"[15, 26, 7, 9]","[23, 3, 2, 29]","[1, 1, 3, 0]","[1, 4]",8,5,4,13,"[5, 8]"
Z_2,2,"[17, 14, 29, 8]",77,C0000,54,"[15, 26, 7, 9]","[23, 3, 2, 29]","[1, 1, 3, 0]","[1, 4]",4,17,8,28,"[17, 4]"
Z_2,2,"[17, 15, 10, 0]",78,C0001,61,"[15, 26, 7, 9]","[23, 3, 2, 29]","[1, 1, 3, 0]","[1, 4]",1,22,1,9,"[22, 1]"
Z_2,2,"[17, 16, 35, 8]",79,C0000,55,"[15, 26, 7, 9]","[23, 3, 2, 29]","[1, 1, 3, 0]","[1, 4]",4,24,8,14,"[24, 4]"
Z_2,2,"[17, 17, 34, 0]",80,C0001,63,"[15, 26, 7, 9]","[23, 3, 2, 29]","[1, 1, 3, 0]","[1, 4]",9,20,7,12,"[20, 9]"
Z_3,3,"[3, 0, 0, 28]",0,C0110,0,"[1, 0, 0, 0]","[0, 0, 1, 0]","[0, 0, 1, 0]","[2, 5]",25,18,5,15,"[18, 25]"
Z_3,3,"[3, 1, 7, 28]",1,C0000,0,"[1, 0, 0, 0]","[0, 0, 1, 0]","[0, 0, 1, 0]","[2, 5]",8,21,4,5,"[21, 8]"
Z_3,3,"[3, 2, 8, 28]",2,C0000,1,"[1, 0, 0, 0]","[0, 0, 1, 0]","[0, 0, 1, 0]","[2, 5]",14,11,20,2,"[11, 14]"
Z_3,3,"[3, 7, 16, 35]",3,C0000,2,"[1, 0, 0, 0]","[0, 0, 1, 0]","[0, 0, 1, 0]","[2, 5]",4,8,8,15,"[8, 4]"
Z_3,3,"[3, 8, 17, 29]",4,C0000,3,"[1, 0, 0, 0]","[0, 0, 1, 0]","[0, 0, 1, 0]","[2, 5]",20,26,14,19,"[26, 20]"
Z_3,3,"[3, 14, 1, 35]",5,C0000,4,"[1, 0, 0, 0]","[0, 0, 1, 0]","[0, 0, 1, 0]","[2, 5]",14,20,20,29,"[20, 14]"
Z_3,3,"[3, 15, 2, 29]",6,C0000,5,"[1, 0, 0, 0]","[0, 0, 1, 0]","[0, 0, 1, 0]","[2, 5]",9,4,7,21,"[4, 9]"
Z_3,3,"[3, 16, 15, 35]",7,C0000,6,"[1, 0, 0, 0]","[0, 0, 1, 0]","[0, 0, 1, 0]","[2, 5]",7,3,9,5,"[3, 7]"
Z_3,3,"[3, 17, 14, 29]",8,C0000,7,"[1, 0, 0, 0]","[0, 0, 1, 0]","[0, 0, 1, 0]","[2, 5]",7,17,9,18,"[17, 7]"
Z_3,3,"[4, 0, 8, 9]",9,C0100,8,"[1, 0, 0, 0]","[0, 0, 1, 0]","[0, 0, 1, 0]","[2, 5]",5,15,25,18,"[15, 5]"
Z_3,3,"[4, 1, 0, 9]",10,C0010,8,"[1, 0, 0, 0]","[0, 0, 1, 0]","[0, 0, 1, 0]","[2, 5]",10,1,28,22,"[1, 10]"
Z_3,3,"[4, 2, 7, 9]",11,C0000,8,"[1, 0, 0, 0]","[0, 0, 1, 0]","[0, 0, 1, 0]","[2, 5]",7,30,9,19,"[30, 7]"
Z_3,3,"[4, 7, 1, 5]",12,C0000,9,"[1, 0, 0, 0]","[0, 0, 1, 0]","[0, 0, 1, 0]","[2, 5]",5,16,25,13,"[16, 5]"
Z_3,3,"[4, 8, 14, 33]",13,C0000,10,"[1, 0, 0, 0]","[0, 0, 1, 0]","[0, 0, 1, 0]","[2, 5]",18,26,19,7,"[26, 18]"
Z_3,3,"[4, 14, 15, 5]",14,C0000,11,"[1, 0, 0, 0]","[0, 0, 1, 0]","[0, 0, 1, 0]","[2, 5]",18,21,19,14,"[21, 18]"
Z_3,3,"[4, 15, 17, 33]",15,C0000,12,"[1, 0, 0, 0]","[0, 0, 1, 0]","[0, 0, 1, 0]","[2, 5]",16,27,2,16,"[27, 16]"
Z_3,3,"[4, 16, 16, 5]",16,C0000,13,"[1, 0, 0, 0]","[0, 0, 1, 0]","[0, 0, 1, 0]","[2, 5]",28,25,10,11,"[25, 28]"
Z_3,3,"[4, 17, 2, 33]",17,C0000,14,"[1, 0, 0, 0]","[0, 0, 1, 0]","[0, 0, 1, 0]","[2, 5]",1,28,1,3,"[28, 1]"
Z_3,3,"[11, 0, 7, 34]",18,C0100,16,"[1, 0, 0, 0]","[0, 0, 1, 0]","[0, 0, 1, 0]","[2, 5]",28,27,10,28,"[27, 28]"
Z_3,3,"[11, 1, 8, 34]",19,C0000,15,"[1, 0, 0, 0]","[0, 0, 1, 0]","[0, 0, 1, 0]","[2, 5]",10,30,28,9,"[30, 10]"
Z_3,3,"[11, 2, 0, 34]",20,C0010,17,"[1, 0, 0, 0]","[0, 0, 1, 0]","[0, 0, 1, 0]","[2, 5]",5,16,25,13,"[16, 5]"
Z_3,3,"[11, 7, 15, 6]",21,C0000,16,"[1, 0, 0, 0]","[0, 0, 1, 0]","[0, 0, 1, 0]","[2, 5]",5,11,25,7,"[11, 5]"
Z_3,3,"[11, 8, 2, 10]",22,C0000,17,"[1, 0, 0, 0]","[0, 0, 1, 0]","[0, 0, 1, 0]","[2, 5]",8,7,4,12,"[7, 8]"
Z_3,3,"[11, 14, 16, 6]",23,C0000,18,"[1, 0, 0, 0]","[0, 0, 1, 0]","[0, 0, 1, 0]","[2, 5]",25,19,5,21,"[19, 25]"
Z_3,3,"[11, 15, 14, 10]",24,C0000,19,"[1, 0, 0, 0]","[0, 0, 1, 0]","[0, 0, 1, 0]","[2, 5]",20,22,14,28,"[22, 20]"
Z_3,3,"[11, 16, 1, 6]",25,C0000,20,"[1, 0, 0, 0]","[0, 0, 1, 0]","[0, 0, 1, 0]","[2, 5]",10,1,28,22,"[1, 10]"
Z_3,3,"[11, 17, 17, 10]",26,C0000,21,"[1, 0, 0, 0]","[0, 0, 1, 0]","[0, 0, 1, 0]","[2, 5]",4,30,8,2,"[30, 4]"
Z_3,3,"[20, 0, 0, 35]",27,C0110,27,"[1, 0, 0, 0]","[0, 0, 1, 0]","[0, 0, 1, 0]","[2, 5]",10,1,28,22,"[1, 10]"
Z_3,3,"[20, 1, 7, 35]",28,C0000,22,"[1, 0, 0, 0]","[0, 0, 1, 0]","[0, 0, 1, 0]","[2, 5]",28,27,10,28,"[27, 28]"
Z_3,3,"[20, 2, 8, 35]",29,C0000,23,"[1, 0, 0, 0]","[0, 0, 1, 0]","[0, 0, 1, 0]","[2, 5]",18,23,19,5,"[23, 18]"
Z_3,3,"[20, 7, 16, 29]",30,C0000,24,"[1, 0, 0, 0]","[0, 0, 1, 0]","[0, 0, 1, 0]","[2, 5]",8,16,4,23,"[16, 8]"
Z_3,3,"[20, 8, 17, 28]",31,C0000,25,"[1, 0, 0, 0]","[0, 0, 1, 0]","[0, 0, 1, 0]","[2, 5]",14,12,20,5,"[12, 14]"
Z_3,3,"[20, 14, 1, 29]",32,C0000,26,"[1, 0, 0, 0]","[0, 0, 1, 0]","[0, 0, 1, 0]","[2, 5]",28,9,10,30,"[9, 28]"
Z_3,3,"[20, 15, 2, 28]",33,C0000,27,"[1, 0, 0, 0]","[0, 0, 1, 0]","[0, 0, 1, 0]","[2, 5]",28,9,10,30,"[9, 28]"
Z_3,3,"[20, 16, 15, 29]",34,C0000,28,"[1, 0, 0, 0]","[0, 0, 1, 0]","[0, 0, 1, 0]","[2, 5]",14,6,20,18,"[6, 14]"
Z_3,3,"[20, 17, 14, 28]",35,C0000,29,"[1, 0, 0, 0]","[0, 0, 1, 0]","[0, 0, 1, 0]","[2, 5]",8,15,4,8,"[15, 8]"
Z_3,3,"[21, 0, 8, 33]",36,C0100,32,"[1, 0, 0, 0]","[0, 0, 1, 0]","[0, 0, 1, 0]","[2, 5]",16,17,2,25,"[17, 16]"
Z_3,3,"[21, 1, 0, 33]",37,C0010,32,"[1, 0, 0, 0]","[0, 0, 1, 0]","[0, 0, 1, 0]","[2, 5]",1,28,1,3,"[28, 1]"
Z_3,3,"[21, 2, 7, 33]",38,C0000,30,"[1, 0, 0, 0]","[0, 0, 1, 0]","[0, 0, 1, 0]","[2, 5]",10,3,28,4,"[3, 10]"
Z_3,3,"[21, 7, 1, 9]",39,C0000,31,"[1, 0, 0, 0]","[0, 0, 1, 0]","[0, 0, 1, 0]","[2, 5]",14,20,20,29,"[20, 14]"
Z_3,3,"[21, 8, 14, 5]",40,C0000,32,"[1, 0, 0, 0]","[0, 0, 1, 0]","[0, 0, 1, 0]","[2, 5]",5,21,25,19,"[21, 5]"
Z_3,3,"[21, 14, 15, 9]",41,C0000,33,"[1, 0, 0, 0]","[0, 0, 1, 0]","[0, 0, 1, 0]","[2, 5]",7,3,9,5,"[3, 7]"
Z_3,3,"[21, 15, 17, 5]",42,C0000,34,"[1, 0, 0, 0]","[0, 0, 1, 0]","[0, 0, 1, 0]","[2, 5]",1,23,1,8,"[23, 1]"
Z_3,3,"[21, 16, 16, 9]",43,C0000,35,"[1, 0, 0, 0]","[0, 0, 1, 0]","[0, 0, 1, 0]","[2, 5]",4,8,8,15,"[8, 4]"
Z_3,3,"[21, 17, 2, 5]",44,C0000,36,"[1, 0, 0, 0]","[0, 0, 1, 0]","[0, 0, 1, 0]","[2, 5]",2,25,16,17,"[25, 2]"
Z_3,3,"[22, 0, 8, 5]",45,C0100,40,"[1, 0, 0, 0]","[0, 0, 1, 0]","[0, 0, 1, 0]","[2, 5]",2,6,16,14,"[6, 2]"
Z_3,3,"[22, 1, 0, 5]",46,C0010,40,"[1, 0, 0, 0]","[0, 0, 1, 0]","[0, 0, 1, 0]","[2, 5]",4,19,8,24,"[19, 4]"
Z_3,3,"[22, 2, 7, 5]",47,C0000,37,"[1, 0, 0, 0]","[0, 0, 1, 0]","[0, 0, 1, 0]","[2, 5]",9,12,7,1,"[12, 9]"
Z_3,3,"[22, 7, 1, 33]",48,C0000,38,"[1, 0, 0, 0]","[0, 0, 1, 0]","[0, 0, 1, 0]","[2, 5]",9,4,7,21,"[4, 9]"
Z_3,3,"[22, 8, 14, 9]",49,C0000,39,"[1, 0, 0, 0]","[0, 0, 1, 0]","[0, 0, 1, 0]","[2, 5]",28,6,10,20,"[6, 28]"
Z_3,3,"[22, 14, 15, 33]",50,C0000,40,"[1, 0, 0, 0]","[0, 0, 1, 0]","[0, 0, 1, 0]","[2, 5]",20,13,14,25,"[13, 20]"
Z_3,3,"[22, 15, 17, 9]",51,C0000,41,"[1, 0, 0, 0]","[0, 0, 1, 0]","[0, 0, 1, 0]","[2, 5]",18,11,19,28,"[11, 18]"
Z_3,3,"[22, 16, 16, 33]",52,C0000,42,"[1, 0, 0, 0]","[0, 0, 1, 0]","[0, 0, 1, 0]","[2, 5]",7,14,9,13,"[14, 7]"
Z_3,3,"[22, 17, 2, 9]",53,C0000,43,"[1, 0, 0, 0]","[0, 0, 1, 0]","[0, 0, 1, 0]","[2, 5]",5,16,25,13,"[16, 5]"
Z_3,3,"[23, 0, 0, 29]",54,C0110,54,"[1, 0, 0, 0]","[0, 0, 1, 0]","[0, 0, 1, 0]","[2, 5]",9,4,7,21,"[4, 9]"
Z_3,3,"[23, 1, 7, 29]",55,C0000,44,"[1, 0, 0, 0]","[0, 0, 1, 0]","[0, 0, 1, 0]","[2, 5]",19,15,18,7,"[15, 19]"
Z_3,3,"[23, 2, 8, 29]",56,C0000,45,"[1, 0, 0, 0]","[0, 0, 1, 0]","[0, 0, 1, 0]","[2, 5]",10,30,28,9,"[30, 10]"
Z_3,3,"[23, 7, 16, 28]",57,C0000,46,"[1, 0, 0, 0]","[0, 0, 1, 0]","[0, 0, 1, 0]","[2, 5]",5,10,25,12,"[10, 5]"
Z_3,3,"[23, 8, 17, 35]",58,C0000,47,"[1, 0, 0, 0]","[0, 0, 1, 0]","[0, 0, 1, 0]","[2, 5]",5,22,25,14,"[22, 5]"
Z_3,3,"[23, 14, 1, 28]",59,C0000,48,"[1, 0, 0, 0]","[0, 0, 1, 0]","[0, 0, 1, 0]","[2, 5]",2,25,16,17,"[25, 2]"
Z_3,3,"[23, 15, 2, 35]",60,C0000,49,"[1, 0, 0, 0]","[0, 0, 1, 0]","[0, 0, 1, 0]","[2, 5]",10,1,28,22,"[1, 10]"
Z_3,3,"[23, 16, 15, 28]",61,C0000,50,"[1, 0, 0, 0]","[0, 0, 1, 0]","[0, 0, 1, 0]","[2, 5]",1,27,1,4,"[27, 1]"
Z_3,3,"[23, 17, 14, 35]",62,C0000,51,"[1, 0, 0, 0]","[0, 0, 1, 0]","[0, 0, 1, 0]","[2, 5]",25,12,5,10,"[12, 25]"
Z_3,3,"[24, 0, 7, 10]",63,C0100,56,"[1, 0, 0, 0]","[0, 0, 1, 0]","[0, 0, 1, 0]","[2, 5]",9,12,7,1,"[12, 9]"
Z_3,3,"[24, 1, 8, 10]",64,C0000,52,"[1, 0, 0, 0]","[0, 0, 1, 0]","[0, 0, 1, 0]","[2, 5]",1,3,1,28,"[3, 1]"
Z_3,3,"[24, 2, 0, 10]",65,C0010,57,"[1, 0, 0, 0]","[0, 0, 1, 0]","[0, 0, 1, 0]","[2, 5]",16,14,2,6,"[14, 16]"
Z_3,3,"[24, 7, 15, 34]",66,C0000,53,"[1, 0, 0, 0]","[0, 0, 1, 0]","[0, 0, 1, 0]","[2, 5]",7,3,9,5,"[3, 7]"
Z_3,3,"[24, 8, 2, 6]",67,C0000,54,"[1, 0, 0, 0]","[0, 0, 1, 0]","[0, 0, 1, 0]","[2, 5]",8,7,4,12,"[7, 8]"
Z_3,3,"[24, 14, 16, 34]",68,C0000,55,"[1, 0, 0, 0]","[0, 0, 1, 0]","[0, 0, 1, 0]","[2, 5]",4,8,8,15,"[8, 4]"
Z_3,3,"[24, 15, 14, 6]",69,C0000,56,"[1, 0, 0, 0]","[0, 0, 1, 0]","[0, 0, 1, 0]","[2, 5]",20,22,14,28,"[22, 20]"
Z_3,3,"[24, 16, 1, 34]",70,C0000,57,"[1, 0, 0, 0]","[0, 0, 1, 0]","[0, 0, 1, 0]","[2, 5]",14,20,20,29,"[20, 14]"
Z_3,3,"[24, 17, 17, 6]",71,C0000,58,"[1, 0, 0, 0]","[0, 0, 1, 0]","[0, 0, 1, 0]","[2, 5]",4,30,8,2,"[30, 4]"
Z_3,3,"[25, 0, 7, 6]",72,C0100,64,"[1, 0, 0, 0]","[0, 0, 1, 0]","[0, 0, 1, 0]","[2, 5]",10,3,28,4,"[3, 10]"
Z_3,3,"[25, 1, 8, 6]",73,C0000,59,"[1, 0, 0, 0]","[0, 0, 1, 0]","[0, 0, 1, 0]","[2, 5]",8,24,4,19,"[24, 8]"
Z_3,3,"[25, 2, 0, 6]",74,C0010,65,"[1, 0, 0, 0]","[0, 0, 1, 0]","[0, 0, 1, 0]","[2, 5]",4,19,8,24,"[19, 4]"
Z_3,3,"[25, 7, 15, 10]",75,C0000,60,"[1, 0, 0, 0]","[0, 0, 1, 0]","[0, 0, 1, 0]","[2, 5]",18,21,19,14,"[21, 18]"
Z_3,3,"[25, 8, 2, 34]",76,C0000,61,"[1, 0, 0, 0]","[0, 0, 1, 0]","[0, 0, 1, 0]","[2, 5]",9,4,7,21,"[4, 9]"
Z_3,3,"[25, 14, 16, 10]",77,C0000,62,"[1, 0, 0, 0]","[0, 0, 1, 0]","[0, 0, 1, 0]","[2, 5]",28,25,10,11,"[25, 28]"
Z_3,3,"[25, 15, 14, 34]",78,C0000,63,"[1, 0, 0, 0]","[0, 0, 1, 0]","[0, 0, 1, 0]","[2, 5]",7,17,9,18,"[17, 7]"
Z_3,3,"[25, 16, 1, 10]",79,C0000,64,"[1, 0, 0, 0]","[0, 0, 1, 0]","[0, 0, 1, 0]","[2, 5]",5,16,25,13,"[16, 5]"
Z_3,3,"[25, 17, 17, 34]",80,C0000,65,"[1, 0, 0, 0]","[0, 0, 1, 0]","[0, 0, 1, 0]","[2, 5]",20,26,14,19,"[26, 20]"
Z_4,4,"[0, 3, 30, 18]",0,C1000,0,"[1, 0, 0, 0]","[0, 1, 0, 0]","[0, 1, 28, 25]","[3, 0]",3,14,21,26,"[14, 3]"
Z_4,4,"[0, 4, 18, 32]",1,C1000,1,"[1, 0, 0, 0]","[0, 1, 0, 0]","[0, 1, 28, 25]","[3, 0]",6,27,26,7,"[27, 6]"
Z_4,4,"[0, 11, 12, 19]",2,C1000,2,"[1, 0, 0, 0]","[0, 1, 0, 0]","[0, 1, 28, 25]","[3, 0]",17,26,11,16,"[26, 17]"
Z_4,4,"[0, 20, 13, 18]",3,C1000,3,"[1, 0, 0, 0]","[0, 1, 0, 0]","[0, 1, 28, 25]","[3, 0]",22,27,24,10,"[27, 22]"
Z_4,4,"[0, 21, 32, 32]",4,C1000,4,"[1, 0, 0, 0]","[0, 1, 0, 0]","[0, 1, 28, 25]","[3, 0]",3,19,21,22,"[19, 3]"
Z_4,4,"[0, 22, 19, 32]",5,C1000,5,"[1, 0, 0, 0]","[0, 1, 0, 0]","[0, 1, 28, 25]","[3, 0]",23,30,27,16,"[30, 23]"
Z_4,4,"[0, 23, 27, 18]",6,C1000,6,"[1, 0, 0, 0]","[0, 1, 0, 0]","[0, 1, 28, 25]","[3, 0]",22,18,24,17,"[18, 22]"
Z_4,4,"[0, 24, 26, 19]",7,C1000,7,"[1, 0, 0, 0]","[0, 1, 0, 0]","[0, 1, 28, 25]","[3, 0]",23,25,27,3,"[25, 23]"
Z_4,4,"[0, 25, 31, 19]",8,C1000,8,"[1, 0, 0, 0]","[0, 1, 0, 0]","[0, 1, 28, 25]","[3, 0]",24,24,22,9,"[24, 24]"
Z_4,4,"[1, 3, 30, 19]",9,C0000,0,"[1, 0, 0, 0]","[0, 1, 0, 0]","[0, 1, 28, 25]","[3, 0]",12,19,13,13,"[19, 12]"
Z_4,4,"[1, 4, 18, 18]",10,C0000,1,"[1, 0, 0, 0]","[0, 1, 0, 0]","[0, 1, 28, 25]","[3, 0]",13,23,12,5,"[23, 13]"
Z_4,4,"[1, 11, 12, 32]",11,C0000,2,"[1, 0, 0, 0]","[0, 1, 0, 0]","[0, 1, 28, 25]","[3, 0]",23,4,27,29,"[4, 23]"
Z_4,4,"[1, 20, 13, 19]",12,C0000,3,"[1, 0, 0, 0]","[0, 1, 0, 0]","[0, 1, 28, 25]","[3, 0]",26,2,6,21,"[2, 26]"
Z_4,4,"[1, 21, 32, 18]",13,C0000,4,"[1, 0, 0, 0]","[0, 1, 0, 0]","[0, 1, 28, 25]","[3, 0]",22,26,24,28,"[26, 22]"
Z_4,4,"[1, 22, 19, 18]",14,C0000,5,"[1, 0, 0, 0]","[0, 1, 0, 0]","[0, 1, 28, 25]","[3, 0]",24,9,22,15,"[9, 24]"
Z_4,4,"[1, 23, 27, 19]",15,C0000,6,"[1, 0, 0, 0]","[0, 1, 0, 0]","[0, 1, 28, 25]","[3, 0]",26,28,6,15,"[28, 26]"
Z_4,4,"[1, 24, 26, 32]",16,C0000,7,"[1, 0, 0, 0]","[0, 1, 0, 0]","[0, 1, 28, 25]","[3, 0]",22,22,24,7,"[22, 22]"
Z_4,4,"[1, 25, 31, 32]",17,C0000,8,"[1, 0, 0, 0]","[0, 1, 0, 0]","[0, 1, 28, 25]","[3, 0]",27,26,23,10,"[26, 27]"
Z_4,4,"[2, 3, 30, 32]",18,C0000,9,"[1, 0, 0, 0]","[0, 1, 0, 0]","[0, 1, 28, 25]","[3, 0]",15,12,29,14,"[12, 15]"
Z_4,4,"[2, 4, 18, 19]",19,C0000,10,"[1, 0, 0, 0]","[0, 1, 0, 0]","[0, 1, 28, 25]","[3, 0]",13,1,12,11,"[1, 13]"
Z_4,4,"[2, 11, 12, 18]",20,C0000,11,"[1, 0, 0, 0]","[0, 1, 0, 0]","[0, 1, 28, 25]","[3, 0]",6,14,26,22,"[14, 6]"
Z_4,4,"[2, 20, 13, 32]",21,C0000,12,"[1, 0, 0, 0]","[0, 1, 0, 0]","[0, 1, 28, 25]","[3, 0]",17,30,11,28,"[30, 17]"
Z_4,4,"[2, 21, 32, 19]",22,C0000,13,"[1, 0, 0, 0]","[0, 1, 0, 0]","[0, 1, 28, 25]","[3, 0]",22,15,24,9,"[15, 22]"
Z_4,4,"[2, 22, 19, 19]",23,C0000,14,"[1, 0, 0, 0]","[0, 1, 0, 0]","[0, 1, 28, 25]","[3, 0]",24,28,22,26,"[28, 24]"
Z_4,4,"[2, 23, 27, 32]",24,C0000,15,"[1, 0, 0, 0]","[0, 1, 0, 0]","[0, 1, 28, 25]","[3, 0]",17,16,11,17,"[16, 17]"
Z_4,4,"[2, 24, 26, 18]",25,C0000,16,"[1, 0, 0, 0]","[0, 1, 0, 0]","[0, 1, 28, 25]","[3, 0]",30,22,30,9,"[22, 30]"
Z_4,4,"[2, 25, 31, 18]",26,C0000,17,"[1, 0, 0, 0]","[0, 1, 0, 0]","[0, 1, 28, 25]","[3, 0]",3,20,21,15,"[20, 3]"
Z_4,4,"[7, 3, 13, 27]",27,C0000,18,"[1, 0, 0, 0]","[0, 1, 0, 0]","[0, 1, 28, 25]","[3, 0]",21,9,3,12,"[9, 21]"
Z_4,4,"[7, 4, 19, 13]",28,C0000,19,"[1, 0, 0, 0]","[0, 1, 0, 0]","[0, 1, 28, 25]","[3, 0]",23,20,27,21,"[20, 23]"
Z_4,4,"[7, 11, 31, 30]",29,C0000,20,"[1, 0, 0, 0]","[0, 1, 0, 0]","[0, 1, 28, 25]","[3, 0]",17,19,11,26,"[19, 17]"
Z_4,4,"[7, 20, 27, 27]",30,C0000,21,"[1, 0, 0, 0]","[0, 1, 0, 0]","[0, 1, 28, 25]","[3, 0]",26,10,6,12,"[10, 26]"
Z_4,4,"[7, 21, 18, 13]",31,C0000,22,"[1, 0, 0, 0]","[0, 1, 0, 0]","[0, 1, 28, 25]","[3, 0]",3,3,21,10,"[3, 3]"
Z_4,4,"[7, 22, 32, 13]",32,C0000,23,"[1, 0, 0, 0]","[0, 1, 0, 0]","[0, 1, 28, 25]","[3, 0]",3,27,21,28,"[27, 3]"
Z_4,4,"[7, 23, 30, 27]",33,C0000,24,"[1, 0, 0, 0]","[0, 1, 0, 0]","[0, 1, 28, 25]","[3, 0]",12,8,13,12,"[8, 12]"
Z_4,4,"[7, 24, 12, 30]",34,C0000,25,"[1, 0, 0, 0]","[0, 1, 0, 0]","[0, 1, 28, 25]","[3, 0]",17,28,11,22,"[28, 17]"
Z_4,4,"[7, 25, 26, 30]",35,C0000,26,"[1, 0, 0, 0]","[0, 1, 0, 0]","[0, 1, 28, 25]","[3, 0]",29,26,15,9,"[26, 29]"
Z_4,4,"[8, 3, 27, 31]",36,C0000,27,"[1, 0, 0, 0]","[0, 1, 0, 0]","[0, 1, 28, 25]","[3, 0]",17,28,11,22,"[28, 17]"
Z_4,4,"[8, 4, 32, 12]",37,C0000,28,"[1, 0, 0, 0]","[0, 1, 0, 0]","[0, 1, 28, 25]","[3, 0]",29,1,15,23,"[1, 29]"
Z_4,4,"[8, 11, 26, 26]",38,C0000,29,"[1, 0, 0, 0]","[0, 1, 0, 0]","[0, 1, 28, 25]","[3, 0]",26,1,6,26,"[1, 26]"
Z_4,4,"[8, 20, 30, 31]",39,C0000,30,"[1, 0, 0, 0]","[0, 1, 0, 0]","[0, 1, 28, 25]","[3, 0]",23,28,27,17,"[28, 23]"
Z_4,4,"[8, 21, 19, 12]",40,C0000,31,"[1, 0, 0, 0]","[0, 1, 0, 0]","[0, 1, 28, 25]","[3, 0]",13,7,12,15,"[7, 13]"
Z_4,4,"[8, 22, 18, 12]",41,C0000,32,"[1, 0, 0, 0]","[0, 1, 0, 0]","[0, 1, 28, 25]","[3, 0]",29,9,15,21,"[9, 29]"
Z_4,4,"[8, 23, 13, 31]",42,C0000,33,"[1, 0, 0, 0]","[0, 1, 0, 0]","[0, 1, 28, 25]","[3, 0]",17,5,11,15,"[5, 17]"
Z_4,4,"[8, 24, 31, 26]",43,C0000,34,"[1, 0, 0, 0]","[0, 1, 0, 0]","[0, 1, 28, 25]","[3, 0]",29,9,15,21,"[9, 29]"
Z_4,4,"[8, 25, 12, 26]",44,C0000,35,"[1, 0, 0, 0]","[0, 1, 0, 0]","[0, 1, 28, 25]","[3, 0]",15,21,29,9,"[21, 15]"
Z_4,4,"[14, 3, 13, 13]",45,C0000,36,"[1, 0, 0, 0]","[0, 1, 0, 0]","[0, 1, 28, 25]","[3, 0]",17,17,11,20,"[17, 17]"
Z_4,4,"[14, 4, 19, 30]",46,C0000,37,"[1, 0, 0, 0]","[0, 1, 0, 0]","[0, 1, 28, 25]","[3, 0]",6,7,26,11,"[7, 6]"
Z_4,4,"[14, 11, 31, 27]",47,C0000,38,"[1, 0, 0, 0]","[0, 1, 0, 0]","[0, 1, 28, 25]","[3, 0]",3,12,21,9,"[12, 3]"
Z_4,4,"[14, 20, 27, 13]",48,C0000,39,"[1, 0, 0, 0]","[0, 1, 0, 0]","[0, 1, 28, 25]","[3, 0]",24,10,22,27,"[10, 24]"
Z_4,4,"[14, 21, 18, 30]",49,C0000,40,"[1, 0, 0, 0]","[0, 1, 0, 0]","[0, 1, 28, 25]","[3, 0]",21,5,3,17,"[5, 21]"
Z_4,4,"[14, 22, 32, 30]",50,C0000,41,"[1, 0, 0, 0]","[0, 1, 0, 0]","[0, 1, 28, 25]","[3, 0]",21,18,3,24,"[18, 21]"
Z_4,4,"[14, 23, 30, 13]",51,C0000,42,"[1, 0, 0, 0]","[0, 1, 0, 0]","[0, 1, 28, 25]","[3, 0]",23,27,27,2,"[27, 23]"
Z_4,4,"[14, 24, 12, 27]",52,C0000,43,"[1, 0, 0, 0]","[0, 1, 0, 0]","[0, 1, 28, 25]","[3, 0]",3,30,21,7,"[30, 3]"
Z_4,4,"[14, 25, 26, 27]",53,C0000,44,"[1, 0, 0, 0]","[0, 1, 0, 0]","[0, 1, 28, 25]","[3, 0]",27,4,23,23,"[4, 27]"
Z_4,4,"[15, 3, 27, 26]",54,C0000,45,"[1, 0, 0, 0]","[0, 1, 0, 0]","[0, 1, 28, 25]","[3, 0]",3,20,21,15,"[20, 3]"
Z_4,4,"[15, 4, 32, 31]",55,C0000,46,"[1, 0, 0, 0]","[0, 1, 0, 0]","[0, 1, 28, 25]","[3, 0]",17,17,11,20,"[17, 17]"
Z_4,4,"[15, 11, 26, 12]",56,C0000,47,"[1, 0, 0, 0]","[0, 1, 0, 0]","[0, 1, 28, 25]","[3, 0]",24,24,22,9,"[24, 24]"
Z_4,4,"[15, 20, 30, 26]",57,C0000,48,"[1, 0, 0, 0]","[0, 1, 0, 0]","[0, 1, 28, 25]","[3, 0]",15,0,29,0,"[0, 15]"
Z_4,4,"[15, 21, 19, 31]",58,C0000,49,"[1, 0, 0, 0]","[0, 1, 0, 0]","[0, 1, 28, 25]","[3, 0]",29,15,15,4,"[15, 29]"
Z_4,4,"[15, 22, 18, 31]",59,C0000,50,"[1, 0, 0, 0]","[0, 1, 0, 0]","[0, 1, 28, 25]","[3, 0]",17,11,11,2,"[11, 17]"
Z_4,4,"[15, 23, 13, 26]",60,C0000,51,"[1, 0, 0, 0]","[0, 1, 0, 0]","[0, 1, 28, 25]","[3, 0]",3,5,21,27,"[5, 3]"
Z_4,4,"[15, 24, 31, 12]",61,C0000,52,"[1, 0, 0, 0]","[0, 1, 0, 0]","[0, 1, 28, 25]","[3, 0]",22,8,24,11,"[8, 22]"
Z_4,4,"[15, 25, 12, 12]",62,C0000,53,"[1, 0, 0, 0]","[0, 1, 0, 0]","[0, 1, 28, 25]","[3, 0]",21,5,3,17,"[5, 21]"
Z_4,4,"[16, 3, 13, 30]",63,C0000,54,"[1, 0, 0, 0]","[0, 1, 0, 0]","[0, 1, 28, 25]","[3, 0]",26,18,6,3,"[18, 26]"
Z_4,4,"[16, 4, 19, 27]",64,C0000,55,"[1, 0, 0, 0]","[0, 1, 0, 0]","[0, 1, 28, 25]","[3, 0]",12,3,13,20,"[3, 12]"
Z_4,4,"[16, 11, 31, 13]",65,C0000,56,"[1, 0, 0, 0]","[0, 1, 0, 0]","[0, 1, 28, 25]","[3, 0]",29,13,15,20,"[13, 29]"
Z_4,4,"[16, 20, 27, 30]",66,C0000,57,"[1, 0, 0, 0]","[0, 1, 0, 0]","[0, 1, 28, 25]","[3, 0]",13,4,12,13,"[4, 13]"
Z_4,4,"[16, 21, 18, 27]",67,C0000,58,"[1, 0, 0, 0]","[0, 1, 0, 0]","[0, 1, 28, 25]","[3, 0]",11,18,17,6,"[18, 11]"
Z_4,4,"[16, 22, 32, 27]",68,C0000,59,"[1, 0, 0, 0]","[0, 1, 0, 0]","[0, 1, 28, 25]","[3, 0]",11,13,17,25,"[13, 11]"
Z_4,4,"[16, 23, 30, 30]",69,C0000,60,"[1, 0, 0, 0]","[0, 1, 0, 0]","[0, 1, 28, 25]","[3, 0]",6,25,26,26,"[25, 6]"
Z_4,4,"[16, 24, 12, 13]",70,C0000,61,"[1, 0, 0, 0]","[0, 1, 0, 0]","[0, 1, 28, 25]","[3, 0]",29,1,15,23,"[1, 29]"
Z_4,4,"[16, 25, 26, 13]",71,C0000,62,"[1, 0, 0, 0]","[0, 1, 0, 0]","[0, 1, 28, 25]","[3, 0]",13,21,12,14,"[21, 13]"
Z_4,4,"[17, 3, 27, 12]",72,C0000,63,"[1, 0, 0, 0]","[0, 1, 0, 0]","[0, 1, 28, 25]","[3, 0]",29,7,15,6,"[7, 29]"
Z_4,4,"[17, 4, 32, 26]",73,C0000,64,"[1, 0, 0, 0]","[0, 1, 0, 0]","[0, 1, 28, 25]","[3, 0]",3,29,21,14,"[29, 3]"
Z_4,4,"[17, 11, 26, 31]",74,C0000,65,"[1, 0, 0, 0]","[0, 1, 0, 0]","[0, 1, 28, 25]","[3, 0]",13,17,12,1,"[17, 13]"
Z_4,4,"[17, 20, 30, 12]",75,C0000,66,"[1, 0, 0, 0]","[0, 1, 0, 0]","[0, 1, 28, 25]","[3, 0]",21,19,3,15,"[19, 21]"
Z_4,4,"[17, 21, 19, 26]",76,C0000,67,"[1, 0, 0, 0]","[0, 1, 0, 0]","[0, 1, 28, 25]","[3, 0]",27,16,23,30,"[16, 27]"
Z_4,4,"[17, 22, 18, 26]",77,C0000,68,"[1, 0, 0, 0]","[0, 1, 0, 0]","[0, 1, 28, 25]","[3, 0]",3,17,21,5,"[17, 3]"
Z_4,4,"[17, 23, 13, 12]",78,C0000,69,"[1, 0, 0, 0]","[0, 1, 0, 0]","[0, 1, 28, 25]","[3, 0]",29,17,15,19,"[17, 29]"
Z_4,4,"[17, 24, 31, 31]",79,C0000,70,"[1, 0, 0, 0]","[0, 1, 0, 0]","[0, 1, 28, 25]","[3, 0]",30,8,30,23,"[8, 30]"
Z_4,4,"[17, 25, 12, 31]",80,C0000,71,"[1, 0, 0, 0]","[0, 1, 0, 0]","[0, 1, 28, 25]","[3, 0]",23,23,27,4,"[23, 23]"
Z_5,5,"[0, 0, 5, 8]",0,C1100,0,"[1, 0, 0, 0]","[0, 1, 0, 0]","[0, 1, 15, 5]","[4, 1]",4,7,8,17,"[7, 4]"
Z_5,5,"[0, 1, 33, 8]",1,C1000,0,"[1, 0, 0, 0]","[0, 1, 0, 0]","[0, 1, 15, 5]","[4, 1]",16,26,2,20,"[26, 16]"
Z_5,5,"[0, 2, 9, 8]",2,C1000,1,"[1, 0, 0, 0]","[0, 1, 0, 0]","[0, 1, 15, 5]","[4, 1]",10,17,28,2,"[17, 10]"
Z_5,5,"[0, 7, 29, 0]",3,C1001,2,"[1, 0, 0, 0]","[0, 1, 0, 0]","[0, 1, 15, 5]","[4, 1]",1,11,1,20,"[11, 1]"
Z_5,5,"[0, 8, 34, 7]",4,C1000,2,"[1, 0, 0, 0]","[0, 1, 0, 0]","[0, 1, 15, 5]","[4, 1]",8,3,4,14,"[3, 8]"
Z_5,5,"[0, 14, 35, 0]",5,C1001,4,"[1, 0, 0, 0]","[0, 1, 0, 0]","[0, 1, 15, 5]","[4, 1]",1,30,1,1,"[30, 1]"
Z_5,5,"[0, 15, 6, 7]",6,C1000,3,"[1, 0, 0, 0]","[0, 1, 0, 0]","[0, 1, 15, 5]","[4, 1]",14,14,20,11,"[14, 14]"
Z_5,5,"[0, 16, 28, 0]",7,C1001,6,"[1, 0, 0, 0]","[0, 1, 0, 0]","[0, 1, 15, 5]","[4, 1]",5,13,25,28,"[13, 5]"
Z_5,5,"[0, 17, 10, 7]",8,C1000,4,"[1, 0, 0, 0]","[0, 1, 0, 0]","[0, 1, 15, 5]","[4, 1]",25,27,5,7,"[27, 25]"
Z_5,5,"[1, 0, 5, 0]",9,C0101,0,"[1, 0, 0, 0]","[0, 1, 0, 0]","[0, 1, 15, 5]","[4, 1]",9,17,7,4,"[17, 9]"
Z_5,5,"[1, 1, 33, 0]",10,C0001,0,"[1, 0, 0, 0]","[0, 1, 0, 0]","[0, 1, 15, 5]","[4, 1]",5,17,25,8,"[17, 5]"
Z_5,5,"[1, 2, 9, 0]",11,C0001,1,"[1, 0, 0, 0]","[0, 1, 0, 0]","[0, 1, 15, 5]","[4, 1]",7,22,9,16,"[22, 7]"
Z_5,5,"[1, 7, 29, 7]",12,C0000,0,"[1, 0, 0, 0]","[0, 1, 0, 0]","[0, 1, 15, 5]","[4, 1]",14,13,20,8,"[13, 14]"
Z_5,5,"[1, 8, 34, 8]",13,C0000,1,"[1, 0, 0, 0]","[0, 1, 0, 0]","[0, 1, 15, 5]","[4, 1]",1,10,1,21,"[10, 1]"
Z_5,5,"[1, 14, 35, 7]",14,C0000,2,"[1, 0, 0, 0]","[0, 1, 0, 0]","[0, 1, 15, 5]","[4, 1]",14,0,20,0,"[0, 14]"
Z_5,5,"[1, 15, 6, 8]",15,C0000,3,"[1, 0, 0, 0]","[0, 1, 0, 0]","[0, 1, 15, 5]","[4, 1]",25,6,5,5,"[6, 25]"
Z_5,5,"[1, 16, 28, 7]",16,C0000,4,"[1, 0, 0, 0]","[0, 1, 0, 0]","[0, 1, 15, 5]","[4, 1]",8,4,4,29,"[4, 8]"
Z_5,5,"[1, 17, 10, 8]",17,C0000,5,"[1, 0, 0, 0]","[0, 1, 0, 0]","[0, 1, 15, 5]","[4, 1]",7,1,9,12,"[1, 7]"
Z_5,5,"[2, 0, 5, 7]",18,C0100,6,"[1, 0, 0, 0]","[0, 1, 0, 0]","[0, 1, 15, 5]","[4, 1]",16,29,2,8,"[29, 16]"
Z_5,5,"[2, 1, 33, 7]",19,C0000,6,"[1, 0, 0, 0]","[0, 1, 0, 0]","[0, 1, 15, 5]","[4, 1]",2,15,16,4,"[15, 2]"
Z_5,5,"[2, 2, 9, 7]",20,C0000,7,"[1, 0, 0, 0]","[0, 1, 0, 0]","[0, 1, 15, 5]","[4, 1]",9,24,7,2,"[24, 9]"
Z_5,5,"[2, 7, 29, 8]",21,C0000,8,"[1, 0, 0, 0]","[0, 1, 0, 0]","[0, 1, 15, 5]","[4, 1]",14,16,20,17,"[16, 14]"
Z_5,5,"[2, 8, 34, 0]",22,C0001,11,"[1, 0, 0, 0]","[0, 1, 0, 0]","[0, 1, 15, 5]","[4, 1]",18,12,19,8,"[12, 18]"
Z_5,5,"[2, 14, 35, 8]",23,C0000,9,"[1, 0, 0, 0]","[0, 1, 0, 0]","[0, 1, 15, 5]","[4, 1]",14,3,20,9,"[3, 14]"
Z_5,5,"[2, 15, 6, 0]",24,C0001,13,"[1, 0, 0, 0]","[0, 1, 0, 0]","[0, 1, 15, 5]","[4, 1]",16,0,2,0,"[0, 16]"
Z_5,5,"[2, 16, 28, 8]",25,C0000,10,"[1, 0, 0, 0]","[0, 1, 0, 0]","[0, 1, 15, 5]","[4, 1]",8,19,4,6,"[19, 8]"
Z_5,5,"[2, 17, 10, 0]",26,C0001,15,"[1, 0, 0, 0]","[0, 1, 0, 0]","[0, 1, 15, 5]","[4, 1]",2,20,16,26,"[20, 2]"
Z_5,5,"[7, 0, 33, 15]",27,C0100,12,"[1, 0, 0, 0]","[0, 1, 0, 0]","[0, 1, 15, 5]","[4, 1]",14,21,20,1,"[21, 14]"
Z_5,5,"[7, 1, 9, 15]",28,C0000,11,"[1, 0, 0, 0]","[0, 1, 0, 0]","[0, 1, 15, 5]","[4, 1]",4,28,8,6,"[28, 4]"
Z_5,5,"[7, 2, 5, 15]",29,C0000,12,"[1, 0, 0, 0]","[0, 1, 0, 0]","[0, 1, 15, 5]","[4, 1]",25,29,5,19,"[29, 25]"
Z_5,5,"[7, 7, 28, 1]",30,C0000,13,"[1, 0, 0, 0]","[0, 1, 0, 0]","[0, 1, 15, 5]","[4, 1]",8,1,4,15,"[1, 8]"
Z_5,5,"[7, 8, 6, 16]",31,C0000,14,"[1, 0, 0, 0]","[0, 1, 0, 0]","[0, 1, 15, 5]","[4, 1]",18,18,19,12,"[18, 18]"
Z_5,5,"[7, 14, 29, 1]",32,C0000,15,"[1, 0, 0, 0]","[0, 1, 0, 0]","[0, 1, 15, 5]","[4, 1]",14,4,20,12,"[4, 14]"
Z_5,5,"[7, 15, 10, 16]",33,C0000,16,"[1, 0, 0, 0]","[0, 1, 0, 0]","[0, 1, 15, 5]","[4, 1]",10,18,28,24,"[18, 10]"
Z_5,5,"[7, 16, 35, 1]",34,C0000,17,"[1, 0, 0, 0]","[0, 1, 0, 0]","[0, 1, 15, 5]","[4, 1]",14,11,20,2,"[11, 14]"
Z_5,5,"[7, 17, 34, 16]",35,C0000,18,"[1, 0, 0, 0]","[0, 1, 0, 0]","[0, 1, 15, 5]","[4, 1]",28,18,10,29,"[18, 28]"
Z_5,5,"[8, 0, 9, 17]",36,C0100,21,"[1, 0, 0, 0]","[0, 1, 0, 0]","[0, 1, 15, 5]","[4, 1]",1,18,1,13,"[18, 1]"
Z_5,5,"[8, 1, 5, 17]",37,C0000,19,"[1, 0, 0, 0]","[0, 1, 0, 0]","[0, 1, 15, 5]","[4, 1]",25,25,5,26,"[25, 25]"
Z_5,5,"[8, 2, 33, 17]",38,C0000,20,"[1, 0, 0, 0]","[0, 1, 0, 0]","[0, 1, 15, 5]","[4, 1]",25,18,5,15,"[18, 25]"
Z_5,5,"[8, 7, 35, 2]",39,C0000,21,"[1, 0, 0, 0]","[0, 1, 0, 0]","[0, 1, 15, 5]","[4, 1]",14,12,20,5,"[12, 14]"
Z_5,5,"[8, 8, 10, 14]",40,C0000,22,"[1, 0, 0, 0]","[0, 1, 0, 0]","[0, 1, 15, 5]","[4, 1]",10,12,28,16,"[12, 10]"
Z_5,5,"[8, 14, 28, 2]",41,C0000,23,"[1, 0, 0, 0]","[0, 1, 0, 0]","[0, 1, 15, 5]","[4, 1]",8,26,4,18,"[26, 8]"
Z_5,5,"[8, 15, 34, 14]",42,C0000,24,"[1, 0, 0, 0]","[0, 1, 0, 0]","[0, 1, 15, 5]","[4, 1]",28,4,10,3,"[4, 28]"
Z_5,5,"[8, 16, 29, 2]",43,C0000,25,"[1, 0, 0, 0]","[0, 1, 0, 0]","[0, 1, 15, 5]","[4, 1]",14,29,20,25,"[29, 14]"
Z_5,5,"[8, 17, 6, 14]",44,C0000,26,"[1, 0, 0, 0]","[0, 1, 0, 0]","[0, 1, 15, 5]","[4, 1]",18,18,19,12,"[18, 18]"
Z_5,5,"[14, 0, 33, 16]",45,C0100,30,"[1, 0, 0, 0]","[0, 1, 0, 0]","[0, 1, 15, 5]","[4, 1]",14,7,20,21,"[7, 14]"
Z_5,5,"[14, 1, 9, 16]",46,C0000,27,"[1, 0, 0, 0]","[0, 1, 0, 0]","[0, 1, 15, 5]","[4, 1]",4,24,8,14,"[24, 4]"
Z_5,5,"[14, 2, 5, 16]",47,C0000,28,"[1, 0, 0, 0]","[0, 1, 0, 0]","[0, 1, 15, 5]","[4, 1]",25,4,5,24,"[4, 25]"
Z_5,5,"[14, 7, 28, 15]",48,C0000,29,"[1, 0, 0, 0]","[0, 1, 0, 0]","[0, 1, 15, 5]","[4, 1]",7,24,9,9,"[24, 7]"
Z_5,5,"[14, 8, 6, 1]",49,C0000,30,"[1, 0, 0, 0]","[0, 1, 0, 0]","[0, 1, 15, 5]","[4, 1]",25,20,5,27,"[20, 25]"
Z_5,5,"[14, 14, 29, 15]",50,C0000,31,"[1, 0, 0, 0]","[0, 1, 0, 0]","[0, 1, 15, 5]","[4, 1]",20,12,14,4,"[12, 20]"
Z_5,5,"[14, 15, 10, 1]",51,C0000,32,"[1, 0, 0, 0]","[0, 1, 0, 0]","[0, 1, 15, 5]","[4, 1]",7,5,9,29,"[5, 7]"
Z_5,5,"[14, 16, 35, 15]",52,C0000,33,"[1, 0, 0, 0]","[0, 1, 0, 0]","[0, 1, 15, 5]","[4, 1]",20,22,14,28,"[22, 20]"
Z_5,5,"[14, 17, 34, 1]",53,C0000,34,"[1, 0, 0, 0]","[0, 1, 0, 0]","[0, 1, 15, 5]","[4, 1]",1,0,1,0,"[0, 1]"
Z_5,5,"[15, 0, 9, 2]",54,C0100,39,"[1, 0, 0, 0]","[0, 1, 0, 0]","[0, 1, 15, 5]","[4, 1]",10,27,28,5,"[27, 10]"
Z_5,5,"[15, 1, 5, 2]",55,C0000,35,"[1, 0, 0, 0]","[0, 1, 0, 0]","[0, 1, 15, 5]","[4, 1]",2,21,16,18,"[21, 2]"
Z_5,5,"[15, 2, 33, 2]",56,C0000,36,"[1, 0, 0, 0]","[0, 1, 0, 0]","[0, 1, 15, 5]","[4, 1]",2,13,16,20,"[13, 2]"
Z_5,5,"[15, 7, 35, 14]",57,C0000,37,"[1, 0, 0, 0]","[0, 1, 0, 0]","[0, 1, 15, 5]","[4, 1]",20,2,14,11,"[2, 20]"
Z_5,5,"[15, 8, 10, 17]",58,C0000,38,"[1, 0, 0, 0]","[0, 1, 0, 0]","[0, 1, 15, 5]","[4, 1]",10,22,28,19,"[22, 10]"
Z_5,5,"[15, 14, 28, 14]",59,C0000,39,"[1, 0, 0, 0]","[0, 1, 0, 0]","[0, 1, 15, 5]","[4, 1]",7,19,9,11,"[19, 7]"
Z_5,5,"[15, 15, 34, 17]",60,C0000,40,"[1, 0, 0, 0]","[0, 1, 0, 0]","[0, 1, 15, 5]","[4, 1]",28,1,10,24,"[1, 28]"
Z_5,5,"[15, 16, 29, 14]",61,C0000,41,"[1, 0, 0, 0]","[0, 1, 0, 0]","[0, 1, 15, 5]","[4, 1]",20,13,14,25,"[13, 20]"
Z_5,5,"[15, 17, 6, 17]",62,C0000,42,"[1, 0, 0, 0]","[0, 1, 0, 0]","[0, 1, 15, 5]","[4, 1]",18,5,19,24,"[5, 18]"
Z_5,5,"[16, 0, 33, 1]",63,C0100,48,"[1, 0, 0, 0]","[0, 1, 0, 0]","[0, 1, 15, 5]","[4, 1]",16,11,2,18,"[11, 16]"
Z_5,5,"[16, 1, 9, 1]",64,C0000,43,"[1, 0, 0, 0]","[0, 1, 0, 0]","[0, 1, 15, 5]","[4, 1]",9,15,7,9,"[15, 9]"
Z_5,5,"[16, 2, 5, 1]",65,C0000,44,"[1, 0, 0, 0]","[0, 1, 0, 0]","[0, 1, 15, 5]","[4, 1]",2,21,16,18,"[21, 2]"
Z_5,5,"[16, 7, 28, 16]",66,C0000,45,"[1, 0, 0, 0]","[0, 1, 0, 0]","[0, 1, 15, 5]","[4, 1]",7,17,9,18,"[17, 7]"
Z_5,5,"[16, 8, 6, 15]",67,C0000,46,"[1, 0, 0, 0]","[0, 1, 0, 0]","[0, 1, 15, 5]","[4, 1]",18,5,19,24,"[5, 18]"
Z_5,5,"[16, 14, 29, 16]",68,C0000,47,"[1, 0, 0, 0]","[0, 1, 0, 0]","[0, 1, 15, 5]","[4, 1]",20,23,14,18,"[23, 20]"
Z_5,5,"[16, 15, 10, 15]",69,C0000,48,"[1, 0, 0, 0]","[0, 1, 0, 0]","[0, 1, 15, 5]","[4, 1]",10,28,28,27,"[28, 10]"
Z_5,5,"[16, 16, 35, 16]",70,C0000,49,"[1, 0, 0, 0]","[0, 1, 0, 0]","[0, 1, 15, 5]","[4, 1]",20,2,14,11,"[2, 20]"
Z_5,5,"[16, 17, 34, 15]",71,C0000,50,"[1, 0, 0, 0]","[0, 1, 0, 0]","[0, 1, 15, 5]","[4, 1]",28,15,10,19,"[15, 28]"
Z_5,5,"[17, 0, 9, 14]",72,C0100,57,"[1, 0, 0, 0]","[0, 1, 0, 0]","[0, 1, 15, 5]","[4, 1]",1,17,1,14,"[17, 1]"
Z_5,5,"[17, 1, 5, 14]",73,C0000,51,"[1, 0, 0, 0]","[0, 1, 0, 0]","[0, 1, 15, 5]","[4, 1]",25,0,5,0,"[0, 25]"
Z_5,5,"[17, 2, 33, 14]",74,C0000,52,"[1, 0, 0, 0]","[0, 1, 0, 0]","[0, 1, 15, 5]","[4, 1]",25,24,5,20,"[24, 25]"
Z_5,5,"[17, 7, 35, 17]",75,C0000,53,"[1, 0, 0, 0]","[0, 1, 0, 0]","[0, 1, 15, 5]","[4, 1]",20,22,14,28,"[22, 20]"
Z_5,5,"[17, 8, 10, 2]",76,C0000,54,"[1, 0, 0, 0]","[0, 1, 0, 0]","[0, 1, 15, 5]","[4, 1]",7,23,9,28,"[23, 7]"
Z_5,5,"[17, 14, 28, 17]",77,C0000,55,"[1, 0, 0, 0]","[0, 1, 0, 0]","[0, 1, 15, 5]","[4, 1]",7,26,9,2,"[26, 7]"
Z_5,5,"[17, 15, 34, 2]",78,C0000,56,"[1, 0, 0, 0]","[0, 1, 0, 0]","[0, 1, 15, 5]","[4, 1]",1,4,1,27,"[4, 1]"
Z_5,5,"[17, 16, 29, 17]",79,C0000,57,"[1, 0, 0, 0]","[0, 1, 0, 0]","[0, 1, 15, 5]","[4, 1]",20,2,14,11,"[2, 20]"
Z_5,5,"[17, 17, 6, 2]",80,C0000,58,"[1, 0, 0, 0]","[0, 1, 0, 0]","[0, 1, 15, 5]","[4, 1]",25,24,5,20,"[24, 25]"
