surface,K_orbit_lift_index,source_point_indices,source_projective_points_X_Y_Z,transported_tangent_fixed_frame_coefficients,transport_reason
Z_0,0,"[0, 0, 8, 5]","[[0, 1, 0], [0, 1, 0], [3, 20, 1], [2, 3, 1]]","[0, 1, 6, 2]",the four factor directions use the invariant elliptic vector field; translation preserves their coefficients
Z_0,1,"[0, 1, 0, 5]","[[0, 1, 0], [0, 1, 1], [0, 1, 0], [2, 3, 1]]","[0, 1, 6, 2]",the four factor directions use the invariant elliptic vector field; translation preserves their coefficients
Z_0,2,"[0, 2, 7, 5]","[[0, 1, 0], [0, 30, 1], [3, 11, 1], [2, 3, 1]]","[0, 1, 6, 2]",the four factor directions use the invariant elliptic vector field; translation preserves their coefficients
Z_0,3,"[0, 7, 1, 33]","[[0, 1, 0], [3, 11, 1], [0, 1, 1], [28, 6, 1]]","[0, 1, 6, 2]",the four factor directions use the invariant elliptic vector field; translation preserves their coefficients
Z_0,4,"[0, 8, 14, 9]","[[0, 1, 0], [3, 20, 1], [13, 11, 1], [5, 8, 1]]","[0, 1, 6, 2]",the four factor directions use the invariant elliptic vector field; translation preserves their coefficients
Z_0,5,"[0, 14, 15, 33]","[[0, 1, 0], [13, 11, 1], [13, 20, 1], [28, 6, 1]]","[0, 1, 6, 2]",the four factor directions use the invariant elliptic vector field; translation preserves their coefficients
Z_0,6,"[0, 15, 17, 9]","[[0, 1, 0], [13, 20, 1], [15, 20, 1], [5, 8, 1]]","[0, 1, 6, 2]",the four factor directions use the invariant elliptic vector field; translation preserves their coefficients
Z_0,7,"[0, 16, 16, 33]","[[0, 1, 0], [15, 11, 1], [15, 11, 1], [28, 6, 1]]","[0, 1, 6, 2]",the four factor directions use the invariant elliptic vector field; translation preserves their coefficients
Z_0,8,"[0, 17, 2, 9]","[[0, 1, 0], [15, 20, 1], [0, 30, 1], [5, 8, 1]]","[0, 1, 6, 2]",the four factor directions use the invariant elliptic vector field; translation preserves their coefficients
Z_0,9,"[1, 0, 8, 33]","[[0, 1, 1], [0, 1, 0], [3, 20, 1], [28, 6, 1]]","[0, 1, 6, 2]",the four factor directions use the invariant elliptic vector field; translation preserves their coefficients
Z_0,10,"[1, 1, 0, 33]","[[0, 1, 1], [0, 1, 1], [0, 1, 0], [28, 6, 1]]","[0, 1, 6, 2]",the four factor directions use the invariant elliptic vector field; translation preserves their coefficients
Z_0,11,"[1, 2, 7, 33]","[[0, 1, 1], [0, 30, 1], [3, 11, 1], [28, 6, 1]]","[0, 1, 6, 2]",the four factor directions use the invariant elliptic vector field; translation preserves their coefficients
Z_0,12,"[1, 7, 1, 9]","[[0, 1, 1], [3, 11, 1], [0, 1, 1], [5, 8, 1]]","[0, 1, 6, 2]",the four factor directions use the invariant elliptic vector field; translation preserves their coefficients
Z_0,13,"[1, 8, 14, 5]","[[0, 1, 1], [3, 20, 1], [13, 11, 1], [2, 3, 1]]","[0, 1, 6, 2]",the four factor directions use the invariant elliptic vector field; translation preserves their coefficients
Z_0,14,"[1, 14, 15, 9]","[[0, 1, 1], [13, 11, 1], [13, 20, 1], [5, 8, 1]]","[0, 1, 6, 2]",the four factor directions use the invariant elliptic vector field; translation preserves their coefficients
Z_0,15,"[1, 15, 17, 5]","[[0, 1, 1], [13, 20, 1], [15, 20, 1], [2, 3, 1]]","[0, 1, 6, 2]",the four factor directions use the invariant elliptic vector field; translation preserves their coefficients
Z_0,16,"[1, 16, 16, 9]","[[0, 1, 1], [15, 11, 1], [15, 11, 1], [5, 8, 1]]","[0, 1, 6, 2]",the four factor directions use the invariant elliptic vector field; translation preserves their coefficients
Z_0,17,"[1, 17, 2, 5]","[[0, 1, 1], [15, 20, 1], [0, 30, 1], [2, 3, 1]]","[0, 1, 6, 2]",the four factor directions use the invariant elliptic vector field; translation preserves their coefficients
Z_0,18,"[2, 0, 8, 9]","[[0, 30, 1], [0, 1, 0], [3, 20, 1], [5, 8, 1]]","[0, 1, 6, 2]",the four factor directions use the invariant elliptic vector field; translation preserves their coefficients
Z_0,19,"[2, 1, 0, 9]","[[0, 30, 1], [0, 1, 1], [0, 1, 0], [5, 8, 1]]","[0, 1, 6, 2]",the four factor directions use the invariant elliptic vector field; translation preserves their coefficients
Z_0,20,"[2, 2, 7, 9]","[[0, 30, 1], [0, 30, 1], [3, 11, 1], [5, 8, 1]]","[0, 1, 6, 2]",the four factor directions use the invariant elliptic vector field; translation preserves their coefficients
Z_0,21,"[2, 7, 1, 5]","[[0, 30, 1], [3, 11, 1], [0, 1, 1], [2, 3, 1]]","[0, 1, 6, 2]",the four factor directions use the invariant elliptic vector field; translation preserves their coefficients
Z_0,22,"[2, 8, 14, 33]","[[0, 30, 1], [3, 20, 1], [13, 11, 1], [28, 6, 1]]","[0, 1, 6, 2]",the four factor directions use the invariant elliptic vector field; translation preserves their coefficients
Z_0,23,"[2, 14, 15, 5]","[[0, 30, 1], [13, 11, 1], [13, 20, 1], [2, 3, 1]]","[0, 1, 6, 2]",the four factor directions use the invariant elliptic vector field; translation preserves their coefficients
Z_0,24,"[2, 15, 17, 33]","[[0, 30, 1], [13, 20, 1], [15, 20, 1], [28, 6, 1]]","[0, 1, 6, 2]",the four factor directions use the invariant elliptic vector field; translation preserves their coefficients
Z_0,25,"[2, 16, 16, 5]","[[0, 30, 1], [15, 11, 1], [15, 11, 1], [2, 3, 1]]","[0, 1, 6, 2]",the four factor directions use the invariant elliptic vector field; translation preserves their coefficients
Z_0,26,"[2, 17, 2, 33]","[[0, 30, 1], [15, 20, 1], [0, 30, 1], [28, 6, 1]]","[0, 1, 6, 2]",the four factor directions use the invariant elliptic vector field; translation preserves their coefficients
Z_0,27,"[7, 0, 0, 35]","[[3, 11, 1], [0, 1, 0], [0, 1, 0], [30, 0, 1]]","[0, 1, 6, 2]",the four factor directions use the invariant elliptic vector field; translation preserves their coefficients
Z_0,28,"[7, 1, 7, 35]","[[3, 11, 1], [0, 1, 1], [3, 11, 1], [30, 0, 1]]","[0, 1, 6, 2]",the four factor directions use the invariant elliptic vector field; translation preserves their coefficients
Z_0,29,"[7, 2, 8, 35]","[[3, 11, 1], [0, 30, 1], [3, 20, 1], [30, 0, 1]]","[0, 1, 6, 2]",the four factor directions use the invariant elliptic vector field; translation preserves their coefficients
Z_0,30,"[7, 7, 16, 29]","[[3, 11, 1], [3, 11, 1], [15, 11, 1], [23, 27, 1]]","[0, 1, 6, 2]",the four factor directions use the invariant elliptic vector field; translation preserves their coefficients
Z_0,31,"[7, 8, 17, 28]","[[3, 11, 1], [3, 20, 1], [15, 20, 1], [23, 4, 1]]","[0, 1, 6, 2]",the four factor directions use the invariant elliptic vector field; translation preserves their coefficients
Z_0,32,"[7, 14, 1, 29]","[[3, 11, 1], [13, 11, 1], [0, 1, 1], [23, 27, 1]]","[0, 1, 6, 2]",the four factor directions use the invariant elliptic vector field; translation preserves their coefficients
Z_0,33,"[7, 15, 2, 28]","[[3, 11, 1], [13, 20, 1], [0, 30, 1], [23, 4, 1]]","[0, 1, 6, 2]",the four factor directions use the invariant elliptic vector field; translation preserves their coefficients
Z_0,34,"[7, 16, 15, 29]","[[3, 11, 1], [15, 11, 1], [13, 20, 1], [23, 27, 1]]","[0, 1, 6, 2]",the four factor directions use the invariant elliptic vector field; translation preserves their coefficients
Z_0,35,"[7, 17, 14, 28]","[[3, 11, 1], [15, 20, 1], [13, 11, 1], [23, 4, 1]]","[0, 1, 6, 2]",the four factor directions use the invariant elliptic vector field; translation preserves their coefficients
Z_0,36,"[8, 0, 7, 6]","[[3, 20, 1], [0, 1, 0], [3, 11, 1], [2, 28, 1]]","[0, 1, 6, 2]",the four factor directions use the invariant elliptic vector field; translation preserves their coefficients
Z_0,37,"[8, 1, 8, 6]","[[3, 20, 1], [0, 1, 1], [3, 20, 1], [2, 28, 1]]","[0, 1, 6, 2]",the four factor directions use the invariant elliptic vector field; translation preserves their coefficients
Z_0,38,"[8, 2, 0, 6]","[[3, 20, 1], [0, 30, 1], [0, 1, 0], [2, 28, 1]]","[0, 1, 6, 2]",the four factor directions use the invariant elliptic vector field; translation preserves their coefficients
Z_0,39,"[8, 7, 15, 10]","[[3, 20, 1], [3, 11, 1], [13, 20, 1], [5, 23, 1]]","[0, 1, 6, 2]",the four factor directions use the invariant elliptic vector field; translation preserves their coefficients
Z_0,40,"[8, 8, 2, 34]","[[3, 20, 1], [3, 20, 1], [0, 30, 1], [28, 25, 1]]","[0, 1, 6, 2]",the four factor directions use the invariant elliptic vector field; translation preserves their coefficients
Z_0,41,"[8, 14, 16, 10]","[[3, 20, 1], [13, 11, 1], [15, 11, 1], [5, 23, 1]]","[0, 1, 6, 2]",the four factor directions use the invariant elliptic vector field; translation preserves their coefficients
Z_0,42,"[8, 15, 14, 34]","[[3, 20, 1], [13, 20, 1], [13, 11, 1], [28, 25, 1]]","[0, 1, 6, 2]",the four factor directions use the invariant elliptic vector field; translation preserves their coefficients
Z_0,43,"[8, 16, 1, 10]","[[3, 20, 1], [15, 11, 1], [0, 1, 1], [5, 23, 1]]","[0, 1, 6, 2]",the four factor directions use the invariant elliptic vector field; translation preserves their coefficients
Z_0,44,"[8, 17, 17, 34]","[[3, 20, 1], [15, 20, 1], [15, 20, 1], [28, 25, 1]]","[0, 1, 6, 2]",the four factor directions use the invariant elliptic vector field; translation preserves their coefficients
Z_0,45,"[14, 0, 0, 28]","[[13, 11, 1], [0, 1, 0], [0, 1, 0], [23, 4, 1]]","[0, 1, 6, 2]",the four factor directions use the invariant elliptic vector field; translation preserves their coefficients
Z_0,46,"[14, 1, 7, 28]","[[13, 11, 1], [0, 1, 1], [3, 11, 1], [23, 4, 1]]","[0, 1, 6, 2]",the four factor directions use the invariant elliptic vector field; translation preserves their coefficients
Z_0,47,"[14, 2, 8, 28]","[[13, 11, 1], [0, 30, 1], [3, 20, 1], [23, 4, 1]]","[0, 1, 6, 2]",the four factor directions use the invariant elliptic vector field; translation preserves their coefficients
Z_0,48,"[14, 7, 16, 35]","[[13, 11, 1], [3, 11, 1], [15, 11, 1], [30, 0, 1]]","[0, 1, 6, 2]",the four factor directions use the invariant elliptic vector field; translation preserves their coefficients
Z_0,49,"[14, 8, 17, 29]","[[13, 11, 1], [3, 20, 1], [15, 20, 1], [23, 27, 1]]","[0, 1, 6, 2]",the four factor directions use the invariant elliptic vector field; translation preserves their coefficients
Z_0,50,"[14, 14, 1, 35]","[[13, 11, 1], [13, 11, 1], [0, 1, 1], [30, 0, 1]]","[0, 1, 6, 2]",the four factor directions use the invariant elliptic vector field; translation preserves their coefficients
Z_0,51,"[14, 15, 2, 29]","[[13, 11, 1], [13, 20, 1], [0, 30, 1], [23, 27, 1]]","[0, 1, 6, 2]",the four factor directions use the invariant elliptic vector field; translation preserves their coefficients
Z_0,52,"[14, 16, 15, 35]","[[13, 11, 1], [15, 11, 1], [13, 20, 1], [30, 0, 1]]","[0, 1, 6, 2]",the four factor directions use the invariant elliptic vector field; translation preserves their coefficients
Z_0,53,"[14, 17, 14, 29]","[[13, 11, 1], [15, 20, 1], [13, 11, 1], [23, 27, 1]]","[0, 1, 6, 2]",the four factor directions use the invariant elliptic vector field; translation preserves their coefficients
Z_0,54,"[15, 0, 7, 10]","[[13, 20, 1], [0, 1, 0], [3, 11, 1], [5, 23, 1]]","[0, 1, 6, 2]",the four factor directions use the invariant elliptic vector field; translation preserves their coefficients
Z_0,55,"[15, 1, 8, 10]","[[13, 20, 1], [0, 1, 1], [3, 20, 1], [5, 23, 1]]","[0, 1, 6, 2]",the four factor directions use the invariant elliptic vector field; translation preserves their coefficients
Z_0,56,"[15, 2, 0, 10]","[[13, 20, 1], [0, 30, 1], [0, 1, 0], [5, 23, 1]]","[0, 1, 6, 2]",the four factor directions use the invariant elliptic vector field; translation preserves their coefficients
Z_0,57,"[15, 7, 15, 34]","[[13, 20, 1], [3, 11, 1], [13, 20, 1], [28, 25, 1]]","[0, 1, 6, 2]",the four factor directions use the invariant elliptic vector field; translation preserves their coefficients
Z_0,58,"[15, 8, 2, 6]","[[13, 20, 1], [3, 20, 1], [0, 30, 1], [2, 28, 1]]","[0, 1, 6, 2]",the four factor directions use the invariant elliptic vector field; translation preserves their coefficients
Z_0,59,"[15, 14, 16, 34]","[[13, 20, 1], [13, 11, 1], [15, 11, 1], [28, 25, 1]]","[0, 1, 6, 2]",the four factor directions use the invariant elliptic vector field; translation preserves their coefficients
Z_0,60,"[15, 15, 14, 6]","[[13, 20, 1], [13, 20, 1], [13, 11, 1], [2, 28, 1]]","[0, 1, 6, 2]",the four factor directions use the invariant elliptic vector field; translation preserves their coefficients
Z_0,61,"[15, 16, 1, 34]","[[13, 20, 1], [15, 11, 1], [0, 1, 1], [28, 25, 1]]","[0, 1, 6, 2]",the four factor directions use the invariant elliptic vector field; translation preserves their coefficients
Z_0,62,"[15, 17, 17, 6]","[[13, 20, 1], [15, 20, 1], [15, 20, 1], [2, 28, 1]]","[0, 1, 6, 2]",the four factor directions use the invariant elliptic vector field; translation preserves their coefficients
Z_0,63,"[16, 0, 0, 29]","[[15, 11, 1], [0, 1, 0], [0, 1, 0], [23, 27, 1]]","[0, 1, 6, 2]",the four factor directions use the invariant elliptic vector field; translation preserves their coefficients
Z_0,64,"[16, 1, 7, 29]","[[15, 11, 1], [0, 1, 1], [3, 11, 1], [23, 27, 1]]","[0, 1, 6, 2]",the four factor directions use the invariant elliptic vector field; translation preserves their coefficients
Z_0,65,"[16, 2, 8, 29]","[[15, 11, 1], [0, 30, 1], [3, 20, 1], [23, 27, 1]]","[0, 1, 6, 2]",the four factor directions use the invariant elliptic vector field; translation preserves their coefficients
Z_0,66,"[16, 7, 16, 28]","[[15, 11, 1], [3, 11, 1], [15, 11, 1], [23, 4, 1]]","[0, 1, 6, 2]",the four factor directions use the invariant elliptic vector field; translation preserves their coefficients
Z_0,67,"[16, 8, 17, 35]","[[15, 11, 1], [3, 20, 1], [15, 20, 1], [30, 0, 1]]","[0, 1, 6, 2]",the four factor directions use the invariant elliptic vector field; translation preserves their coefficients
Z_0,68,"[16, 14, 1, 28]","[[15, 11, 1], [13, 11, 1], [0, 1, 1], [23, 4, 1]]","[0, 1, 6, 2]",the four factor directions use the invariant elliptic vector field; translation preserves their coefficients
Z_0,69,"[16, 15, 2, 35]","[[15, 11, 1], [13, 20, 1], [0, 30, 1], [30, 0, 1]]","[0, 1, 6, 2]",the four factor directions use the invariant elliptic vector field; translation preserves their coefficients
Z_0,70,"[16, 16, 15, 28]","[[15, 11, 1], [15, 11, 1], [13, 20, 1], [23, 4, 1]]","[0, 1, 6, 2]",the four factor directions use the invariant elliptic vector field; translation preserves their coefficients
Z_0,71,"[16, 17, 14, 35]","[[15, 11, 1], [15, 20, 1], [13, 11, 1], [30, 0, 1]]","[0, 1, 6, 2]",the four factor directions use the invariant elliptic vector field; translation preserves their coefficients
Z_0,72,"[17, 0, 7, 34]","[[15, 20, 1], [0, 1, 0], [3, 11, 1], [28, 25, 1]]","[0, 1, 6, 2]",the four factor directions use the invariant elliptic vector field; translation preserves their coefficients
Z_0,73,"[17, 1, 8, 34]","[[15, 20, 1], [0, 1, 1], [3, 20, 1], [28, 25, 1]]","[0, 1, 6, 2]",the four factor directions use the invariant elliptic vector field; translation preserves their coefficients
Z_0,74,"[17, 2, 0, 34]","[[15, 20, 1], [0, 30, 1], [0, 1, 0], [28, 25, 1]]","[0, 1, 6, 2]",the four factor directions use the invariant elliptic vector field; translation preserves their coefficients
Z_0,75,"[17, 7, 15, 6]","[[15, 20, 1], [3, 11, 1], [13, 20, 1], [2, 28, 1]]","[0, 1, 6, 2]",the four factor directions use the invariant elliptic vector field; translation preserves their coefficients
Z_0,76,"[17, 8, 2, 10]","[[15, 20, 1], [3, 20, 1], [0, 30, 1], [5, 23, 1]]","[0, 1, 6, 2]",the four factor directions use the invariant elliptic vector field; translation preserves their coefficients
Z_0,77,"[17, 14, 16, 6]","[[15, 20, 1], [13, 11, 1], [15, 11, 1], [2, 28, 1]]","[0, 1, 6, 2]",the four factor directions use the invariant elliptic vector field; translation preserves their coefficients
Z_0,78,"[17, 15, 14, 10]","[[15, 20, 1], [13, 20, 1], [13, 11, 1], [5, 23, 1]]","[0, 1, 6, 2]",the four factor directions use the invariant elliptic vector field; translation preserves their coefficients
Z_0,79,"[17, 16, 1, 6]","[[15, 20, 1], [15, 11, 1], [0, 1, 1], [2, 28, 1]]","[0, 1, 6, 2]",the four factor directions use the invariant elliptic vector field; translation preserves their coefficients
Z_0,80,"[17, 17, 17, 10]","[[15, 20, 1], [15, 20, 1], [15, 20, 1], [5, 23, 1]]","[0, 1, 6, 2]",the four factor directions use the invariant elliptic vector field; translation preserves their coefficients
Z_1,0,"[0, 5, 3, 22]","[[0, 1, 0], [2, 3, 1], [1, 8, 1], [18, 6, 1]]","[0, 1, 17, 25]",the four factor directions use the invariant elliptic vector field; translation preserves their coefficients
Z_1,1,"[0, 6, 4, 22]","[[0, 1, 0], [2, 28, 1], [1, 23, 1], [18, 6, 1]]","[0, 1, 17, 25]",the four factor directions use the invariant elliptic vector field; translation preserves their coefficients
Z_1,2,"[0, 9, 21, 25]","[[0, 1, 0], [5, 8, 1], [17, 27, 1], [19, 28, 1]]","[0, 1, 17, 25]",the four factor directions use the invariant elliptic vector field; translation preserves their coefficients
Z_1,3,"[0, 10, 20, 20]","[[0, 1, 0], [5, 23, 1], [17, 4, 1], [17, 4, 1]]","[0, 1, 17, 25]",the four factor directions use the invariant elliptic vector field; translation preserves their coefficients
Z_1,4,"[0, 28, 23, 25]","[[0, 1, 0], [23, 4, 1], [18, 25, 1], [19, 28, 1]]","[0, 1, 17, 25]",the four factor directions use the invariant elliptic vector field; translation preserves their coefficients
Z_1,5,"[0, 29, 22, 20]","[[0, 1, 0], [23, 27, 1], [18, 6, 1], [17, 4, 1]]","[0, 1, 17, 25]",the four factor directions use the invariant elliptic vector field; translation preserves their coefficients
Z_1,6,"[0, 33, 25, 20]","[[0, 1, 0], [28, 6, 1], [19, 28, 1], [17, 4, 1]]","[0, 1, 17, 25]",the four factor directions use the invariant elliptic vector field; translation preserves their coefficients
Z_1,7,"[0, 34, 24, 25]","[[0, 1, 0], [28, 25, 1], [19, 3, 1], [19, 28, 1]]","[0, 1, 17, 25]",the four factor directions use the invariant elliptic vector field; translation preserves their coefficients
Z_1,8,"[0, 35, 11, 22]","[[0, 1, 0], [30, 0, 1], [6, 0, 1], [18, 6, 1]]","[0, 1, 17, 25]",the four factor directions use the invariant elliptic vector field; translation preserves their coefficients
Z_1,9,"[1, 5, 3, 20]","[[0, 1, 1], [2, 3, 1], [1, 8, 1], [17, 4, 1]]","[0, 1, 17, 25]",the four factor directions use the invariant elliptic vector field; translation preserves their coefficients
Z_1,10,"[1, 6, 4, 20]","[[0, 1, 1], [2, 28, 1], [1, 23, 1], [17, 4, 1]]","[0, 1, 17, 25]",the four factor directions use the invariant elliptic vector field; translation preserves their coefficients
Z_1,11,"[1, 9, 21, 22]","[[0, 1, 1], [5, 8, 1], [17, 27, 1], [18, 6, 1]]","[0, 1, 17, 25]",the four factor directions use the invariant elliptic vector field; translation preserves their coefficients
Z_1,12,"[1, 10, 20, 25]","[[0, 1, 1], [5, 23, 1], [17, 4, 1], [19, 28, 1]]","[0, 1, 17, 25]",the four factor directions use the invariant elliptic vector field; translation preserves their coefficients
Z_1,13,"[1, 28, 23, 22]","[[0, 1, 1], [23, 4, 1], [18, 25, 1], [18, 6, 1]]","[0, 1, 17, 25]",the four factor directions use the invariant elliptic vector field; translation preserves their coefficients
Z_1,14,"[1, 29, 22, 25]","[[0, 1, 1], [23, 27, 1], [18, 6, 1], [19, 28, 1]]","[0, 1, 17, 25]",the four factor directions use the invariant elliptic vector field; translation preserves their coefficients
Z_1,15,"[1, 33, 25, 25]","[[0, 1, 1], [28, 6, 1], [19, 28, 1], [19, 28, 1]]","[0, 1, 17, 25]",the four factor directions use the invariant elliptic vector field; translation preserves their coefficients
Z_1,16,"[1, 34, 24, 22]","[[0, 1, 1], [28, 25, 1], [19, 3, 1], [18, 6, 1]]","[0, 1, 17, 25]",the four factor directions use the invariant elliptic vector field; translation preserves their coefficients
Z_1,17,"[1, 35, 11, 20]","[[0, 1, 1], [30, 0, 1], [6, 0, 1], [17, 4, 1]]","[0, 1, 17, 25]",the four factor directions use the invariant elliptic vector field; translation preserves their coefficients
Z_1,18,"[2, 5, 3, 25]","[[0, 30, 1], [2, 3, 1], [1, 8, 1], [19, 28, 1]]","[0, 1, 17, 25]",the four factor directions use the invariant elliptic vector field; translation preserves their coefficients
Z_1,19,"[2, 6, 4, 25]","[[0, 30, 1], [2, 28, 1], [1, 23, 1], [19, 28, 1]]","[0, 1, 17, 25]",the four factor directions use the invariant elliptic vector field; translation preserves their coefficients
Z_1,20,"[2, 9, 21, 20]","[[0, 30, 1], [5, 8, 1], [17, 27, 1], [17, 4, 1]]","[0, 1, 17, 25]",the four factor directions use the invariant elliptic vector field; translation preserves their coefficients
Z_1,21,"[2, 10, 20, 22]","[[0, 30, 1], [5, 23, 1], [17, 4, 1], [18, 6, 1]]","[0, 1, 17, 25]",the four factor directions use the invariant elliptic vector field; translation preserves their coefficients
Z_1,22,"[2, 28, 23, 20]","[[0, 30, 1], [23, 4, 1], [18, 25, 1], [17, 4, 1]]","[0, 1, 17, 25]",the four factor directions use the invariant elliptic vector field; translation preserves their coefficients
Z_1,23,"[2, 29, 22, 22]","[[0, 30, 1], [23, 27, 1], [18, 6, 1], [18, 6, 1]]","[0, 1, 17, 25]",the four factor directions use the invariant elliptic vector field; translation preserves their coefficients
Z_1,24,"[2, 33, 25, 22]","[[0, 30, 1], [28, 6, 1], [19, 28, 1], [18, 6, 1]]","[0, 1, 17, 25]",the four factor directions use the invariant elliptic vector field; translation preserves their coefficients
Z_1,25,"[2, 34, 24, 20]","[[0, 30, 1], [28, 25, 1], [19, 3, 1], [17, 4, 1]]","[0, 1, 17, 25]",the four factor directions use the invariant elliptic vector field; translation preserves their coefficients
Z_1,26,"[2, 35, 11, 25]","[[0, 30, 1], [30, 0, 1], [6, 0, 1], [19, 28, 1]]","[0, 1, 17, 25]",the four factor directions use the invariant elliptic vector field; translation preserves their coefficients
Z_1,27,"[7, 5, 11, 21]","[[3, 11, 1], [2, 3, 1], [6, 0, 1], [17, 27, 1]]","[0, 1, 17, 25]",the four factor directions use the invariant elliptic vector field; translation preserves their coefficients
Z_1,28,"[7, 6, 3, 21]","[[3, 11, 1], [2, 28, 1], [1, 8, 1], [17, 27, 1]]","[0, 1, 17, 25]",the four factor directions use the invariant elliptic vector field; translation preserves their coefficients
Z_1,29,"[7, 9, 23, 24]","[[3, 11, 1], [5, 8, 1], [18, 25, 1], [19, 3, 1]]","[0, 1, 17, 25]",the four factor directions use the invariant elliptic vector field; translation preserves their coefficients
Z_1,30,"[7, 10, 25, 23]","[[3, 11, 1], [5, 23, 1], [19, 28, 1], [18, 25, 1]]","[0, 1, 17, 25]",the four factor directions use the invariant elliptic vector field; translation preserves their coefficients
Z_1,31,"[7, 28, 24, 24]","[[3, 11, 1], [23, 4, 1], [19, 3, 1], [19, 3, 1]]","[0, 1, 17, 25]",the four factor directions use the invariant elliptic vector field; translation preserves their coefficients
Z_1,32,"[7, 29, 20, 23]","[[3, 11, 1], [23, 27, 1], [17, 4, 1], [18, 25, 1]]","[0, 1, 17, 25]",the four factor directions use the invariant elliptic vector field; translation preserves their coefficients
Z_1,33,"[7, 33, 22, 23]","[[3, 11, 1], [28, 6, 1], [18, 6, 1], [18, 25, 1]]","[0, 1, 17, 25]",the four factor directions use the invariant elliptic vector field; translation preserves their coefficients
Z_1,34,"[7, 34, 21, 24]","[[3, 11, 1], [28, 25, 1], [17, 27, 1], [19, 3, 1]]","[0, 1, 17, 25]",the four factor directions use the invariant elliptic vector field; translation preserves their coefficients
Z_1,35,"[7, 35, 4, 21]","[[3, 11, 1], [30, 0, 1], [1, 23, 1], [17, 27, 1]]","[0, 1, 17, 25]",the four factor directions use the invariant elliptic vector field; translation preserves their coefficients
Z_1,36,"[8, 5, 4, 4]","[[3, 20, 1], [2, 3, 1], [1, 23, 1], [1, 23, 1]]","[0, 1, 17, 25]",the four factor directions use the invariant elliptic vector field; translation preserves their coefficients
Z_1,37,"[8, 6, 11, 4]","[[3, 20, 1], [2, 28, 1], [6, 0, 1], [1, 23, 1]]","[0, 1, 17, 25]",the four factor directions use the invariant elliptic vector field; translation preserves their coefficients
Z_1,38,"[8, 9, 24, 11]","[[3, 20, 1], [5, 8, 1], [19, 3, 1], [6, 0, 1]]","[0, 1, 17, 25]",the four factor directions use the invariant elliptic vector field; translation preserves their coefficients
Z_1,39,"[8, 10, 22, 3]","[[3, 20, 1], [5, 23, 1], [18, 6, 1], [1, 8, 1]]","[0, 1, 17, 25]",the four factor directions use the invariant elliptic vector field; translation preserves their coefficients
Z_1,40,"[8, 28, 21, 11]","[[3, 20, 1], [23, 4, 1], [17, 27, 1], [6, 0, 1]]","[0, 1, 17, 25]",the four factor directions use the invariant elliptic vector field; translation preserves their coefficients
Z_1,41,"[8, 29, 25, 3]","[[3, 20, 1], [23, 27, 1], [19, 28, 1], [1, 8, 1]]","[0, 1, 17, 25]",the four factor directions use the invariant elliptic vector field; translation preserves their coefficients
Z_1,42,"[8, 33, 20, 3]","[[3, 20, 1], [28, 6, 1], [17, 4, 1], [1, 8, 1]]","[0, 1, 17, 25]",the four factor directions use the invariant elliptic vector field; translation preserves their coefficients
Z_1,43,"[8, 34, 23, 11]","[[3, 20, 1], [28, 25, 1], [18, 25, 1], [6, 0, 1]]","[0, 1, 17, 25]",the four factor directions use the invariant elliptic vector field; translation preserves their coefficients
Z_1,44,"[8, 35, 3, 4]","[[3, 20, 1], [30, 0, 1], [1, 8, 1], [1, 23, 1]]","[0, 1, 17, 25]",the four factor directions use the invariant elliptic vector field; translation preserves their coefficients
Z_1,45,"[14, 5, 11, 24]","[[13, 11, 1], [2, 3, 1], [6, 0, 1], [19, 3, 1]]","[0, 1, 17, 25]",the four factor directions use the invariant elliptic vector field; translation preserves their coefficients
Z_1,46,"[14, 6, 3, 24]","[[13, 11, 1], [2, 28, 1], [1, 8, 1], [19, 3, 1]]","[0, 1, 17, 25]",the four factor directions use the invariant elliptic vector field; translation preserves their coefficients
Z_1,47,"[14, 9, 23, 23]","[[13, 11, 1], [5, 8, 1], [18, 25, 1], [18, 25, 1]]","[0, 1, 17, 25]",the four factor directions use the invariant elliptic vector field; translation preserves their coefficients
Z_1,48,"[14, 10, 25, 21]","[[13, 11, 1], [5, 23, 1], [19, 28, 1], [17, 27, 1]]","[0, 1, 17, 25]",the four factor directions use the invariant elliptic vector field; translation preserves their coefficients
Z_1,49,"[14, 28, 24, 23]","[[13, 11, 1], [23, 4, 1], [19, 3, 1], [18, 25, 1]]","[0, 1, 17, 25]",the four factor directions use the invariant elliptic vector field; translation preserves their coefficients
Z_1,50,"[14, 29, 20, 21]","[[13, 11, 1], [23, 27, 1], [17, 4, 1], [17, 27, 1]]","[0, 1, 17, 25]",the four factor directions use the invariant elliptic vector field; translation preserves their coefficients
Z_1,51,"[14, 33, 22, 21]","[[13, 11, 1], [28, 6, 1], [18, 6, 1], [17, 27, 1]]","[0, 1, 17, 25]",the four factor directions use the invariant elliptic vector field; translation preserves their coefficients
Z_1,52,"[14, 34, 21, 23]","[[13, 11, 1], [28, 25, 1], [17, 27, 1], [18, 25, 1]]","[0, 1, 17, 25]",the four factor directions use the invariant elliptic vector field; translation preserves their coefficients
Z_1,53,"[14, 35, 4, 24]","[[13, 11, 1], [30, 0, 1], [1, 23, 1], [19, 3, 1]]","[0, 1, 17, 25]",the four factor directions use the invariant elliptic vector field; translation preserves their coefficients
Z_1,54,"[15, 5, 4, 3]","[[13, 20, 1], [2, 3, 1], [1, 23, 1], [1, 8, 1]]","[0, 1, 17, 25]",the four factor directions use the invariant elliptic vector field; translation preserves their coefficients
Z_1,55,"[15, 6, 11, 3]","[[13, 20, 1], [2, 28, 1], [6, 0, 1], [1, 8, 1]]","[0, 1, 17, 25]",the four factor directions use the invariant elliptic vector field; translation preserves their coefficients
Z_1,56,"[15, 9, 24, 4]","[[13, 20, 1], [5, 8, 1], [19, 3, 1], [1, 23, 1]]","[0, 1, 17, 25]",the four factor directions use the invariant elliptic vector field; translation preserves their coefficients
Z_1,57,"[15, 10, 22, 11]","[[13, 20, 1], [5, 23, 1], [18, 6, 1], [6, 0, 1]]","[0, 1, 17, 25]",the four factor directions use the invariant elliptic vector field; translation preserves their coefficients
Z_1,58,"[15, 28, 21, 4]","[[13, 20, 1], [23, 4, 1], [17, 27, 1], [1, 23, 1]]","[0, 1, 17, 25]",the four factor directions use the invariant elliptic vector field; translation preserves their coefficients
Z_1,59,"[15, 29, 25, 11]","[[13, 20, 1], [23, 27, 1], [19, 28, 1], [6, 0, 1]]","[0, 1, 17, 25]",the four factor directions use the invariant elliptic vector field; translation preserves their coefficients
Z_1,60,"[15, 33, 20, 11]","[[13, 20, 1], [28, 6, 1], [17, 4, 1], [6, 0, 1]]","[0, 1, 17, 25]",the four factor directions use the invariant elliptic vector field; translation preserves their coefficients
Z_1,61,"[15, 34, 23, 4]","[[13, 20, 1], [28, 25, 1], [18, 25, 1], [1, 23, 1]]","[0, 1, 17, 25]",the four factor directions use the invariant elliptic vector field; translation preserves their coefficients
Z_1,62,"[15, 35, 3, 3]","[[13, 20, 1], [30, 0, 1], [1, 8, 1], [1, 8, 1]]","[0, 1, 17, 25]",the four factor directions use the invariant elliptic vector field; translation preserves their coefficients
Z_1,63,"[16, 5, 11, 23]","[[15, 11, 1], [2, 3, 1], [6, 0, 1], [18, 25, 1]]","[0, 1, 17, 25]",the four factor directions use the invariant elliptic vector field; translation preserves their coefficients
Z_1,64,"[16, 6, 3, 23]","[[15, 11, 1], [2, 28, 1], [1, 8, 1], [18, 25, 1]]","[0, 1, 17, 25]",the four factor directions use the invariant elliptic vector field; translation preserves their coefficients
Z_1,65,"[16, 9, 23, 21]","[[15, 11, 1], [5, 8, 1], [18, 25, 1], [17, 27, 1]]","[0, 1, 17, 25]",the four factor directions use the invariant elliptic vector field; translation preserves their coefficients
Z_1,66,"[16, 10, 25, 24]","[[15, 11, 1], [5, 23, 1], [19, 28, 1], [19, 3, 1]]","[0, 1, 17, 25]",the four factor directions use the invariant elliptic vector field; translation preserves their coefficients
Z_1,67,"[16, 28, 24, 21]","[[15, 11, 1], [23, 4, 1], [19, 3, 1], [17, 27, 1]]","[0, 1, 17, 25]",the four factor directions use the invariant elliptic vector field; translation preserves their coefficients
Z_1,68,"[16, 29, 20, 24]","[[15, 11, 1], [23, 27, 1], [17, 4, 1], [19, 3, 1]]","[0, 1, 17, 25]",the four factor directions use the invariant elliptic vector field; translation preserves their coefficients
Z_1,69,"[16, 33, 22, 24]","[[15, 11, 1], [28, 6, 1], [18, 6, 1], [19, 3, 1]]","[0, 1, 17, 25]",the four factor directions use the invariant elliptic vector field; translation preserves their coefficients
Z_1,70,"[16, 34, 21, 21]","[[15, 11, 1], [28, 25, 1], [17, 27, 1], [17, 27, 1]]","[0, 1, 17, 25]",the four factor directions use the invariant elliptic vector field; translation preserves their coefficients
Z_1,71,"[16, 35, 4, 23]","[[15, 11, 1], [30, 0, 1], [1, 23, 1], [18, 25, 1]]","[0, 1, 17, 25]",the four factor directions use the invariant elliptic vector field; translation preserves their coefficients
Z_1,72,"[17, 5, 4, 11]","[[15, 20, 1], [2, 3, 1], [1, 23, 1], [6, 0, 1]]","[0, 1, 17, 25]",the four factor directions use the invariant elliptic vector field; translation preserves their coefficients
Z_1,73,"[17, 6, 11, 11]","[[15, 20, 1], [2, 28, 1], [6, 0, 1], [6, 0, 1]]","[0, 1, 17, 25]",the four factor directions use the invariant elliptic vector field; translation preserves their coefficients
Z_1,74,"[17, 9, 24, 3]","[[15, 20, 1], [5, 8, 1], [19, 3, 1], [1, 8, 1]]","[0, 1, 17, 25]",the four factor directions use the invariant elliptic vector field; translation preserves their coefficients
Z_1,75,"[17, 10, 22, 4]","[[15, 20, 1], [5, 23, 1], [18, 6, 1], [1, 23, 1]]","[0, 1, 17, 25]",the four factor directions use the invariant elliptic vector field; translation preserves their coefficients
Z_1,76,"[17, 28, 21, 3]","[[15, 20, 1], [23, 4, 1], [17, 27, 1], [1, 8, 1]]","[0, 1, 17, 25]",the four factor directions use the invariant elliptic vector field; translation preserves their coefficients
Z_1,77,"[17, 29, 25, 4]","[[15, 20, 1], [23, 27, 1], [19, 28, 1], [1, 23, 1]]","[0, 1, 17, 25]",the four factor directions use the invariant elliptic vector field; translation preserves their coefficients
Z_1,78,"[17, 33, 20, 4]","[[15, 20, 1], [28, 6, 1], [17, 4, 1], [1, 23, 1]]","[0, 1, 17, 25]",the four factor directions use the invariant elliptic vector field; translation preserves their coefficients
Z_1,79,"[17, 34, 23, 3]","[[15, 20, 1], [28, 25, 1], [18, 25, 1], [1, 8, 1]]","[0, 1, 17, 25]",the four factor directions use the invariant elliptic vector field; translation preserves their coefficients
Z_1,80,"[17, 35, 3, 11]","[[15, 20, 1], [30, 0, 1], [1, 8, 1], [6, 0, 1]]","[0, 1, 17, 25]",the four factor directions use the invariant elliptic vector field; translation preserves their coefficients
Z_2,0,"[0, 0, 9, 15]","[[0, 1, 0], [0, 1, 0], [5, 8, 1], [13, 20, 1]]","[1, 1, 3, 0]",the four factor directions use the invariant elliptic vector field; translation preserves their coefficients
Z_2,1,"[0, 1, 5, 15]","[[0, 1, 0], [0, 1, 1], [2, 3, 1], [13, 20, 1]]","[1, 1, 3, 0]",the four factor directions use the invariant elliptic vector field; translation preserves their coefficients
Z_2,2,"[0, 2, 33, 15]","[[0, 1, 0], [0, 30, 1], [28, 6, 1], [13, 20, 1]]","[1, 1, 3, 0]",the four factor directions use the invariant elliptic vector field; translation preserves their coefficients
Z_2,3,"[0, 7, 35, 1]","[[0, 1, 0], [3, 11, 1], [30, 0, 1], [0, 1, 1]]","[1, 1, 3, 0]",the four factor directions use the invariant elliptic vector field; translation preserves their coefficients
Z_2,4,"[0, 8, 10, 16]","[[0, 1, 0], [3, 20, 1], [5, 23, 1], [15, 11, 1]]","[1, 1, 3, 0]",the four factor directions use the invariant elliptic vector field; translation preserves their coefficients
Z_2,5,"[0, 14, 28, 1]","[[0, 1, 0], [13, 11, 1], [23, 4, 1], [0, 1, 1]]","[1, 1, 3, 0]",the four factor directions use the invariant elliptic vector field; translation preserves their coefficients
Z_2,6,"[0, 15, 34, 16]","[[0, 1, 0], [13, 20, 1], [28, 25, 1], [15, 11, 1]]","[1, 1, 3, 0]",the four factor directions use the invariant elliptic vector field; translation preserves their coefficients
Z_2,7,"[0, 16, 29, 1]","[[0, 1, 0], [15, 11, 1], [23, 27, 1], [0, 1, 1]]","[1, 1, 3, 0]",the four factor directions use the invariant elliptic vector field; translation preserves their coefficients
Z_2,8,"[0, 17, 6, 16]","[[0, 1, 0], [15, 20, 1], [2, 28, 1], [15, 11, 1]]","[1, 1, 3, 0]",the four factor directions use the invariant elliptic vector field; translation preserves their coefficients
Z_2,9,"[1, 0, 9, 1]","[[0, 1, 1], [0, 1, 0], [5, 8, 1], [0, 1, 1]]","[1, 1, 3, 0]",the four factor directions use the invariant elliptic vector field; translation preserves their coefficients
Z_2,10,"[1, 1, 5, 1]","[[0, 1, 1], [0, 1, 1], [2, 3, 1], [0, 1, 1]]","[1, 1, 3, 0]",the four factor directions use the invariant elliptic vector field; translation preserves their coefficients
Z_2,11,"[1, 2, 33, 1]","[[0, 1, 1], [0, 30, 1], [28, 6, 1], [0, 1, 1]]","[1, 1, 3, 0]",the four factor directions use the invariant elliptic vector field; translation preserves their coefficients
Z_2,12,"[1, 7, 35, 16]","[[0, 1, 1], [3, 11, 1], [30, 0, 1], [15, 11, 1]]","[1, 1, 3, 0]",the four factor directions use the invariant elliptic vector field; translation preserves their coefficients
Z_2,13,"[1, 8, 10, 15]","[[0, 1, 1], [3, 20, 1], [5, 23, 1], [13, 20, 1]]","[1, 1, 3, 0]",the four factor directions use the invariant elliptic vector field; translation preserves their coefficients
Z_2,14,"[1, 14, 28, 16]","[[0, 1, 1], [13, 11, 1], [23, 4, 1], [15, 11, 1]]","[1, 1, 3, 0]",the four factor directions use the invariant elliptic vector field; translation preserves their coefficients
Z_2,15,"[1, 15, 34, 15]","[[0, 1, 1], [13, 20, 1], [28, 25, 1], [13, 20, 1]]","[1, 1, 3, 0]",the four factor directions use the invariant elliptic vector field; translation preserves their coefficients
Z_2,16,"[1, 16, 29, 16]","[[0, 1, 1], [15, 11, 1], [23, 27, 1], [15, 11, 1]]","[1, 1, 3, 0]",the four factor directions use the invariant elliptic vector field; translation preserves their coefficients
Z_2,17,"[1, 17, 6, 15]","[[0, 1, 1], [15, 20, 1], [2, 28, 1], [13, 20, 1]]","[1, 1, 3, 0]",the four factor directions use the invariant elliptic vector field; translation preserves their coefficients
Z_2,18,"[2, 0, 9, 16]","[[0, 30, 1], [0, 1, 0], [5, 8, 1], [15, 11, 1]]","[1, 1, 3, 0]",the four factor directions use the invariant elliptic vector field; translation preserves their coefficients
Z_2,19,"[2, 1, 5, 16]","[[0, 30, 1], [0, 1, 1], [2, 3, 1], [15, 11, 1]]","[1, 1, 3, 0]",the four factor directions use the invariant elliptic vector field; translation preserves their coefficients
Z_2,20,"[2, 2, 33, 16]","[[0, 30, 1], [0, 30, 1], [28, 6, 1], [15, 11, 1]]","[1, 1, 3, 0]",the four factor directions use the invariant elliptic vector field; translation preserves their coefficients
Z_2,21,"[2, 7, 35, 15]","[[0, 30, 1], [3, 11, 1], [30, 0, 1], [13, 20, 1]]","[1, 1, 3, 0]",the four factor directions use the invariant elliptic vector field; translation preserves their coefficients
Z_2,22,"[2, 8, 10, 1]","[[0, 30, 1], [3, 20, 1], [5, 23, 1], [0, 1, 1]]","[1, 1, 3, 0]",the four factor directions use the invariant elliptic vector field; translation preserves their coefficients
Z_2,23,"[2, 14, 28, 15]","[[0, 30, 1], [13, 11, 1], [23, 4, 1], [13, 20, 1]]","[1, 1, 3, 0]",the four factor directions use the invariant elliptic vector field; translation preserves their coefficients
Z_2,24,"[2, 15, 34, 1]","[[0, 30, 1], [13, 20, 1], [28, 25, 1], [0, 1, 1]]","[1, 1, 3, 0]",the four factor directions use the invariant elliptic vector field; translation preserves their coefficients
Z_2,25,"[2, 16, 29, 15]","[[0, 30, 1], [15, 11, 1], [23, 27, 1], [13, 20, 1]]","[1, 1, 3, 0]",the four factor directions use the invariant elliptic vector field; translation preserves their coefficients
Z_2,26,"[2, 17, 6, 1]","[[0, 30, 1], [15, 20, 1], [2, 28, 1], [0, 1, 1]]","[1, 1, 3, 0]",the four factor directions use the invariant elliptic vector field; translation preserves their coefficients
Z_2,27,"[7, 0, 5, 17]","[[3, 11, 1], [0, 1, 0], [2, 3, 1], [15, 20, 1]]","[1, 1, 3, 0]",the four factor directions use the invariant elliptic vector field; translation preserves their coefficients
Z_2,28,"[7, 1, 33, 17]","[[3, 11, 1], [0, 1, 1], [28, 6, 1], [15, 20, 1]]","[1, 1, 3, 0]",the four factor directions use the invariant elliptic vector field; translation preserves their coefficients
Z_2,29,"[7, 2, 9, 17]","[[3, 11, 1], [0, 30, 1], [5, 8, 1], [15, 20, 1]]","[1, 1, 3, 0]",the four factor directions use the invariant elliptic vector field; translation preserves their coefficients
Z_2,30,"[7, 7, 29, 2]","[[3, 11, 1], [3, 11, 1], [23, 27, 1], [0, 30, 1]]","[1, 1, 3, 0]",the four factor directions use the invariant elliptic vector field; translation preserves their coefficients
Z_2,31,"[7, 8, 34, 14]","[[3, 11, 1], [3, 20, 1], [28, 25, 1], [13, 11, 1]]","[1, 1, 3, 0]",the four factor directions use the invariant elliptic vector field; translation preserves their coefficients
Z_2,32,"[7, 14, 35, 2]","[[3, 11, 1], [13, 11, 1], [30, 0, 1], [0, 30, 1]]","[1, 1, 3, 0]",the four factor directions use the invariant elliptic vector field; translation preserves their coefficients
Z_2,33,"[7, 15, 6, 14]","[[3, 11, 1], [13, 20, 1], [2, 28, 1], [13, 11, 1]]","[1, 1, 3, 0]",the four factor directions use the invariant elliptic vector field; translation preserves their coefficients
Z_2,34,"[7, 16, 28, 2]","[[3, 11, 1], [15, 11, 1], [23, 4, 1], [0, 30, 1]]","[1, 1, 3, 0]",the four factor directions use the invariant elliptic vector field; translation preserves their coefficients
Z_2,35,"[7, 17, 10, 14]","[[3, 11, 1], [15, 20, 1], [5, 23, 1], [13, 11, 1]]","[1, 1, 3, 0]",the four factor directions use the invariant elliptic vector field; translation preserves their coefficients
Z_2,36,"[8, 0, 33, 8]","[[3, 20, 1], [0, 1, 0], [28, 6, 1], [3, 20, 1]]","[1, 1, 3, 0]",the four factor directions use the invariant elliptic vector field; translation preserves their coefficients
Z_2,37,"[8, 1, 9, 8]","[[3, 20, 1], [0, 1, 1], [5, 8, 1], [3, 20, 1]]","[1, 1, 3, 0]",the four factor directions use the invariant elliptic vector field; translation preserves their coefficients
Z_2,38,"[8, 2, 5, 8]","[[3, 20, 1], [0, 30, 1], [2, 3, 1], [3, 20, 1]]","[1, 1, 3, 0]",the four factor directions use the invariant elliptic vector field; translation preserves their coefficients
Z_2,39,"[8, 7, 28, 0]","[[3, 20, 1], [3, 11, 1], [23, 4, 1], [0, 1, 0]]","[1, 1, 3, 0]",the four factor directions use the invariant elliptic vector field; translation preserves their coefficients
Z_2,40,"[8, 8, 6, 7]","[[3, 20, 1], [3, 20, 1], [2, 28, 1], [3, 11, 1]]","[1, 1, 3, 0]",the four factor directions use the invariant elliptic vector field; translation preserves their coefficients
Z_2,41,"[8, 14, 29, 0]","[[3, 20, 1], [13, 11, 1], [23, 27, 1], [0, 1, 0]]","[1, 1, 3, 0]",the four factor directions use the invariant elliptic vector field; translation preserves their coefficients
Z_2,42,"[8, 15, 10, 7]","[[3, 20, 1], [13, 20, 1], [5, 23, 1], [3, 11, 1]]","[1, 1, 3, 0]",the four factor directions use the invariant elliptic vector field; translation preserves their coefficients
Z_2,43,"[8, 16, 35, 0]","[[3, 20, 1], [15, 11, 1], [30, 0, 1], [0, 1, 0]]","[1, 1, 3, 0]",the four factor directions use the invariant elliptic vector field; translation preserves their coefficients
Z_2,44,"[8, 17, 34, 7]","[[3, 20, 1], [15, 20, 1], [28, 25, 1], [3, 11, 1]]","[1, 1, 3, 0]",the four factor directions use the invariant elliptic vector field; translation preserves their coefficients
Z_2,45,"[14, 0, 5, 14]","[[13, 11, 1], [0, 1, 0], [2, 3, 1], [13, 11, 1]]","[1, 1, 3, 0]",the four factor directions use the invariant elliptic vector field; translation preserves their coefficients
Z_2,46,"[14, 1, 33, 14]","[[13, 11, 1], [0, 1, 1], [28, 6, 1], [13, 11, 1]]","[1, 1, 3, 0]",the four factor directions use the invariant elliptic vector field; translation preserves their coefficients
Z_2,47,"[14, 2, 9, 14]","[[13, 11, 1], [0, 30, 1], [5, 8, 1], [13, 11, 1]]","[1, 1, 3, 0]",the four factor directions use the invariant elliptic vector field; translation preserves their coefficients
Z_2,48,"[14, 7, 29, 17]","[[13, 11, 1], [3, 11, 1], [23, 27, 1], [15, 20, 1]]","[1, 1, 3, 0]",the four factor directions use the invariant elliptic vector field; translation preserves their coefficients
Z_2,49,"[14, 8, 34, 2]","[[13, 11, 1], [3, 20, 1], [28, 25, 1], [0, 30, 1]]","[1, 1, 3, 0]",the four factor directions use the invariant elliptic vector field; translation preserves their coefficients
Z_2,50,"[14, 14, 35, 17]","[[13, 11, 1], [13, 11, 1], [30, 0, 1], [15, 20, 1]]","[1, 1, 3, 0]",the four factor directions use the invariant elliptic vector field; translation preserves their coefficients
Z_2,51,"[14, 15, 6, 2]","[[13, 11, 1], [13, 20, 1], [2, 28, 1], [0, 30, 1]]","[1, 1, 3, 0]",the four factor directions use the invariant elliptic vector field; translation preserves their coefficients
Z_2,52,"[14, 16, 28, 17]","[[13, 11, 1], [15, 11, 1], [23, 4, 1], [15, 20, 1]]","[1, 1, 3, 0]",the four factor directions use the invariant elliptic vector field; translation preserves their coefficients
Z_2,53,"[14, 17, 10, 2]","[[13, 11, 1], [15, 20, 1], [5, 23, 1], [0, 30, 1]]","[1, 1, 3, 0]",the four factor directions use the invariant elliptic vector field; translation preserves their coefficients
Z_2,54,"[15, 0, 33, 0]","[[13, 20, 1], [0, 1, 0], [28, 6, 1], [0, 1, 0]]","[1, 1, 3, 0]",the four factor directions use the invariant elliptic vector field; translation preserves their coefficients
Z_2,55,"[15, 1, 9, 0]","[[13, 20, 1], [0, 1, 1], [5, 8, 1], [0, 1, 0]]","[1, 1, 3, 0]",the four factor directions use the invariant elliptic vector field; translation preserves their coefficients
Z_2,56,"[15, 2, 5, 0]","[[13, 20, 1], [0, 30, 1], [2, 3, 1], [0, 1, 0]]","[1, 1, 3, 0]",the four factor directions use the invariant elliptic vector field; translation preserves their coefficients
Z_2,57,"[15, 7, 28, 7]","[[13, 20, 1], [3, 11, 1], [23, 4, 1], [3, 11, 1]]","[1, 1, 3, 0]",the four factor directions use the invariant elliptic vector field; translation preserves their coefficients
Z_2,58,"[15, 8, 6, 8]","[[13, 20, 1], [3, 20, 1], [2, 28, 1], [3, 20, 1]]","[1, 1, 3, 0]",the four factor directions use the invariant elliptic vector field; translation preserves their coefficients
Z_2,59,"[15, 14, 29, 7]","[[13, 20, 1], [13, 11, 1], [23, 27, 1], [3, 11, 1]]","[1, 1, 3, 0]",the four factor directions use the invariant elliptic vector field; translation preserves their coefficients
Z_2,60,"[15, 15, 10, 8]","[[13, 20, 1], [13, 20, 1], [5, 23, 1], [3, 20, 1]]","[1, 1, 3, 0]",the four factor directions use the invariant elliptic vector field; translation preserves their coefficients
Z_2,61,"[15, 16, 35, 7]","[[13, 20, 1], [15, 11, 1], [30, 0, 1], [3, 11, 1]]","[1, 1, 3, 0]",the four factor directions use the invariant elliptic vector field; translation preserves their coefficients
Z_2,62,"[15, 17, 34, 8]","[[13, 20, 1], [15, 20, 1], [28, 25, 1], [3, 20, 1]]","[1, 1, 3, 0]",the four factor directions use the invariant elliptic vector field; translation preserves their coefficients
Z_2,63,"[16, 0, 5, 2]","[[15, 11, 1], [0, 1, 0], [2, 3, 1], [0, 30, 1]]","[1, 1, 3, 0]",the four factor directions use the invariant elliptic vector field; translation preserves their coefficients
Z_2,64,"[16, 1, 33, 2]","[[15, 11, 1], [0, 1, 1], [28, 6, 1], [0, 30, 1]]","[1, 1, 3, 0]",the four factor directions use the invariant elliptic vector field; translation preserves their coefficients
Z_2,65,"[16, 2, 9, 2]","[[15, 11, 1], [0, 30, 1], [5, 8, 1], [0, 30, 1]]","[1, 1, 3, 0]",the four factor directions use the invariant elliptic vector field; translation preserves their coefficients
Z_2,66,"[16, 7, 29, 14]","[[15, 11, 1], [3, 11, 1], [23, 27, 1], [13, 11, 1]]","[1, 1, 3, 0]",the four factor directions use the invariant elliptic vector field; translation preserves their coefficients
Z_2,67,"[16, 8, 34, 17]","[[15, 11, 1], [3, 20, 1], [28, 25, 1], [15, 20, 1]]","[1, 1, 3, 0]",the four factor directions use the invariant elliptic vector field; translation preserves their coefficients
Z_2,68,"[16, 14, 35, 14]","[[15, 11, 1], [13, 11, 1], [30, 0, 1], [13, 11, 1]]","[1, 1, 3, 0]",the four factor directions use the invariant elliptic vector field; translation preserves their coefficients
Z_2,69,"[16, 15, 6, 17]","[[15, 11, 1], [13, 20, 1], [2, 28, 1], [15, 20, 1]]","[1, 1, 3, 0]",the four factor directions use the invariant elliptic vector field; translation preserves their coefficients
Z_2,70,"[16, 16, 28, 14]","[[15, 11, 1], [15, 11, 1], [23, 4, 1], [13, 11, 1]]","[1, 1, 3, 0]",the four factor directions use the invariant elliptic vector field; translation preserves their coefficients
Z_2,71,"[16, 17, 10, 17]","[[15, 11, 1], [15, 20, 1], [5, 23, 1], [15, 20, 1]]","[1, 1, 3, 0]",the four factor directions use the invariant elliptic vector field; translation preserves their coefficients
Z_2,72,"[17, 0, 33, 7]","[[15, 20, 1], [0, 1, 0], [28, 6, 1], [3, 11, 1]]","[1, 1, 3, 0]",the four factor directions use the invariant elliptic vector field; translation preserves their coefficients
Z_2,73,"[17, 1, 9, 7]","[[15, 20, 1], [0, 1, 1], [5, 8, 1], [3, 11, 1]]","[1, 1, 3, 0]",the four factor directions use the invariant elliptic vector field; translation preserves their coefficients
Z_2,74,"[17, 2, 5, 7]","[[15, 20, 1], [0, 30, 1], [2, 3, 1], [3, 11, 1]]","[1, 1, 3, 0]",the four factor directions use the invariant elliptic vector field; translation preserves their coefficients
Z_2,75,"[17, 7, 28, 8]","[[15, 20, 1], [3, 11, 1], [23, 4, 1], [3, 20, 1]]","[1, 1, 3, 0]",the four factor directions use the invariant elliptic vector field; translation preserves their coefficients
Z_2,76,"[17, 8, 6, 0]","[[15, 20, 1], [3, 20, 1], [2, 28, 1], [0, 1, 0]]","[1, 1, 3, 0]",the four factor directions use the invariant elliptic vector field; translation preserves their coefficients
Z_2,77,"[17, 14, 29, 8]","[[15, 20, 1], [13, 11, 1], [23, 27, 1], [3, 20, 1]]","[1, 1, 3, 0]",the four factor directions use the invariant elliptic vector field; translation preserves their coefficients
Z_2,78,"[17, 15, 10, 0]","[[15, 20, 1], [13, 20, 1], [5, 23, 1], [0, 1, 0]]","[1, 1, 3, 0]",the four factor directions use the invariant elliptic vector field; translation preserves their coefficients
Z_2,79,"[17, 16, 35, 8]","[[15, 20, 1], [15, 11, 1], [30, 0, 1], [3, 20, 1]]","[1, 1, 3, 0]",the four factor directions use the invariant elliptic vector field; translation preserves their coefficients
Z_2,80,"[17, 17, 34, 0]","[[15, 20, 1], [15, 20, 1], [28, 25, 1], [0, 1, 0]]","[1, 1, 3, 0]",the four factor directions use the invariant elliptic vector field; translation preserves their coefficients
Z_3,0,"[3, 0, 0, 28]","[[1, 8, 1], [0, 1, 0], [0, 1, 0], [23, 4, 1]]","[0, 0, 1, 0]",the four factor directions use the invariant elliptic vector field; translation preserves their coefficients
Z_3,1,"[3, 1, 7, 28]","[[1, 8, 1], [0, 1, 1], [3, 11, 1], [23, 4, 1]]","[0, 0, 1, 0]",the four factor directions use the invariant elliptic vector field; translation preserves their coefficients
Z_3,2,"[3, 2, 8, 28]","[[1, 8, 1], [0, 30, 1], [3, 20, 1], [23, 4, 1]]","[0, 0, 1, 0]",the four factor directions use the invariant elliptic vector field; translation preserves their coefficients
Z_3,3,"[3, 7, 16, 35]","[[1, 8, 1], [3, 11, 1], [15, 11, 1], [30, 0, 1]]","[0, 0, 1, 0]",the four factor directions use the invariant elliptic vector field; translation preserves their coefficients
Z_3,4,"[3, 8, 17, 29]","[[1, 8, 1], [3, 20, 1], [15, 20, 1], [23, 27, 1]]","[0, 0, 1, 0]",the four factor directions use the invariant elliptic vector field; translation preserves their coefficients
Z_3,5,"[3, 14, 1, 35]","[[1, 8, 1], [13, 11, 1], [0, 1, 1], [30, 0, 1]]","[0, 0, 1, 0]",the four factor directions use the invariant elliptic vector field; translation preserves their coefficients
Z_3,6,"[3, 15, 2, 29]","[[1, 8, 1], [13, 20, 1], [0, 30, 1], [23, 27, 1]]","[0, 0, 1, 0]",the four factor directions use the invariant elliptic vector field; translation preserves their coefficients
Z_3,7,"[3, 16, 15, 35]","[[1, 8, 1], [15, 11, 1], [13, 20, 1], [30, 0, 1]]","[0, 0, 1, 0]",the four factor directions use the invariant elliptic vector field; translation preserves their coefficients
Z_3,8,"[3, 17, 14, 29]","[[1, 8, 1], [15, 20, 1], [13, 11, 1], [23, 27, 1]]","[0, 0, 1, 0]",the four factor directions use the invariant elliptic vector field; translation preserves their coefficients
Z_3,9,"[4, 0, 8, 9]","[[1, 23, 1], [0, 1, 0], [3, 20, 1], [5, 8, 1]]","[0, 0, 1, 0]",the four factor directions use the invariant elliptic vector field; translation preserves their coefficients
Z_3,10,"[4, 1, 0, 9]","[[1, 23, 1], [0, 1, 1], [0, 1, 0], [5, 8, 1]]","[0, 0, 1, 0]",the four factor directions use the invariant elliptic vector field; translation preserves their coefficients
Z_3,11,"[4, 2, 7, 9]","[[1, 23, 1], [0, 30, 1], [3, 11, 1], [5, 8, 1]]","[0, 0, 1, 0]",the four factor directions use the invariant elliptic vector field; translation preserves their coefficients
Z_3,12,"[4, 7, 1, 5]","[[1, 23, 1], [3, 11, 1], [0, 1, 1], [2, 3, 1]]","[0, 0, 1, 0]",the four factor directions use the invariant elliptic vector field; translation preserves their coefficients
Z_3,13,"[4, 8, 14, 33]","[[1, 23, 1], [3, 20, 1], [13, 11, 1], [28, 6, 1]]","[0, 0, 1, 0]",the four factor directions use the invariant elliptic vector field; translation preserves their coefficients
Z_3,14,"[4, 14, 15, 5]","[[1, 23, 1], [13, 11, 1], [13, 20, 1], [2, 3, 1]]","[0, 0, 1, 0]",the four factor directions use the invariant elliptic vector field; translation preserves their coefficients
Z_3,15,"[4, 15, 17, 33]","[[1, 23, 1], [13, 20, 1], [15, 20, 1], [28, 6, 1]]","[0, 0, 1, 0]",the four factor directions use the invariant elliptic vector field; translation preserves their coefficients
Z_3,16,"[4, 16, 16, 5]","[[1, 23, 1], [15, 11, 1], [15, 11, 1], [2, 3, 1]]","[0, 0, 1, 0]",the four factor directions use the invariant elliptic vector field; translation preserves their coefficients
Z_3,17,"[4, 17, 2, 33]","[[1, 23, 1], [15, 20, 1], [0, 30, 1], [28, 6, 1]]","[0, 0, 1, 0]",the four factor directions use the invariant elliptic vector field; translation preserves their coefficients
Z_3,18,"[11, 0, 7, 34]","[[6, 0, 1], [0, 1, 0], [3, 11, 1], [28, 25, 1]]","[0, 0, 1, 0]",the four factor directions use the invariant elliptic vector field; translation preserves their coefficients
Z_3,19,"[11, 1, 8, 34]","[[6, 0, 1], [0, 1, 1], [3, 20, 1], [28, 25, 1]]","[0, 0, 1, 0]",the four factor directions use the invariant elliptic vector field; translation preserves their coefficients
Z_3,20,"[11, 2, 0, 34]","[[6, 0, 1], [0, 30, 1], [0, 1, 0], [28, 25, 1]]","[0, 0, 1, 0]",the four factor directions use the invariant elliptic vector field; translation preserves their coefficients
Z_3,21,"[11, 7, 15, 6]","[[6, 0, 1], [3, 11, 1], [13, 20, 1], [2, 28, 1]]","[0, 0, 1, 0]",the four factor directions use the invariant elliptic vector field; translation preserves their coefficients
Z_3,22,"[11, 8, 2, 10]","[[6, 0, 1], [3, 20, 1], [0, 30, 1], [5, 23, 1]]","[0, 0, 1, 0]",the four factor directions use the invariant elliptic vector field; translation preserves their coefficients
Z_3,23,"[11, 14, 16, 6]","[[6, 0, 1], [13, 11, 1], [15, 11, 1], [2, 28, 1]]","[0, 0, 1, 0]",the four factor directions use the invariant elliptic vector field; translation preserves their coefficients
Z_3,24,"[11, 15, 14, 10]","[[6, 0, 1], [13, 20, 1], [13, 11, 1], [5, 23, 1]]","[0, 0, 1, 0]",the four factor directions use the invariant elliptic vector field; translation preserves their coefficients
Z_3,25,"[11, 16, 1, 6]","[[6, 0, 1], [15, 11, 1], [0, 1, 1], [2, 28, 1]]","[0, 0, 1, 0]",the four factor directions use the invariant elliptic vector field; translation preserves their coefficients
Z_3,26,"[11, 17, 17, 10]","[[6, 0, 1], [15, 20, 1], [15, 20, 1], [5, 23, 1]]","[0, 0, 1, 0]",the four factor directions use the invariant elliptic vector field; translation preserves their coefficients
Z_3,27,"[20, 0, 0, 35]","[[17, 4, 1], [0, 1, 0], [0, 1, 0], [30, 0, 1]]","[0, 0, 1, 0]",the four factor directions use the invariant elliptic vector field; translation preserves their coefficients
Z_3,28,"[20, 1, 7, 35]","[[17, 4, 1], [0, 1, 1], [3, 11, 1], [30, 0, 1]]","[0, 0, 1, 0]",the four factor directions use the invariant elliptic vector field; translation preserves their coefficients
Z_3,29,"[20, 2, 8, 35]","[[17, 4, 1], [0, 30, 1], [3, 20, 1], [30, 0, 1]]","[0, 0, 1, 0]",the four factor directions use the invariant elliptic vector field; translation preserves their coefficients
Z_3,30,"[20, 7, 16, 29]","[[17, 4, 1], [3, 11, 1], [15, 11, 1], [23, 27, 1]]","[0, 0, 1, 0]",the four factor directions use the invariant elliptic vector field; translation preserves their coefficients
Z_3,31,"[20, 8, 17, 28]","[[17, 4, 1], [3, 20, 1], [15, 20, 1], [23, 4, 1]]","[0, 0, 1, 0]",the four factor directions use the invariant elliptic vector field; translation preserves their coefficients
Z_3,32,"[20, 14, 1, 29]","[[17, 4, 1], [13, 11, 1], [0, 1, 1], [23, 27, 1]]","[0, 0, 1, 0]",the four factor directions use the invariant elliptic vector field; translation preserves their coefficients
Z_3,33,"[20, 15, 2, 28]","[[17, 4, 1], [13, 20, 1], [0, 30, 1], [23, 4, 1]]","[0, 0, 1, 0]",the four factor directions use the invariant elliptic vector field; translation preserves their coefficients
Z_3,34,"[20, 16, 15, 29]","[[17, 4, 1], [15, 11, 1], [13, 20, 1], [23, 27, 1]]","[0, 0, 1, 0]",the four factor directions use the invariant elliptic vector field; translation preserves their coefficients
Z_3,35,"[20, 17, 14, 28]","[[17, 4, 1], [15, 20, 1], [13, 11, 1], [23, 4, 1]]","[0, 0, 1, 0]",the four factor directions use the invariant elliptic vector field; translation preserves their coefficients
Z_3,36,"[21, 0, 8, 33]","[[17, 27, 1], [0, 1, 0], [3, 20, 1], [28, 6, 1]]","[0, 0, 1, 0]",the four factor directions use the invariant elliptic vector field; translation preserves their coefficients
Z_3,37,"[21, 1, 0, 33]","[[17, 27, 1], [0, 1, 1], [0, 1, 0], [28, 6, 1]]","[0, 0, 1, 0]",the four factor directions use the invariant elliptic vector field; translation preserves their coefficients
Z_3,38,"[21, 2, 7, 33]","[[17, 27, 1], [0, 30, 1], [3, 11, 1], [28, 6, 1]]","[0, 0, 1, 0]",the four factor directions use the invariant elliptic vector field; translation preserves their coefficients
Z_3,39,"[21, 7, 1, 9]","[[17, 27, 1], [3, 11, 1], [0, 1, 1], [5, 8, 1]]","[0, 0, 1, 0]",the four factor directions use the invariant elliptic vector field; translation preserves their coefficients
Z_3,40,"[21, 8, 14, 5]","[[17, 27, 1], [3, 20, 1], [13, 11, 1], [2, 3, 1]]","[0, 0, 1, 0]",the four factor directions use the invariant elliptic vector field; translation preserves their coefficients
Z_3,41,"[21, 14, 15, 9]","[[17, 27, 1], [13, 11, 1], [13, 20, 1], [5, 8, 1]]","[0, 0, 1, 0]",the four factor directions use the invariant elliptic vector field; translation preserves their coefficients
Z_3,42,"[21, 15, 17, 5]","[[17, 27, 1], [13, 20, 1], [15, 20, 1], [2, 3, 1]]","[0, 0, 1, 0]",the four factor directions use the invariant elliptic vector field; translation preserves their coefficients
Z_3,43,"[21, 16, 16, 9]","[[17, 27, 1], [15, 11, 1], [15, 11, 1], [5, 8, 1]]","[0, 0, 1, 0]",the four factor directions use the invariant elliptic vector field; translation preserves their coefficients
Z_3,44,"[21, 17, 2, 5]","[[17, 27, 1], [15, 20, 1], [0, 30, 1], [2, 3, 1]]","[0, 0, 1, 0]",the four factor directions use the invariant elliptic vector field; translation preserves their coefficients
Z_3,45,"[22, 0, 8, 5]","[[18, 6, 1], [0, 1, 0], [3, 20, 1], [2, 3, 1]]","[0, 0, 1, 0]",the four factor directions use the invariant elliptic vector field; translation preserves their coefficients
Z_3,46,"[22, 1, 0, 5]","[[18, 6, 1], [0, 1, 1], [0, 1, 0], [2, 3, 1]]","[0, 0, 1, 0]",the four factor directions use the invariant elliptic vector field; translation preserves their coefficients
Z_3,47,"[22, 2, 7, 5]","[[18, 6, 1], [0, 30, 1], [3, 11, 1], [2, 3, 1]]","[0, 0, 1, 0]",the four factor directions use the invariant elliptic vector field; translation preserves their coefficients
Z_3,48,"[22, 7, 1, 33]","[[18, 6, 1], [3, 11, 1], [0, 1, 1], [28, 6, 1]]","[0, 0, 1, 0]",the four factor directions use the invariant elliptic vector field; translation preserves their coefficients
Z_3,49,"[22, 8, 14, 9]","[[18, 6, 1], [3, 20, 1], [13, 11, 1], [5, 8, 1]]","[0, 0, 1, 0]",the four factor directions use the invariant elliptic vector field; translation preserves their coefficients
Z_3,50,"[22, 14, 15, 33]","[[18, 6, 1], [13, 11, 1], [13, 20, 1], [28, 6, 1]]","[0, 0, 1, 0]",the four factor directions use the invariant elliptic vector field; translation preserves their coefficients
Z_3,51,"[22, 15, 17, 9]","[[18, 6, 1], [13, 20, 1], [15, 20, 1], [5, 8, 1]]","[0, 0, 1, 0]",the four factor directions use the invariant elliptic vector field; translation preserves their coefficients
Z_3,52,"[22, 16, 16, 33]","[[18, 6, 1], [15, 11, 1], [15, 11, 1], [28, 6, 1]]","[0, 0, 1, 0]",the four factor directions use the invariant elliptic vector field; translation preserves their coefficients
Z_3,53,"[22, 17, 2, 9]","[[18, 6, 1], [15, 20, 1], [0, 30, 1], [5, 8, 1]]","[0, 0, 1, 0]",the four factor directions use the invariant elliptic vector field; translation preserves their coefficients
Z_3,54,"[23, 0, 0, 29]","[[18, 25, 1], [0, 1, 0], [0, 1, 0], [23, 27, 1]]","[0, 0, 1, 0]",the four factor directions use the invariant elliptic vector field; translation preserves their coefficients
Z_3,55,"[23, 1, 7, 29]","[[18, 25, 1], [0, 1, 1], [3, 11, 1], [23, 27, 1]]","[0, 0, 1, 0]",the four factor directions use the invariant elliptic vector field; translation preserves their coefficients
Z_3,56,"[23, 2, 8, 29]","[[18, 25, 1], [0, 30, 1], [3, 20, 1], [23, 27, 1]]","[0, 0, 1, 0]",the four factor directions use the invariant elliptic vector field; translation preserves their coefficients
Z_3,57,"[23, 7, 16, 28]","[[18, 25, 1], [3, 11, 1], [15, 11, 1], [23, 4, 1]]","[0, 0, 1, 0]",the four factor directions use the invariant elliptic vector field; translation preserves their coefficients
Z_3,58,"[23, 8, 17, 35]","[[18, 25, 1], [3, 20, 1], [15, 20, 1], [30, 0, 1]]","[0, 0, 1, 0]",the four factor directions use the invariant elliptic vector field; translation preserves their coefficients
Z_3,59,"[23, 14, 1, 28]","[[18, 25, 1], [13, 11, 1], [0, 1, 1], [23, 4, 1]]","[0, 0, 1, 0]",the four factor directions use the invariant elliptic vector field; translation preserves their coefficients
Z_3,60,"[23, 15, 2, 35]","[[18, 25, 1], [13, 20, 1], [0, 30, 1], [30, 0, 1]]","[0, 0, 1, 0]",the four factor directions use the invariant elliptic vector field; translation preserves their coefficients
Z_3,61,"[23, 16, 15, 28]","[[18, 25, 1], [15, 11, 1], [13, 20, 1], [23, 4, 1]]","[0, 0, 1, 0]",the four factor directions use the invariant elliptic vector field; translation preserves their coefficients
Z_3,62,"[23, 17, 14, 35]","[[18, 25, 1], [15, 20, 1], [13, 11, 1], [30, 0, 1]]","[0, 0, 1, 0]",the four factor directions use the invariant elliptic vector field; translation preserves their coefficients
Z_3,63,"[24, 0, 7, 10]","[[19, 3, 1], [0, 1, 0], [3, 11, 1], [5, 23, 1]]","[0, 0, 1, 0]",the four factor directions use the invariant elliptic vector field; translation preserves their coefficients
Z_3,64,"[24, 1, 8, 10]","[[19, 3, 1], [0, 1, 1], [3, 20, 1], [5, 23, 1]]","[0, 0, 1, 0]",the four factor directions use the invariant elliptic vector field; translation preserves their coefficients
Z_3,65,"[24, 2, 0, 10]","[[19, 3, 1], [0, 30, 1], [0, 1, 0], [5, 23, 1]]","[0, 0, 1, 0]",the four factor directions use the invariant elliptic vector field; translation preserves their coefficients
Z_3,66,"[24, 7, 15, 34]","[[19, 3, 1], [3, 11, 1], [13, 20, 1], [28, 25, 1]]","[0, 0, 1, 0]",the four factor directions use the invariant elliptic vector field; translation preserves their coefficients
Z_3,67,"[24, 8, 2, 6]","[[19, 3, 1], [3, 20, 1], [0, 30, 1], [2, 28, 1]]","[0, 0, 1, 0]",the four factor directions use the invariant elliptic vector field; translation preserves their coefficients
Z_3,68,"[24, 14, 16, 34]","[[19, 3, 1], [13, 11, 1], [15, 11, 1], [28, 25, 1]]","[0, 0, 1, 0]",the four factor directions use the invariant elliptic vector field; translation preserves their coefficients
Z_3,69,"[24, 15, 14, 6]","[[19, 3, 1], [13, 20, 1], [13, 11, 1], [2, 28, 1]]","[0, 0, 1, 0]",the four factor directions use the invariant elliptic vector field; translation preserves their coefficients
Z_3,70,"[24, 16, 1, 34]","[[19, 3, 1], [15, 11, 1], [0, 1, 1], [28, 25, 1]]","[0, 0, 1, 0]",the four factor directions use the invariant elliptic vector field; translation preserves their coefficients
Z_3,71,"[24, 17, 17, 6]","[[19, 3, 1], [15, 20, 1], [15, 20, 1], [2, 28, 1]]","[0, 0, 1, 0]",the four factor directions use the invariant elliptic vector field; translation preserves their coefficients
Z_3,72,"[25, 0, 7, 6]","[[19, 28, 1], [0, 1, 0], [3, 11, 1], [2, 28, 1]]","[0, 0, 1, 0]",the four factor directions use the invariant elliptic vector field; translation preserves their coefficients
Z_3,73,"[25, 1, 8, 6]","[[19, 28, 1], [0, 1, 1], [3, 20, 1], [2, 28, 1]]","[0, 0, 1, 0]",the four factor directions use the invariant elliptic vector field; translation preserves their coefficients
Z_3,74,"[25, 2, 0, 6]","[[19, 28, 1], [0, 30, 1], [0, 1, 0], [2, 28, 1]]","[0, 0, 1, 0]",the four factor directions use the invariant elliptic vector field; translation preserves their coefficients
Z_3,75,"[25, 7, 15, 10]","[[19, 28, 1], [3, 11, 1], [13, 20, 1], [5, 23, 1]]","[0, 0, 1, 0]",the four factor directions use the invariant elliptic vector field; translation preserves their coefficients
Z_3,76,"[25, 8, 2, 34]","[[19, 28, 1], [3, 20, 1], [0, 30, 1], [28, 25, 1]]","[0, 0, 1, 0]",the four factor directions use the invariant elliptic vector field; translation preserves their coefficients
Z_3,77,"[25, 14, 16, 10]","[[19, 28, 1], [13, 11, 1], [15, 11, 1], [5, 23, 1]]","[0, 0, 1, 0]",the four factor directions use the invariant elliptic vector field; translation preserves their coefficients
Z_3,78,"[25, 15, 14, 34]","[[19, 28, 1], [13, 20, 1], [13, 11, 1], [28, 25, 1]]","[0, 0, 1, 0]",the four factor directions use the invariant elliptic vector field; translation preserves their coefficients
Z_3,79,"[25, 16, 1, 10]","[[19, 28, 1], [15, 11, 1], [0, 1, 1], [5, 23, 1]]","[0, 0, 1, 0]",the four factor directions use the invariant elliptic vector field; translation preserves their coefficients
Z_3,80,"[25, 17, 17, 34]","[[19, 28, 1], [15, 20, 1], [15, 20, 1], [28, 25, 1]]","[0, 0, 1, 0]",the four factor directions use the invariant elliptic vector field; translation preserves their coefficients
Z_4,0,"[0, 3, 30, 18]","[[0, 1, 0], [1, 8, 1], [25, 8, 1], [16, 6, 1]]","[0, 1, 28, 25]",the four factor directions use the invariant elliptic vector field; translation preserves their coefficients
Z_4,1,"[0, 4, 18, 32]","[[0, 1, 0], [1, 23, 1], [16, 6, 1], [26, 0, 1]]","[0, 1, 28, 25]",the four factor directions use the invariant elliptic vector field; translation preserves their coefficients
Z_4,2,"[0, 11, 12, 19]","[[0, 1, 0], [6, 0, 1], [10, 3, 1], [16, 25, 1]]","[0, 1, 28, 25]",the four factor directions use the invariant elliptic vector field; translation preserves their coefficients
Z_4,3,"[0, 20, 13, 18]","[[0, 1, 0], [17, 4, 1], [10, 28, 1], [16, 6, 1]]","[0, 1, 28, 25]",the four factor directions use the invariant elliptic vector field; translation preserves their coefficients
Z_4,4,"[0, 21, 32, 32]","[[0, 1, 0], [17, 27, 1], [26, 0, 1], [26, 0, 1]]","[0, 1, 28, 25]",the four factor directions use the invariant elliptic vector field; translation preserves their coefficients
Z_4,5,"[0, 22, 19, 32]","[[0, 1, 0], [18, 6, 1], [16, 25, 1], [26, 0, 1]]","[0, 1, 28, 25]",the four factor directions use the invariant elliptic vector field; translation preserves their coefficients
Z_4,6,"[0, 23, 27, 18]","[[0, 1, 0], [18, 25, 1], [22, 27, 1], [16, 6, 1]]","[0, 1, 28, 25]",the four factor directions use the invariant elliptic vector field; translation preserves their coefficients
Z_4,7,"[0, 24, 26, 19]","[[0, 1, 0], [19, 3, 1], [22, 4, 1], [16, 25, 1]]","[0, 1, 28, 25]",the four factor directions use the invariant elliptic vector field; translation preserves their coefficients
Z_4,8,"[0, 25, 31, 19]","[[0, 1, 0], [19, 28, 1], [25, 23, 1], [16, 25, 1]]","[0, 1, 28, 25]",the four factor directions use the invariant elliptic vector field; translation preserves their coefficients
Z_4,9,"[1, 3, 30, 19]","[[0, 1, 1], [1, 8, 1], [25, 8, 1], [16, 25, 1]]","[0, 1, 28, 25]",the four factor directions use the invariant elliptic vector field; translation preserves their coefficients
Z_4,10,"[1, 4, 18, 18]","[[0, 1, 1], [1, 23, 1], [16, 6, 1], [16, 6, 1]]","[0, 1, 28, 25]",the four factor directions use the invariant elliptic vector field; translation preserves their coefficients
Z_4,11,"[1, 11, 12, 32]","[[0, 1, 1], [6, 0, 1], [10, 3, 1], [26, 0, 1]]","[0, 1, 28, 25]",the four factor directions use the invariant elliptic vector field; translation preserves their coefficients
Z_4,12,"[1, 20, 13, 19]","[[0, 1, 1], [17, 4, 1], [10, 28, 1], [16, 25, 1]]","[0, 1, 28, 25]",the four factor directions use the invariant elliptic vector field; translation preserves their coefficients
Z_4,13,"[1, 21, 32, 18]","[[0, 1, 1], [17, 27, 1], [26, 0, 1], [16, 6, 1]]","[0, 1, 28, 25]",the four factor directions use the invariant elliptic vector field; translation preserves their coefficients
Z_4,14,"[1, 22, 19, 18]","[[0, 1, 1], [18, 6, 1], [16, 25, 1], [16, 6, 1]]","[0, 1, 28, 25]",the four factor directions use the invariant elliptic vector field; translation preserves their coefficients
Z_4,15,"[1, 23, 27, 19]","[[0, 1, 1], [18, 25, 1], [22, 27, 1], [16, 25, 1]]","[0, 1, 28, 25]",the four factor directions use the invariant elliptic vector field; translation preserves their coefficients
Z_4,16,"[1, 24, 26, 32]","[[0, 1, 1], [19, 3, 1], [22, 4, 1], [26, 0, 1]]","[0, 1, 28, 25]",the four factor directions use the invariant elliptic vector field; translation preserves their coefficients
Z_4,17,"[1, 25, 31, 32]","[[0, 1, 1], [19, 28, 1], [25, 23, 1], [26, 0, 1]]","[0, 1, 28, 25]",the four factor directions use the invariant elliptic vector field; translation preserves their coefficients
Z_4,18,"[2, 3, 30, 32]","[[0, 30, 1], [1, 8, 1], [25, 8, 1], [26, 0, 1]]","[0, 1, 28, 25]",the four factor directions use the invariant elliptic vector field; translation preserves their coefficients
Z_4,19,"[2, 4, 18, 19]","[[0, 30, 1], [1, 23, 1], [16, 6, 1], [16, 25, 1]]","[0, 1, 28, 25]",the four factor directions use the invariant elliptic vector field; translation preserves their coefficients
Z_4,20,"[2, 11, 12, 18]","[[0, 30, 1], [6, 0, 1], [10, 3, 1], [16, 6, 1]]","[0, 1, 28, 25]",the four factor directions use the invariant elliptic vector field; translation preserves their coefficients
Z_4,21,"[2, 20, 13, 32]","[[0, 30, 1], [17, 4, 1], [10, 28, 1], [26, 0, 1]]","[0, 1, 28, 25]",the four factor directions use the invariant elliptic vector field; translation preserves their coefficients
Z_4,22,"[2, 21, 32, 19]","[[0, 30, 1], [17, 27, 1], [26, 0, 1], [16, 25, 1]]","[0, 1, 28, 25]",the four factor directions use the invariant elliptic vector field; translation preserves their coefficients
Z_4,23,"[2, 22, 19, 19]","[[0, 30, 1], [18, 6, 1], [16, 25, 1], [16, 25, 1]]","[0, 1, 28, 25]",the four factor directions use the invariant elliptic vector field; translation preserves their coefficients
Z_4,24,"[2, 23, 27, 32]","[[0, 30, 1], [18, 25, 1], [22, 27, 1], [26, 0, 1]]","[0, 1, 28, 25]",the four factor directions use the invariant elliptic vector field; translation preserves their coefficients
Z_4,25,"[2, 24, 26, 18]","[[0, 30, 1], [19, 3, 1], [22, 4, 1], [16, 6, 1]]","[0, 1, 28, 25]",the four factor directions use the invariant elliptic vector field; translation preserves their coefficients
Z_4,26,"[2, 25, 31, 18]","[[0, 30, 1], [19, 28, 1], [25, 23, 1], [16, 6, 1]]","[0, 1, 28, 25]",the four factor directions use the invariant elliptic vector field; translation preserves their coefficients
Z_4,27,"[7, 3, 13, 27]","[[3, 11, 1], [1, 8, 1], [10, 28, 1], [22, 27, 1]]","[0, 1, 28, 25]",the four factor directions use the invariant elliptic vector field; translation preserves their coefficients
Z_4,28,"[7, 4, 19, 13]","[[3, 11, 1], [1, 23, 1], [16, 25, 1], [10, 28, 1]]","[0, 1, 28, 25]",the four factor directions use the invariant elliptic vector field; translation preserves their coefficients
Z_4,29,"[7, 11, 31, 30]","[[3, 11, 1], [6, 0, 1], [25, 23, 1], [25, 8, 1]]","[0, 1, 28, 25]",the four factor directions use the invariant elliptic vector field; translation preserves their coefficients
Z_4,30,"[7, 20, 27, 27]","[[3, 11, 1], [17, 4, 1], [22, 27, 1], [22, 27, 1]]","[0, 1, 28, 25]",the four factor directions use the invariant elliptic vector field; translation preserves their coefficients
Z_4,31,"[7, 21, 18, 13]","[[3, 11, 1], [17, 27, 1], [16, 6, 1], [10, 28, 1]]","[0, 1, 28, 25]",the four factor directions use the invariant elliptic vector field; translation preserves their coefficients
Z_4,32,"[7, 22, 32, 13]","[[3, 11, 1], [18, 6, 1], [26, 0, 1], [10, 28, 1]]","[0, 1, 28, 25]",the four factor directions use the invariant elliptic vector field; translation preserves their coefficients
Z_4,33,"[7, 23, 30, 27]","[[3, 11, 1], [18, 25, 1], [25, 8, 1], [22, 27, 1]]","[0, 1, 28, 25]",the four factor directions use the invariant elliptic vector field; translation preserves their coefficients
Z_4,34,"[7, 24, 12, 30]","[[3, 11, 1], [19, 3, 1], [10, 3, 1], [25, 8, 1]]","[0, 1, 28, 25]",the four factor directions use the invariant elliptic vector field; translation preserves their coefficients
Z_4,35,"[7, 25, 26, 30]","[[3, 11, 1], [19, 28, 1], [22, 4, 1], [25, 8, 1]]","[0, 1, 28, 25]",the four factor directions use the invariant elliptic vector field; translation preserves their coefficients
Z_4,36,"[8, 3, 27, 31]","[[3, 20, 1], [1, 8, 1], [22, 27, 1], [25, 23, 1]]","[0, 1, 28, 25]",the four factor directions use the invariant elliptic vector field; translation preserves their coefficients
Z_4,37,"[8, 4, 32, 12]","[[3, 20, 1], [1, 23, 1], [26, 0, 1], [10, 3, 1]]","[0, 1, 28, 25]",the four factor directions use the invariant elliptic vector field; translation preserves their coefficients
Z_4,38,"[8, 11, 26, 26]","[[3, 20, 1], [6, 0, 1], [22, 4, 1], [22, 4, 1]]","[0, 1, 28, 25]",the four factor directions use the invariant elliptic vector field; translation preserves their coefficients
Z_4,39,"[8, 20, 30, 31]","[[3, 20, 1], [17, 4, 1], [25, 8, 1], [25, 23, 1]]","[0, 1, 28, 25]",the four factor directions use the invariant elliptic vector field; translation preserves their coefficients
Z_4,40,"[8, 21, 19, 12]","[[3, 20, 1], [17, 27, 1], [16, 25, 1], [10, 3, 1]]","[0, 1, 28, 25]",the four factor directions use the invariant elliptic vector field; translation preserves their coefficients
Z_4,41,"[8, 22, 18, 12]","[[3, 20, 1], [18, 6, 1], [16, 6, 1], [10, 3, 1]]","[0, 1, 28, 25]",the four factor directions use the invariant elliptic vector field; translation preserves their coefficients
Z_4,42,"[8, 23, 13, 31]","[[3, 20, 1], [18, 25, 1], [10, 28, 1], [25, 23, 1]]","[0, 1, 28, 25]",the four factor directions use the invariant elliptic vector field; translation preserves their coefficients
Z_4,43,"[8, 24, 31, 26]","[[3, 20, 1], [19, 3, 1], [25, 23, 1], [22, 4, 1]]","[0, 1, 28, 25]",the four factor directions use the invariant elliptic vector field; translation preserves their coefficients
Z_4,44,"[8, 25, 12, 26]","[[3, 20, 1], [19, 28, 1], [10, 3, 1], [22, 4, 1]]","[0, 1, 28, 25]",the four factor directions use the invariant elliptic vector field; translation preserves their coefficients
Z_4,45,"[14, 3, 13, 13]","[[13, 11, 1], [1, 8, 1], [10, 28, 1], [10, 28, 1]]","[0, 1, 28, 25]",the four factor directions use the invariant elliptic vector field; translation preserves their coefficients
Z_4,46,"[14, 4, 19, 30]","[[13, 11, 1], [1, 23, 1], [16, 25, 1], [25, 8, 1]]","[0, 1, 28, 25]",the four factor directions use the invariant elliptic vector field; translation preserves their coefficients
Z_4,47,"[14, 11, 31, 27]","[[13, 11, 1], [6, 0, 1], [25, 23, 1], [22, 27, 1]]","[0, 1, 28, 25]",the four factor directions use the invariant elliptic vector field; translation preserves their coefficients
Z_4,48,"[14, 20, 27, 13]","[[13, 11, 1], [17, 4, 1], [22, 27, 1], [10, 28, 1]]","[0, 1, 28, 25]",the four factor directions use the invariant elliptic vector field; translation preserves their coefficients
Z_4,49,"[14, 21, 18, 30]","[[13, 11, 1], [17, 27, 1], [16, 6, 1], [25, 8, 1]]","[0, 1, 28, 25]",the four factor directions use the invariant elliptic vector field; translation preserves their coefficients
Z_4,50,"[14, 22, 32, 30]","[[13, 11, 1], [18, 6, 1], [26, 0, 1], [25, 8, 1]]","[0, 1, 28, 25]",the four factor directions use the invariant elliptic vector field; translation preserves their coefficients
Z_4,51,"[14, 23, 30, 13]","[[13, 11, 1], [18, 25, 1], [25, 8, 1], [10, 28, 1]]","[0, 1, 28, 25]",the four factor directions use the invariant elliptic vector field; translation preserves their coefficients
Z_4,52,"[14, 24, 12, 27]","[[13, 11, 1], [19, 3, 1], [10, 3, 1], [22, 27, 1]]","[0, 1, 28, 25]",the four factor directions use the invariant elliptic vector field; translation preserves their coefficients
Z_4,53,"[14, 25, 26, 27]","[[13, 11, 1], [19, 28, 1], [22, 4, 1], [22, 27, 1]]","[0, 1, 28, 25]",the four factor directions use the invariant elliptic vector field; translation preserves their coefficients
Z_4,54,"[15, 3, 27, 26]","[[13, 20, 1], [1, 8, 1], [22, 27, 1], [22, 4, 1]]","[0, 1, 28, 25]",the four factor directions use the invariant elliptic vector field; translation preserves their coefficients
Z_4,55,"[15, 4, 32, 31]","[[13, 20, 1], [1, 23, 1], [26, 0, 1], [25, 23, 1]]","[0, 1, 28, 25]",the four factor directions use the invariant elliptic vector field; translation preserves their coefficients
Z_4,56,"[15, 11, 26, 12]","[[13, 20, 1], [6, 0, 1], [22, 4, 1], [10, 3, 1]]","[0, 1, 28, 25]",the four factor directions use the invariant elliptic vector field; translation preserves their coefficients
Z_4,57,"[15, 20, 30, 26]","[[13, 20, 1], [17, 4, 1], [25, 8, 1], [22, 4, 1]]","[0, 1, 28, 25]",the four factor directions use the invariant elliptic vector field; translation preserves their coefficients
Z_4,58,"[15, 21, 19, 31]","[[13, 20, 1], [17, 27, 1], [16, 25, 1], [25, 23, 1]]","[0, 1, 28, 25]",the four factor directions use the invariant elliptic vector field; translation preserves their coefficients
Z_4,59,"[15, 22, 18, 31]","[[13, 20, 1], [18, 6, 1], [16, 6, 1], [25, 23, 1]]","[0, 1, 28, 25]",the four factor directions use the invariant elliptic vector field; translation preserves their coefficients
Z_4,60,"[15, 23, 13, 26]","[[13, 20, 1], [18, 25, 1], [10, 28, 1], [22, 4, 1]]","[0, 1, 28, 25]",the four factor directions use the invariant elliptic vector field; translation preserves their coefficients
Z_4,61,"[15, 24, 31, 12]","[[13, 20, 1], [19, 3, 1], [25, 23, 1], [10, 3, 1]]","[0, 1, 28, 25]",the four factor directions use the invariant elliptic vector field; translation preserves their coefficients
Z_4,62,"[15, 25, 12, 12]","[[13, 20, 1], [19, 28, 1], [10, 3, 1], [10, 3, 1]]","[0, 1, 28, 25]",the four factor directions use the invariant elliptic vector field; translation preserves their coefficients
Z_4,63,"[16, 3, 13, 30]","[[15, 11, 1], [1, 8, 1], [10, 28, 1], [25, 8, 1]]","[0, 1, 28, 25]",the four factor directions use the invariant elliptic vector field; translation preserves their coefficients
Z_4,64,"[16, 4, 19, 27]","[[15, 11, 1], [1, 23, 1], [16, 25, 1], [22, 27, 1]]","[0, 1, 28, 25]",the four factor directions use the invariant elliptic vector field; translation preserves their coefficients
Z_4,65,"[16, 11, 31, 13]","[[15, 11, 1], [6, 0, 1], [25, 23, 1], [10, 28, 1]]","[0, 1, 28, 25]",the four factor directions use the invariant elliptic vector field; translation preserves their coefficients
Z_4,66,"[16, 20, 27, 30]","[[15, 11, 1], [17, 4, 1], [22, 27, 1], [25, 8, 1]]","[0, 1, 28, 25]",the four factor directions use the invariant elliptic vector field; translation preserves their coefficients
Z_4,67,"[16, 21, 18, 27]","[[15, 11, 1], [17, 27, 1], [16, 6, 1], [22, 27, 1]]","[0, 1, 28, 25]",the four factor directions use the invariant elliptic vector field; translation preserves their coefficients
Z_4,68,"[16, 22, 32, 27]","[[15, 11, 1], [18, 6, 1], [26, 0, 1], [22, 27, 1]]","[0, 1, 28, 25]",the four factor directions use the invariant elliptic vector field; translation preserves their coefficients
Z_4,69,"[16, 23, 30, 30]","[[15, 11, 1], [18, 25, 1], [25, 8, 1], [25, 8, 1]]","[0, 1, 28, 25]",the four factor directions use the invariant elliptic vector field; translation preserves their coefficients
Z_4,70,"[16, 24, 12, 13]","[[15, 11, 1], [19, 3, 1], [10, 3, 1], [10, 28, 1]]","[0, 1, 28, 25]",the four factor directions use the invariant elliptic vector field; translation preserves their coefficients
Z_4,71,"[16, 25, 26, 13]","[[15, 11, 1], [19, 28, 1], [22, 4, 1], [10, 28, 1]]","[0, 1, 28, 25]",the four factor directions use the invariant elliptic vector field; translation preserves their coefficients
Z_4,72,"[17, 3, 27, 12]","[[15, 20, 1], [1, 8, 1], [22, 27, 1], [10, 3, 1]]","[0, 1, 28, 25]",the four factor directions use the invariant elliptic vector field; translation preserves their coefficients
Z_4,73,"[17, 4, 32, 26]","[[15, 20, 1], [1, 23, 1], [26, 0, 1], [22, 4, 1]]","[0, 1, 28, 25]",the four factor directions use the invariant elliptic vector field; translation preserves their coefficients
Z_4,74,"[17, 11, 26, 31]","[[15, 20, 1], [6, 0, 1], [22, 4, 1], [25, 23, 1]]","[0, 1, 28, 25]",the four factor directions use the invariant elliptic vector field; translation preserves their coefficients
Z_4,75,"[17, 20, 30, 12]","[[15, 20, 1], [17, 4, 1], [25, 8, 1], [10, 3, 1]]","[0, 1, 28, 25]",the four factor directions use the invariant elliptic vector field; translation preserves their coefficients
Z_4,76,"[17, 21, 19, 26]","[[15, 20, 1], [17, 27, 1], [16, 25, 1], [22, 4, 1]]","[0, 1, 28, 25]",the four factor directions use the invariant elliptic vector field; translation preserves their coefficients
Z_4,77,"[17, 22, 18, 26]","[[15, 20, 1], [18, 6, 1], [16, 6, 1], [22, 4, 1]]","[0, 1, 28, 25]",the four factor directions use the invariant elliptic vector field; translation preserves their coefficients
Z_4,78,"[17, 23, 13, 12]","[[15, 20, 1], [18, 25, 1], [10, 28, 1], [10, 3, 1]]","[0, 1, 28, 25]",the four factor directions use the invariant elliptic vector field; translation preserves their coefficients
Z_4,79,"[17, 24, 31, 31]","[[15, 20, 1], [19, 3, 1], [25, 23, 1], [25, 23, 1]]","[0, 1, 28, 25]",the four factor directions use the invariant elliptic vector field; translation preserves their coefficients
Z_4,80,"[17, 25, 12, 31]","[[15, 20, 1], [19, 28, 1], [10, 3, 1], [25, 23, 1]]","[0, 1, 28, 25]",the four factor directions use the invariant elliptic vector field; translation preserves their coefficients
Z_5,0,"[0, 0, 5, 8]","[[0, 1, 0], [0, 1, 0], [2, 3, 1], [3, 20, 1]]","[0, 1, 15, 5]",the four factor directions use the invariant elliptic vector field; translation preserves their coefficients
Z_5,1,"[0, 1, 33, 8]","[[0, 1, 0], [0, 1, 1], [28, 6, 1], [3, 20, 1]]","[0, 1, 15, 5]",the four factor directions use the invariant elliptic vector field; translation preserves their coefficients
Z_5,2,"[0, 2, 9, 8]","[[0, 1, 0], [0, 30, 1], [5, 8, 1], [3, 20, 1]]","[0, 1, 15, 5]",the four factor directions use the invariant elliptic vector field; translation preserves their coefficients
Z_5,3,"[0, 7, 29, 0]","[[0, 1, 0], [3, 11, 1], [23, 27, 1], [0, 1, 0]]","[0, 1, 15, 5]",the four factor directions use the invariant elliptic vector field; translation preserves their coefficients
Z_5,4,"[0, 8, 34, 7]","[[0, 1, 0], [3, 20, 1], [28, 25, 1], [3, 11, 1]]","[0, 1, 15, 5]",the four factor directions use the invariant elliptic vector field; translation preserves their coefficients
Z_5,5,"[0, 14, 35, 0]","[[0, 1, 0], [13, 11, 1], [30, 0, 1], [0, 1, 0]]","[0, 1, 15, 5]",the four factor directions use the invariant elliptic vector field; translation preserves their coefficients
Z_5,6,"[0, 15, 6, 7]","[[0, 1, 0], [13, 20, 1], [2, 28, 1], [3, 11, 1]]","[0, 1, 15, 5]",the four factor directions use the invariant elliptic vector field; translation preserves their coefficients
Z_5,7,"[0, 16, 28, 0]","[[0, 1, 0], [15, 11, 1], [23, 4, 1], [0, 1, 0]]","[0, 1, 15, 5]",the four factor directions use the invariant elliptic vector field; translation preserves their coefficients
Z_5,8,"[0, 17, 10, 7]","[[0, 1, 0], [15, 20, 1], [5, 23, 1], [3, 11, 1]]","[0, 1, 15, 5]",the four factor directions use the invariant elliptic vector field; translation preserves their coefficients
Z_5,9,"[1, 0, 5, 0]","[[0, 1, 1], [0, 1, 0], [2, 3, 1], [0, 1, 0]]","[0, 1, 15, 5]",the four factor directions use the invariant elliptic vector field; translation preserves their coefficients
Z_5,10,"[1, 1, 33, 0]","[[0, 1, 1], [0, 1, 1], [28, 6, 1], [0, 1, 0]]","[0, 1, 15, 5]",the four factor directions use the invariant elliptic vector field; translation preserves their coefficients
Z_5,11,"[1, 2, 9, 0]","[[0, 1, 1], [0, 30, 1], [5, 8, 1], [0, 1, 0]]","[0, 1, 15, 5]",the four factor directions use the invariant elliptic vector field; translation preserves their coefficients
Z_5,12,"[1, 7, 29, 7]","[[0, 1, 1], [3, 11, 1], [23, 27, 1], [3, 11, 1]]","[0, 1, 15, 5]",the four factor directions use the invariant elliptic vector field; translation preserves their coefficients
Z_5,13,"[1, 8, 34, 8]","[[0, 1, 1], [3, 20, 1], [28, 25, 1], [3, 20, 1]]","[0, 1, 15, 5]",the four factor directions use the invariant elliptic vector field; translation preserves their coefficients
Z_5,14,"[1, 14, 35, 7]","[[0, 1, 1], [13, 11, 1], [30, 0, 1], [3, 11, 1]]","[0, 1, 15, 5]",the four factor directions use the invariant elliptic vector field; translation preserves their coefficients
Z_5,15,"[1, 15, 6, 8]","[[0, 1, 1], [13, 20, 1], [2, 28, 1], [3, 20, 1]]","[0, 1, 15, 5]",the four factor directions use the invariant elliptic vector field; translation preserves their coefficients
Z_5,16,"[1, 16, 28, 7]","[[0, 1, 1], [15, 11, 1], [23, 4, 1], [3, 11, 1]]","[0, 1, 15, 5]",the four factor directions use the invariant elliptic vector field; translation preserves their coefficients
Z_5,17,"[1, 17, 10, 8]","[[0, 1, 1], [15, 20, 1], [5, 23, 1], [3, 20, 1]]","[0, 1, 15, 5]",the four factor directions use the invariant elliptic vector field; translation preserves their coefficients
Z_5,18,"[2, 0, 5, 7]","[[0, 30, 1], [0, 1, 0], [2, 3, 1], [3, 11, 1]]","[0, 1, 15, 5]",the four factor directions use the invariant elliptic vector field; translation preserves their coefficients
Z_5,19,"[2, 1, 33, 7]","[[0, 30, 1], [0, 1, 1], [28, 6, 1], [3, 11, 1]]","[0, 1, 15, 5]",the four factor directions use the invariant elliptic vector field; translation preserves their coefficients
Z_5,20,"[2, 2, 9, 7]","[[0, 30, 1], [0, 30, 1], [5, 8, 1], [3, 11, 1]]","[0, 1, 15, 5]",the four factor directions use the invariant elliptic vector field; translation preserves their coefficients
Z_5,21,"[2, 7, 29, 8]","[[0, 30, 1], [3, 11, 1], [23, 27, 1], [3, 20, 1]]","[0, 1, 15, 5]",the four factor directions use the invariant elliptic vector field; translation preserves their coefficients
Z_5,22,"[2, 8, 34, 0]","[[0, 30, 1], [3, 20, 1], [28, 25, 1], [0, 1, 0]]","[0, 1, 15, 5]",the four factor directions use the invariant elliptic vector field; translation preserves their coefficients
Z_5,23,"[2, 14, 35, 8]","[[0, 30, 1], [13, 11, 1], [30, 0, 1], [3, 20, 1]]","[0, 1, 15, 5]",the four factor directions use the invariant elliptic vector field; translation preserves their coefficients
Z_5,24,"[2, 15, 6, 0]","[[0, 30, 1], [13, 20, 1], [2, 28, 1], [0, 1, 0]]","[0, 1, 15, 5]",the four factor directions use the invariant elliptic vector field; translation preserves their coefficients
Z_5,25,"[2, 16, 28, 8]","[[0, 30, 1], [15, 11, 1], [23, 4, 1], [3, 20, 1]]","[0, 1, 15, 5]",the four factor directions use the invariant elliptic vector field; translation preserves their coefficients
Z_5,26,"[2, 17, 10, 0]","[[0, 30, 1], [15, 20, 1], [5, 23, 1], [0, 1, 0]]","[0, 1, 15, 5]",the four factor directions use the invariant elliptic vector field; translation preserves their coefficients
Z_5,27,"[7, 0, 33, 15]","[[3, 11, 1], [0, 1, 0], [28, 6, 1], [13, 20, 1]]","[0, 1, 15, 5]",the four factor directions use the invariant elliptic vector field; translation preserves their coefficients
Z_5,28,"[7, 1, 9, 15]","[[3, 11, 1], [0, 1, 1], [5, 8, 1], [13, 20, 1]]","[0, 1, 15, 5]",the four factor directions use the invariant elliptic vector field; translation preserves their coefficients
Z_5,29,"[7, 2, 5, 15]","[[3, 11, 1], [0, 30, 1], [2, 3, 1], [13, 20, 1]]","[0, 1, 15, 5]",the four factor directions use the invariant elliptic vector field; translation preserves their coefficients
Z_5,30,"[7, 7, 28, 1]","[[3, 11, 1], [3, 11, 1], [23, 4, 1], [0, 1, 1]]","[0, 1, 15, 5]",the four factor directions use the invariant elliptic vector field; translation preserves their coefficients
Z_5,31,"[7, 8, 6, 16]","[[3, 11, 1], [3, 20, 1], [2, 28, 1], [15, 11, 1]]","[0, 1, 15, 5]",the four factor directions use the invariant elliptic vector field; translation preserves their coefficients
Z_5,32,"[7, 14, 29, 1]","[[3, 11, 1], [13, 11, 1], [23, 27, 1], [0, 1, 1]]","[0, 1, 15, 5]",the four factor directions use the invariant elliptic vector field; translation preserves their coefficients
Z_5,33,"[7, 15, 10, 16]","[[3, 11, 1], [13, 20, 1], [5, 23, 1], [15, 11, 1]]","[0, 1, 15, 5]",the four factor directions use the invariant elliptic vector field; translation preserves their coefficients
Z_5,34,"[7, 16, 35, 1]","[[3, 11, 1], [15, 11, 1], [30, 0, 1], [0, 1, 1]]","[0, 1, 15, 5]",the four factor directions use the invariant elliptic vector field; translation preserves their coefficients
Z_5,35,"[7, 17, 34, 16]","[[3, 11, 1], [15, 20, 1], [28, 25, 1], [15, 11, 1]]","[0, 1, 15, 5]",the four factor directions use the invariant elliptic vector field; translation preserves their coefficients
Z_5,36,"[8, 0, 9, 17]","[[3, 20, 1], [0, 1, 0], [5, 8, 1], [15, 20, 1]]","[0, 1, 15, 5]",the four factor directions use the invariant elliptic vector field; translation preserves their coefficients
Z_5,37,"[8, 1, 5, 17]","[[3, 20, 1], [0, 1, 1], [2, 3, 1], [15, 20, 1]]","[0, 1, 15, 5]",the four factor directions use the invariant elliptic vector field; translation preserves their coefficients
Z_5,38,"[8, 2, 33, 17]","[[3, 20, 1], [0, 30, 1], [28, 6, 1], [15, 20, 1]]","[0, 1, 15, 5]",the four factor directions use the invariant elliptic vector field; translation preserves their coefficients
Z_5,39,"[8, 7, 35, 2]","[[3, 20, 1], [3, 11, 1], [30, 0, 1], [0, 30, 1]]","[0, 1, 15, 5]",the four factor directions use the invariant elliptic vector field; translation preserves their coefficients
Z_5,40,"[8, 8, 10, 14]","[[3, 20, 1], [3, 20, 1], [5, 23, 1], [13, 11, 1]]","[0, 1, 15, 5]",the four factor directions use the invariant elliptic vector field; translation preserves their coefficients
Z_5,41,"[8, 14, 28, 2]","[[3, 20, 1], [13, 11, 1], [23, 4, 1], [0, 30, 1]]","[0, 1, 15, 5]",the four factor directions use the invariant elliptic vector field; translation preserves their coefficients
Z_5,42,"[8, 15, 34, 14]","[[3, 20, 1], [13, 20, 1], [28, 25, 1], [13, 11, 1]]","[0, 1, 15, 5]",the four factor directions use the invariant elliptic vector field; translation preserves their coefficients
Z_5,43,"[8, 16, 29, 2]","[[3, 20, 1], [15, 11, 1], [23, 27, 1], [0, 30, 1]]","[0, 1, 15, 5]",the four factor directions use the invariant elliptic vector field; translation preserves their coefficients
Z_5,44,"[8, 17, 6, 14]","[[3, 20, 1], [15, 20, 1], [2, 28, 1], [13, 11, 1]]","[0, 1, 15, 5]",the four factor directions use the invariant elliptic vector field; translation preserves their coefficients
Z_5,45,"[14, 0, 33, 16]","[[13, 11, 1], [0, 1, 0], [28, 6, 1], [15, 11, 1]]","[0, 1, 15, 5]",the four factor directions use the invariant elliptic vector field; translation preserves their coefficients
Z_5,46,"[14, 1, 9, 16]","[[13, 11, 1], [0, 1, 1], [5, 8, 1], [15, 11, 1]]","[0, 1, 15, 5]",the four factor directions use the invariant elliptic vector field; translation preserves their coefficients
Z_5,47,"[14, 2, 5, 16]","[[13, 11, 1], [0, 30, 1], [2, 3, 1], [15, 11, 1]]","[0, 1, 15, 5]",the four factor directions use the invariant elliptic vector field; translation preserves their coefficients
Z_5,48,"[14, 7, 28, 15]","[[13, 11, 1], [3, 11, 1], [23, 4, 1], [13, 20, 1]]","[0, 1, 15, 5]",the four factor directions use the invariant elliptic vector field; translation preserves their coefficients
Z_5,49,"[14, 8, 6, 1]","[[13, 11, 1], [3, 20, 1], [2, 28, 1], [0, 1, 1]]","[0, 1, 15, 5]",the four factor directions use the invariant elliptic vector field; translation preserves their coefficients
Z_5,50,"[14, 14, 29, 15]","[[13, 11, 1], [13, 11, 1], [23, 27, 1], [13, 20, 1]]","[0, 1, 15, 5]",the four factor directions use the invariant elliptic vector field; translation preserves their coefficients
Z_5,51,"[14, 15, 10, 1]","[[13, 11, 1], [13, 20, 1], [5, 23, 1], [0, 1, 1]]","[0, 1, 15, 5]",the four factor directions use the invariant elliptic vector field; translation preserves their coefficients
Z_5,52,"[14, 16, 35, 15]","[[13, 11, 1], [15, 11, 1], [30, 0, 1], [13, 20, 1]]","[0, 1, 15, 5]",the four factor directions use the invariant elliptic vector field; translation preserves their coefficients
Z_5,53,"[14, 17, 34, 1]","[[13, 11, 1], [15, 20, 1], [28, 25, 1], [0, 1, 1]]","[0, 1, 15, 5]",the four factor directions use the invariant elliptic vector field; translation preserves their coefficients
Z_5,54,"[15, 0, 9, 2]","[[13, 20, 1], [0, 1, 0], [5, 8, 1], [0, 30, 1]]","[0, 1, 15, 5]",the four factor directions use the invariant elliptic vector field; translation preserves their coefficients
Z_5,55,"[15, 1, 5, 2]","[[13, 20, 1], [0, 1, 1], [2, 3, 1], [0, 30, 1]]","[0, 1, 15, 5]",the four factor directions use the invariant elliptic vector field; translation preserves their coefficients
Z_5,56,"[15, 2, 33, 2]","[[13, 20, 1], [0, 30, 1], [28, 6, 1], [0, 30, 1]]","[0, 1, 15, 5]",the four factor directions use the invariant elliptic vector field; translation preserves their coefficients
Z_5,57,"[15, 7, 35, 14]","[[13, 20, 1], [3, 11, 1], [30, 0, 1], [13, 11, 1]]","[0, 1, 15, 5]",the four factor directions use the invariant elliptic vector field; translation preserves their coefficients
Z_5,58,"[15, 8, 10, 17]","[[13, 20, 1], [3, 20, 1], [5, 23, 1], [15, 20, 1]]","[0, 1, 15, 5]",the four factor directions use the invariant elliptic vector field; translation preserves their coefficients
Z_5,59,"[15, 14, 28, 14]","[[13, 20, 1], [13, 11, 1], [23, 4, 1], [13, 11, 1]]","[0, 1, 15, 5]",the four factor directions use the invariant elliptic vector field; translation preserves their coefficients
Z_5,60,"[15, 15, 34, 17]","[[13, 20, 1], [13, 20, 1], [28, 25, 1], [15, 20, 1]]","[0, 1, 15, 5]",the four factor directions use the invariant elliptic vector field; translation preserves their coefficients
Z_5,61,"[15, 16, 29, 14]","[[13, 20, 1], [15, 11, 1], [23, 27, 1], [13, 11, 1]]","[0, 1, 15, 5]",the four factor directions use the invariant elliptic vector field; translation preserves their coefficients
Z_5,62,"[15, 17, 6, 17]","[[13, 20, 1], [15, 20, 1], [2, 28, 1], [15, 20, 1]]","[0, 1, 15, 5]",the four factor directions use the invariant elliptic vector field; translation preserves their coefficients
Z_5,63,"[16, 0, 33, 1]","[[15, 11, 1], [0, 1, 0], [28, 6, 1], [0, 1, 1]]","[0, 1, 15, 5]",the four factor directions use the invariant elliptic vector field; translation preserves their coefficients
Z_5,64,"[16, 1, 9, 1]","[[15, 11, 1], [0, 1, 1], [5, 8, 1], [0, 1, 1]]","[0, 1, 15, 5]",the four factor directions use the invariant elliptic vector field; translation preserves their coefficients
Z_5,65,"[16, 2, 5, 1]","[[15, 11, 1], [0, 30, 1], [2, 3, 1], [0, 1, 1]]","[0, 1, 15, 5]",the four factor directions use the invariant elliptic vector field; translation preserves their coefficients
Z_5,66,"[16, 7, 28, 16]","[[15, 11, 1], [3, 11, 1], [23, 4, 1], [15, 11, 1]]","[0, 1, 15, 5]",the four factor directions use the invariant elliptic vector field; translation preserves their coefficients
Z_5,67,"[16, 8, 6, 15]","[[15, 11, 1], [3, 20, 1], [2, 28, 1], [13, 20, 1]]","[0, 1, 15, 5]",the four factor directions use the invariant elliptic vector field; translation preserves their coefficients
Z_5,68,"[16, 14, 29, 16]","[[15, 11, 1], [13, 11, 1], [23, 27, 1], [15, 11, 1]]","[0, 1, 15, 5]",the four factor directions use the invariant elliptic vector field; translation preserves their coefficients
Z_5,69,"[16, 15, 10, 15]","[[15, 11, 1], [13, 20, 1], [5, 23, 1], [13, 20, 1]]","[0, 1, 15, 5]",the four factor directions use the invariant elliptic vector field; translation preserves their coefficients
Z_5,70,"[16, 16, 35, 16]","[[15, 11, 1], [15, 11, 1], [30, 0, 1], [15, 11, 1]]","[0, 1, 15, 5]",the four factor directions use the invariant elliptic vector field; translation preserves their coefficients
Z_5,71,"[16, 17, 34, 15]","[[15, 11, 1], [15, 20, 1], [28, 25, 1], [13, 20, 1]]","[0, 1, 15, 5]",the four factor directions use the invariant elliptic vector field; translation preserves their coefficients
Z_5,72,"[17, 0, 9, 14]","[[15, 20, 1], [0, 1, 0], [5, 8, 1], [13, 11, 1]]","[0, 1, 15, 5]",the four factor directions use the invariant elliptic vector field; translation preserves their coefficients
Z_5,73,"[17, 1, 5, 14]","[[15, 20, 1], [0, 1, 1], [2, 3, 1], [13, 11, 1]]","[0, 1, 15, 5]",the four factor directions use the invariant elliptic vector field; translation preserves their coefficients
Z_5,74,"[17, 2, 33, 14]","[[15, 20, 1], [0, 30, 1], [28, 6, 1], [13, 11, 1]]","[0, 1, 15, 5]",the four factor directions use the invariant elliptic vector field; translation preserves their coefficients
Z_5,75,"[17, 7, 35, 17]","[[15, 20, 1], [3, 11, 1], [30, 0, 1], [15, 20, 1]]","[0, 1, 15, 5]",the four factor directions use the invariant elliptic vector field; translation preserves their coefficients
Z_5,76,"[17, 8, 10, 2]","[[15, 20, 1], [3, 20, 1], [5, 23, 1], [0, 30, 1]]","[0, 1, 15, 5]",the four factor directions use the invariant elliptic vector field; translation preserves their coefficients
Z_5,77,"[17, 14, 28, 17]","[[15, 20, 1], [13, 11, 1], [23, 4, 1], [15, 20, 1]]","[0, 1, 15, 5]",the four factor directions use the invariant elliptic vector field; translation preserves their coefficients
Z_5,78,"[17, 15, 34, 2]","[[15, 20, 1], [13, 20, 1], [28, 25, 1], [0, 30, 1]]","[0, 1, 15, 5]",the four factor directions use the invariant elliptic vector field; translation preserves their coefficients
Z_5,79,"[17, 16, 29, 17]","[[15, 20, 1], [15, 11, 1], [23, 27, 1], [15, 20, 1]]","[0, 1, 15, 5]",the four factor directions use the invariant elliptic vector field; translation preserves their coefficients
Z_5,80,"[17, 17, 6, 2]","[[15, 20, 1], [15, 20, 1], [2, 28, 1], [0, 30, 1]]","[0, 1, 15, 5]",the four factor directions use the invariant elliptic vector field; translation preserves their coefficients
