job_id,source_K_index,target_K_index,generator,source_K_exponents,target_K_exponents,localized_overlap,source_frame_forms_in_base_1_u_v,target_frame_forms_in_base_1_u_v,normalized_H_scalar_mod_31,normalized_H_factor_circuit,normalized_O4H_scalar_mod_31,normalized_O4H_factor_circuit,whole_ring_J1_emitted,whole_ring_J2_emitted,whole_ring_lambda_correction_emitted,L0_A_source_equals_A_target_L1_certified
0,0,27,0,"[0, 0, 0, 0]","[1, 0, 0, 0]",invert all source and target factor-frame forms listed,"[[1,0,0],[1,0,0],[1,0,0],[1,0,0]]","[[1,0,1],[1,0,0],[1,0,0],[1,20,14]]",17,scalar*product(target_frame_forms)/product(source_frame_forms),7,normalized_H_factor_circuit^4,False,False,False,False
1,0,9,1,"[0, 0, 0, 0]","[0, 1, 0, 0]",invert all source and target factor-frame forms listed,"[[1,0,0],[1,0,0],[1,0,0],[1,0,0]]","[[1,20,14],[1,0,0],[30,28,11],[1,0,1]]",11,scalar*product(target_frame_forms)/product(source_frame_forms),9,normalized_H_factor_circuit^4,False,False,False,False
2,0,3,2,"[0, 0, 0, 0]","[0, 0, 1, 0]",invert all source and target factor-frame forms listed,"[[1,0,0],[1,0,0],[1,0,0],[1,0,0]]","[[1,0,0],[1,0,1],[30,28,11],[1,0,0]]",17,scalar*product(target_frame_forms)/product(source_frame_forms),7,normalized_H_factor_circuit^4,False,False,False,False
3,0,1,3,"[0, 0, 0, 0]","[0, 0, 0, 1]",invert all source and target factor-frame forms listed,"[[1,0,0],[1,0,0],[1,0,0],[1,0,0]]","[[1,0,0],[1,20,14],[30,18,11],[1,20,14]]",4,scalar*product(target_frame_forms)/product(source_frame_forms),8,normalized_H_factor_circuit^4,False,False,False,False
4,1,28,0,"[0, 0, 0, 1]","[1, 0, 0, 1]",invert all source and target factor-frame forms listed,"[[1,0,0],[1,20,14],[30,18,11],[1,20,14]]","[[1,0,1],[1,20,14],[30,18,11],[2,9,3]]",17,scalar*product(target_frame_forms)/product(source_frame_forms),7,normalized_H_factor_circuit^4,False,False,False,False
5,1,10,1,"[0, 0, 0, 1]","[0, 1, 0, 1]",invert all source and target factor-frame forms listed,"[[1,0,0],[1,20,14],[30,18,11],[1,20,14]]","[[1,20,14],[1,20,14],[21,26,14],[12,17,13]]",11,scalar*product(target_frame_forms)/product(source_frame_forms),9,normalized_H_factor_circuit^4,False,False,False,False
6,1,4,2,"[0, 0, 0, 1]","[0, 0, 1, 1]",invert all source and target factor-frame forms listed,"[[1,0,0],[1,20,14],[30,18,11],[1,20,14]]","[[1,0,0],[12,17,13],[21,26,14],[1,20,14]]",17,scalar*product(target_frame_forms)/product(source_frame_forms),7,normalized_H_factor_circuit^4,False,False,False,False
7,1,2,3,"[0, 0, 0, 1]","[0, 0, 0, 2]",invert all source and target factor-frame forms listed,"[[1,0,0],[1,20,14],[30,18,11],[1,20,14]]","[[1,0,0],[2,9,3],[29,26,9],[2,9,3]]",4,scalar*product(target_frame_forms)/product(source_frame_forms),8,normalized_H_factor_circuit^4,False,False,False,False
8,2,29,0,"[0, 0, 0, 2]","[1, 0, 0, 2]",invert all source and target factor-frame forms listed,"[[1,0,0],[2,9,3],[29,26,9],[2,9,3]]","[[1,0,1],[2,9,3],[29,26,9],[8,0,0]]",17,scalar*product(target_frame_forms)/product(source_frame_forms),7,normalized_H_factor_circuit^4,False,False,False,False
9,2,11,1,"[0, 0, 0, 2]","[0, 1, 0, 2]",invert all source and target factor-frame forms listed,"[[1,0,0],[2,9,3],[29,26,9],[2,9,3]]","[[1,20,14],[2,9,3],[24,0,10],[11,15,1]]",11,scalar*product(target_frame_forms)/product(source_frame_forms),9,normalized_H_factor_circuit^4,False,False,False,False
10,2,5,2,"[0, 0, 0, 2]","[0, 0, 1, 2]",invert all source and target factor-frame forms listed,"[[1,0,0],[2,9,3],[29,26,9],[2,9,3]]","[[1,0,0],[11,15,1],[24,0,10],[2,9,3]]",17,scalar*product(target_frame_forms)/product(source_frame_forms),7,normalized_H_factor_circuit^4,False,False,False,False
11,2,0,3,"[0, 0, 0, 2]","[0, 0, 0, 0]",invert all source and target factor-frame forms listed,"[[1,0,0],[2,9,3],[29,26,9],[2,9,3]]","[[1,0,0],[1,0,0],[1,0,0],[1,0,0]]",2,scalar*product(target_frame_forms)/product(source_frame_forms),16,normalized_H_factor_circuit^4,False,False,False,False
12,3,30,0,"[0, 0, 1, 0]","[1, 0, 1, 0]",invert all source and target factor-frame forms listed,"[[1,0,0],[1,0,1],[30,28,11],[1,0,0]]","[[1,0,1],[1,0,1],[30,28,11],[1,20,14]]",17,scalar*product(target_frame_forms)/product(source_frame_forms),7,normalized_H_factor_circuit^4,False,False,False,False
13,3,12,1,"[0, 0, 1, 0]","[0, 1, 1, 0]",invert all source and target factor-frame forms listed,"[[1,0,0],[1,0,1],[30,28,11],[1,0,0]]","[[1,20,14],[1,0,1],[29,6,9],[1,0,1]]",11,scalar*product(target_frame_forms)/product(source_frame_forms),9,normalized_H_factor_circuit^4,False,False,False,False
14,3,6,2,"[0, 0, 1, 0]","[0, 0, 2, 0]",invert all source and target factor-frame forms listed,"[[1,0,0],[1,0,1],[30,28,11],[1,0,0]]","[[1,0,0],[29,0,2],[29,6,9],[1,0,0]]",17,scalar*product(target_frame_forms)/product(source_frame_forms),7,normalized_H_factor_circuit^4,False,False,False,False
15,3,4,3,"[0, 0, 1, 0]","[0, 0, 1, 1]",invert all source and target factor-frame forms listed,"[[1,0,0],[1,0,1],[30,28,11],[1,0,0]]","[[1,0,0],[12,17,13],[21,26,14],[1,20,14]]",4,scalar*product(target_frame_forms)/product(source_frame_forms),8,normalized_H_factor_circuit^4,False,False,False,False
16,4,31,0,"[0, 0, 1, 1]","[1, 0, 1, 1]",invert all source and target factor-frame forms listed,"[[1,0,0],[12,17,13],[21,26,14],[1,20,14]]","[[1,0,1],[12,17,13],[21,26,14],[2,9,3]]",17,scalar*product(target_frame_forms)/product(source_frame_forms),7,normalized_H_factor_circuit^4,False,False,False,False
17,4,13,1,"[0, 0, 1, 1]","[0, 1, 1, 1]",invert all source and target factor-frame forms listed,"[[1,0,0],[12,17,13],[21,26,14],[1,20,14]]","[[1,20,14],[12,17,13],[24,0,21],[12,17,13]]",11,scalar*product(target_frame_forms)/product(source_frame_forms),9,normalized_H_factor_circuit^4,False,False,False,False
18,4,7,2,"[0, 0, 1, 1]","[0, 0, 2, 1]",invert all source and target factor-frame forms listed,"[[1,0,0],[12,17,13],[21,26,14],[1,20,14]]","[[1,0,0],[20,16,1],[24,0,21],[1,20,14]]",17,scalar*product(target_frame_forms)/product(source_frame_forms),7,normalized_H_factor_circuit^4,False,False,False,False
19,4,5,3,"[0, 0, 1, 1]","[0, 0, 1, 2]",invert all source and target factor-frame forms listed,"[[1,0,0],[12,17,13],[21,26,14],[1,20,14]]","[[1,0,0],[11,15,1],[24,0,10],[2,9,3]]",4,scalar*product(target_frame_forms)/product(source_frame_forms),8,normalized_H_factor_circuit^4,False,False,False,False
20,5,32,0,"[0, 0, 1, 2]","[1, 0, 1, 2]",invert all source and target factor-frame forms listed,"[[1,0,0],[11,15,1],[24,0,10],[2,9,3]]","[[1,0,1],[11,15,1],[24,0,10],[8,0,0]]",17,scalar*product(target_frame_forms)/product(source_frame_forms),7,normalized_H_factor_circuit^4,False,False,False,False
21,5,14,1,"[0, 0, 1, 2]","[0, 1, 1, 2]",invert all source and target factor-frame forms listed,"[[1,0,0],[11,15,1],[24,0,10],[2,9,3]]","[[1,20,14],[11,15,1],[22,20,6],[11,15,1]]",11,scalar*product(target_frame_forms)/product(source_frame_forms),9,normalized_H_factor_circuit^4,False,False,False,False
22,5,8,2,"[0, 0, 1, 2]","[0, 0, 2, 2]",invert all source and target factor-frame forms listed,"[[1,0,0],[11,15,1],[24,0,10],[2,9,3]]","[[1,0,0],[14,25,21],[22,20,6],[2,9,3]]",17,scalar*product(target_frame_forms)/product(source_frame_forms),7,normalized_H_factor_circuit^4,False,False,False,False
23,5,3,3,"[0, 0, 1, 2]","[0, 0, 1, 0]",invert all source and target factor-frame forms listed,"[[1,0,0],[11,15,1],[24,0,10],[2,9,3]]","[[1,0,0],[1,0,1],[30,28,11],[1,0,0]]",2,scalar*product(target_frame_forms)/product(source_frame_forms),16,normalized_H_factor_circuit^4,False,False,False,False
24,6,33,0,"[0, 0, 2, 0]","[1, 0, 2, 0]",invert all source and target factor-frame forms listed,"[[1,0,0],[29,0,2],[29,6,9],[1,0,0]]","[[1,0,1],[29,0,2],[29,6,9],[1,20,14]]",17,scalar*product(target_frame_forms)/product(source_frame_forms),7,normalized_H_factor_circuit^4,False,False,False,False
25,6,15,1,"[0, 0, 2, 0]","[0, 1, 2, 0]",invert all source and target factor-frame forms listed,"[[1,0,0],[29,0,2],[29,6,9],[1,0,0]]","[[1,20,14],[29,0,2],[8,0,0],[1,0,1]]",11,scalar*product(target_frame_forms)/product(source_frame_forms),9,normalized_H_factor_circuit^4,False,False,False,False
26,6,0,2,"[0, 0, 2, 0]","[0, 0, 0, 0]",invert all source and target factor-frame forms listed,"[[1,0,0],[29,0,2],[29,6,9],[1,0,0]]","[[1,0,0],[1,0,0],[1,0,0],[1,0,0]]",28,scalar*product(target_frame_forms)/product(source_frame_forms),19,normalized_H_factor_circuit^4,False,False,False,False
27,6,7,3,"[0, 0, 2, 0]","[0, 0, 2, 1]",invert all source and target factor-frame forms listed,"[[1,0,0],[29,0,2],[29,6,9],[1,0,0]]","[[1,0,0],[20,16,1],[24,0,21],[1,20,14]]",4,scalar*product(target_frame_forms)/product(source_frame_forms),8,normalized_H_factor_circuit^4,False,False,False,False
28,7,34,0,"[0, 0, 2, 1]","[1, 0, 2, 1]",invert all source and target factor-frame forms listed,"[[1,0,0],[20,16,1],[24,0,21],[1,20,14]]","[[1,0,1],[20,16,1],[24,0,21],[2,9,3]]",17,scalar*product(target_frame_forms)/product(source_frame_forms),7,normalized_H_factor_circuit^4,False,False,False,False
29,7,16,1,"[0, 0, 2, 1]","[0, 1, 2, 1]",invert all source and target factor-frame forms listed,"[[1,0,0],[20,16,1],[24,0,21],[1,20,14]]","[[1,20,14],[20,16,1],[23,20,26],[12,17,13]]",11,scalar*product(target_frame_forms)/product(source_frame_forms),9,normalized_H_factor_circuit^4,False,False,False,False
30,7,1,2,"[0, 0, 2, 1]","[0, 0, 0, 1]",invert all source and target factor-frame forms listed,"[[1,0,0],[20,16,1],[24,0,21],[1,20,14]]","[[1,0,0],[1,20,14],[30,18,11],[1,20,14]]",28,scalar*product(target_frame_forms)/product(source_frame_forms),19,normalized_H_factor_circuit^4,False,False,False,False
31,7,8,3,"[0, 0, 2, 1]","[0, 0, 2, 2]",invert all source and target factor-frame forms listed,"[[1,0,0],[20,16,1],[24,0,21],[1,20,14]]","[[1,0,0],[14,25,21],[22,20,6],[2,9,3]]",4,scalar*product(target_frame_forms)/product(source_frame_forms),8,normalized_H_factor_circuit^4,False,False,False,False
32,8,35,0,"[0, 0, 2, 2]","[1, 0, 2, 2]",invert all source and target factor-frame forms listed,"[[1,0,0],[14,25,21],[22,20,6],[2,9,3]]","[[1,0,1],[14,25,21],[22,20,6],[8,0,0]]",17,scalar*product(target_frame_forms)/product(source_frame_forms),7,normalized_H_factor_circuit^4,False,False,False,False
33,8,17,1,"[0, 0, 2, 2]","[0, 1, 2, 2]",invert all source and target factor-frame forms listed,"[[1,0,0],[14,25,21],[22,20,6],[2,9,3]]","[[1,20,14],[14,25,21],[15,22,10],[11,15,1]]",11,scalar*product(target_frame_forms)/product(source_frame_forms),9,normalized_H_factor_circuit^4,False,False,False,False
34,8,2,2,"[0, 0, 2, 2]","[0, 0, 0, 2]",invert all source and target factor-frame forms listed,"[[1,0,0],[14,25,21],[22,20,6],[2,9,3]]","[[1,0,0],[2,9,3],[29,26,9],[2,9,3]]",28,scalar*product(target_frame_forms)/product(source_frame_forms),19,normalized_H_factor_circuit^4,False,False,False,False
35,8,6,3,"[0, 0, 2, 2]","[0, 0, 2, 0]",invert all source and target factor-frame forms listed,"[[1,0,0],[14,25,21],[22,20,6],[2,9,3]]","[[1,0,0],[29,0,2],[29,6,9],[1,0,0]]",2,scalar*product(target_frame_forms)/product(source_frame_forms),16,normalized_H_factor_circuit^4,False,False,False,False
36,9,36,0,"[0, 1, 0, 0]","[1, 1, 0, 0]",invert all source and target factor-frame forms listed,"[[1,20,14],[1,0,0],[30,28,11],[1,0,1]]","[[12,17,13],[1,0,0],[30,28,11],[21,22,15]]",17,scalar*product(target_frame_forms)/product(source_frame_forms),7,normalized_H_factor_circuit^4,False,False,False,False
37,9,18,1,"[0, 1, 0, 0]","[0, 2, 0, 0]",invert all source and target factor-frame forms listed,"[[1,20,14],[1,0,0],[30,28,11],[1,0,1]]","[[2,9,3],[1,0,0],[29,6,9],[29,0,2]]",11,scalar*product(target_frame_forms)/product(source_frame_forms),9,normalized_H_factor_circuit^4,False,False,False,False
38,9,12,2,"[0, 1, 0, 0]","[0, 1, 1, 0]",invert all source and target factor-frame forms listed,"[[1,20,14],[1,0,0],[30,28,11],[1,0,1]]","[[1,20,14],[1,0,1],[29,6,9],[1,0,1]]",17,scalar*product(target_frame_forms)/product(source_frame_forms),7,normalized_H_factor_circuit^4,False,False,False,False
39,9,10,3,"[0, 1, 0, 0]","[0, 1, 0, 1]",invert all source and target factor-frame forms listed,"[[1,20,14],[1,0,0],[30,28,11],[1,0,1]]","[[1,20,14],[1,20,14],[21,26,14],[12,17,13]]",4,scalar*product(target_frame_forms)/product(source_frame_forms),8,normalized_H_factor_circuit^4,False,False,False,False
40,10,37,0,"[0, 1, 0, 1]","[1, 1, 0, 1]",invert all source and target factor-frame forms listed,"[[1,20,14],[1,20,14],[21,26,14],[12,17,13]]","[[12,17,13],[1,20,14],[21,26,14],[27,3,25]]",17,scalar*product(target_frame_forms)/product(source_frame_forms),7,normalized_H_factor_circuit^4,False,False,False,False
41,10,19,1,"[0, 1, 0, 1]","[0, 2, 0, 1]",invert all source and target factor-frame forms listed,"[[1,20,14],[1,20,14],[21,26,14],[12,17,13]]","[[2,9,3],[1,20,14],[24,0,21],[20,16,1]]",11,scalar*product(target_frame_forms)/product(source_frame_forms),9,normalized_H_factor_circuit^4,False,False,False,False
42,10,13,2,"[0, 1, 0, 1]","[0, 1, 1, 1]",invert all source and target factor-frame forms listed,"[[1,20,14],[1,20,14],[21,26,14],[12,17,13]]","[[1,20,14],[12,17,13],[24,0,21],[12,17,13]]",17,scalar*product(target_frame_forms)/product(source_frame_forms),7,normalized_H_factor_circuit^4,False,False,False,False
43,10,11,3,"[0, 1, 0, 1]","[0, 1, 0, 2]",invert all source and target factor-frame forms listed,"[[1,20,14],[1,20,14],[21,26,14],[12,17,13]]","[[1,20,14],[2,9,3],[24,0,10],[11,15,1]]",4,scalar*product(target_frame_forms)/product(source_frame_forms),8,normalized_H_factor_circuit^4,False,False,False,False
44,11,38,0,"[0, 1, 0, 2]","[1, 1, 0, 2]",invert all source and target factor-frame forms listed,"[[1,20,14],[2,9,3],[24,0,10],[11,15,1]]","[[12,17,13],[2,9,3],[24,0,10],[14,0,14]]",17,scalar*product(target_frame_forms)/product(source_frame_forms),7,normalized_H_factor_circuit^4,False,False,False,False
45,11,20,1,"[0, 1, 0, 2]","[0, 2, 0, 2]",invert all source and target factor-frame forms listed,"[[1,20,14],[2,9,3],[24,0,10],[11,15,1]]","[[2,9,3],[2,9,3],[22,20,6],[14,25,21]]",11,scalar*product(target_frame_forms)/product(source_frame_forms),9,normalized_H_factor_circuit^4,False,False,False,False
46,11,14,2,"[0, 1, 0, 2]","[0, 1, 1, 2]",invert all source and target factor-frame forms listed,"[[1,20,14],[2,9,3],[24,0,10],[11,15,1]]","[[1,20,14],[11,15,1],[22,20,6],[11,15,1]]",17,scalar*product(target_frame_forms)/product(source_frame_forms),7,normalized_H_factor_circuit^4,False,False,False,False
47,11,9,3,"[0, 1, 0, 2]","[0, 1, 0, 0]",invert all source and target factor-frame forms listed,"[[1,20,14],[2,9,3],[24,0,10],[11,15,1]]","[[1,20,14],[1,0,0],[30,28,11],[1,0,1]]",2,scalar*product(target_frame_forms)/product(source_frame_forms),16,normalized_H_factor_circuit^4,False,False,False,False
48,12,39,0,"[0, 1, 1, 0]","[1, 1, 1, 0]",invert all source and target factor-frame forms listed,"[[1,20,14],[1,0,1],[29,6,9],[1,0,1]]","[[12,17,13],[1,0,1],[29,6,9],[21,22,15]]",17,scalar*product(target_frame_forms)/product(source_frame_forms),7,normalized_H_factor_circuit^4,False,False,False,False
49,12,21,1,"[0, 1, 1, 0]","[0, 2, 1, 0]",invert all source and target factor-frame forms listed,"[[1,20,14],[1,0,1],[29,6,9],[1,0,1]]","[[2,9,3],[1,0,1],[8,0,0],[29,0,2]]",11,scalar*product(target_frame_forms)/product(source_frame_forms),9,normalized_H_factor_circuit^4,False,False,False,False
50,12,15,2,"[0, 1, 1, 0]","[0, 1, 2, 0]",invert all source and target factor-frame forms listed,"[[1,20,14],[1,0,1],[29,6,9],[1,0,1]]","[[1,20,14],[29,0,2],[8,0,0],[1,0,1]]",17,scalar*product(target_frame_forms)/product(source_frame_forms),7,normalized_H_factor_circuit^4,False,False,False,False
51,12,13,3,"[0, 1, 1, 0]","[0, 1, 1, 1]",invert all source and target factor-frame forms listed,"[[1,20,14],[1,0,1],[29,6,9],[1,0,1]]","[[1,20,14],[12,17,13],[24,0,21],[12,17,13]]",4,scalar*product(target_frame_forms)/product(source_frame_forms),8,normalized_H_factor_circuit^4,False,False,False,False
52,13,40,0,"[0, 1, 1, 1]","[1, 1, 1, 1]",invert all source and target factor-frame forms listed,"[[1,20,14],[12,17,13],[24,0,21],[12,17,13]]","[[12,17,13],[12,17,13],[24,0,21],[27,3,25]]",17,scalar*product(target_frame_forms)/product(source_frame_forms),7,normalized_H_factor_circuit^4,False,False,False,False
53,13,22,1,"[0, 1, 1, 1]","[0, 2, 1, 1]",invert all source and target factor-frame forms listed,"[[1,20,14],[12,17,13],[24,0,21],[12,17,13]]","[[2,9,3],[12,17,13],[23,20,26],[20,16,1]]",11,scalar*product(target_frame_forms)/product(source_frame_forms),9,normalized_H_factor_circuit^4,False,False,False,False
54,13,16,2,"[0, 1, 1, 1]","[0, 1, 2, 1]",invert all source and target factor-frame forms listed,"[[1,20,14],[12,17,13],[24,0,21],[12,17,13]]","[[1,20,14],[20,16,1],[23,20,26],[12,17,13]]",17,scalar*product(target_frame_forms)/product(source_frame_forms),7,normalized_H_factor_circuit^4,False,False,False,False
55,13,14,3,"[0, 1, 1, 1]","[0, 1, 1, 2]",invert all source and target factor-frame forms listed,"[[1,20,14],[12,17,13],[24,0,21],[12,17,13]]","[[1,20,14],[11,15,1],[22,20,6],[11,15,1]]",4,scalar*product(target_frame_forms)/product(source_frame_forms),8,normalized_H_factor_circuit^4,False,False,False,False
56,14,41,0,"[0, 1, 1, 2]","[1, 1, 1, 2]",invert all source and target factor-frame forms listed,"[[1,20,14],[11,15,1],[22,20,6],[11,15,1]]","[[12,17,13],[11,15,1],[22,20,6],[14,0,14]]",17,scalar*product(target_frame_forms)/product(source_frame_forms),7,normalized_H_factor_circuit^4,False,False,False,False
57,14,23,1,"[0, 1, 1, 2]","[0, 2, 1, 2]",invert all source and target factor-frame forms listed,"[[1,20,14],[11,15,1],[22,20,6],[11,15,1]]","[[2,9,3],[11,15,1],[15,22,10],[14,25,21]]",11,scalar*product(target_frame_forms)/product(source_frame_forms),9,normalized_H_factor_circuit^4,False,False,False,False
58,14,17,2,"[0, 1, 1, 2]","[0, 1, 2, 2]",invert all source and target factor-frame forms listed,"[[1,20,14],[11,15,1],[22,20,6],[11,15,1]]","[[1,20,14],[14,25,21],[15,22,10],[11,15,1]]",17,scalar*product(target_frame_forms)/product(source_frame_forms),7,normalized_H_factor_circuit^4,False,False,False,False
59,14,12,3,"[0, 1, 1, 2]","[0, 1, 1, 0]",invert all source and target factor-frame forms listed,"[[1,20,14],[11,15,1],[22,20,6],[11,15,1]]","[[1,20,14],[1,0,1],[29,6,9],[1,0,1]]",2,scalar*product(target_frame_forms)/product(source_frame_forms),16,normalized_H_factor_circuit^4,False,False,False,False
60,15,42,0,"[0, 1, 2, 0]","[1, 1, 2, 0]",invert all source and target factor-frame forms listed,"[[1,20,14],[29,0,2],[8,0,0],[1,0,1]]","[[12,17,13],[29,0,2],[8,0,0],[21,22,15]]",17,scalar*product(target_frame_forms)/product(source_frame_forms),7,normalized_H_factor_circuit^4,False,False,False,False
61,15,24,1,"[0, 1, 2, 0]","[0, 2, 2, 0]",invert all source and target factor-frame forms listed,"[[1,20,14],[29,0,2],[8,0,0],[1,0,1]]","[[2,9,3],[29,0,2],[23,7,26],[29,0,2]]",11,scalar*product(target_frame_forms)/product(source_frame_forms),9,normalized_H_factor_circuit^4,False,False,False,False
62,15,9,2,"[0, 1, 2, 0]","[0, 1, 0, 0]",invert all source and target factor-frame forms listed,"[[1,20,14],[29,0,2],[8,0,0],[1,0,1]]","[[1,20,14],[1,0,0],[30,28,11],[1,0,1]]",28,scalar*product(target_frame_forms)/product(source_frame_forms),19,normalized_H_factor_circuit^4,False,False,False,False
63,15,16,3,"[0, 1, 2, 0]","[0, 1, 2, 1]",invert all source and target factor-frame forms listed,"[[1,20,14],[29,0,2],[8,0,0],[1,0,1]]","[[1,20,14],[20,16,1],[23,20,26],[12,17,13]]",4,scalar*product(target_frame_forms)/product(source_frame_forms),8,normalized_H_factor_circuit^4,False,False,False,False
64,16,43,0,"[0, 1, 2, 1]","[1, 1, 2, 1]",invert all source and target factor-frame forms listed,"[[1,20,14],[20,16,1],[23,20,26],[12,17,13]]","[[12,17,13],[20,16,1],[23,20,26],[27,3,25]]",17,scalar*product(target_frame_forms)/product(source_frame_forms),7,normalized_H_factor_circuit^4,False,False,False,False
65,16,25,1,"[0, 1, 2, 1]","[0, 2, 2, 1]",invert all source and target factor-frame forms listed,"[[1,20,14],[20,16,1],[23,20,26],[12,17,13]]","[[2,9,3],[20,16,1],[13,22,19],[20,16,1]]",11,scalar*product(target_frame_forms)/product(source_frame_forms),9,normalized_H_factor_circuit^4,False,False,False,False
66,16,10,2,"[0, 1, 2, 1]","[0, 1, 0, 1]",invert all source and target factor-frame forms listed,"[[1,20,14],[20,16,1],[23,20,26],[12,17,13]]","[[1,20,14],[1,20,14],[21,26,14],[12,17,13]]",28,scalar*product(target_frame_forms)/product(source_frame_forms),19,normalized_H_factor_circuit^4,False,False,False,False
67,16,17,3,"[0, 1, 2, 1]","[0, 1, 2, 2]",invert all source and target factor-frame forms listed,"[[1,20,14],[20,16,1],[23,20,26],[12,17,13]]","[[1,20,14],[14,25,21],[15,22,10],[11,15,1]]",4,scalar*product(target_frame_forms)/product(source_frame_forms),8,normalized_H_factor_circuit^4,False,False,False,False
68,17,44,0,"[0, 1, 2, 2]","[1, 1, 2, 2]",invert all source and target factor-frame forms listed,"[[1,20,14],[14,25,21],[15,22,10],[11,15,1]]","[[12,17,13],[14,25,21],[15,22,10],[14,0,14]]",17,scalar*product(target_frame_forms)/product(source_frame_forms),7,normalized_H_factor_circuit^4,False,False,False,False
69,17,26,1,"[0, 1, 2, 2]","[0, 2, 2, 2]",invert all source and target factor-frame forms listed,"[[1,20,14],[14,25,21],[15,22,10],[11,15,1]]","[[2,9,3],[14,25,21],[6,0,18],[14,25,21]]",11,scalar*product(target_frame_forms)/product(source_frame_forms),9,normalized_H_factor_circuit^4,False,False,False,False
70,17,11,2,"[0, 1, 2, 2]","[0, 1, 0, 2]",invert all source and target factor-frame forms listed,"[[1,20,14],[14,25,21],[15,22,10],[11,15,1]]","[[1,20,14],[2,9,3],[24,0,10],[11,15,1]]",28,scalar*product(target_frame_forms)/product(source_frame_forms),19,normalized_H_factor_circuit^4,False,False,False,False
71,17,15,3,"[0, 1, 2, 2]","[0, 1, 2, 0]",invert all source and target factor-frame forms listed,"[[1,20,14],[14,25,21],[15,22,10],[11,15,1]]","[[1,20,14],[29,0,2],[8,0,0],[1,0,1]]",2,scalar*product(target_frame_forms)/product(source_frame_forms),16,normalized_H_factor_circuit^4,False,False,False,False
72,18,45,0,"[0, 2, 0, 0]","[1, 2, 0, 0]",invert all source and target factor-frame forms listed,"[[2,9,3],[1,0,0],[29,6,9],[29,0,2]]","[[11,15,1],[1,0,0],[29,6,9],[7,18,5]]",17,scalar*product(target_frame_forms)/product(source_frame_forms),7,normalized_H_factor_circuit^4,False,False,False,False
73,18,0,1,"[0, 2, 0, 0]","[0, 0, 0, 0]",invert all source and target factor-frame forms listed,"[[2,9,3],[1,0,0],[29,6,9],[29,0,2]]","[[1,0,0],[1,0,0],[1,0,0],[1,0,0]]",10,scalar*product(target_frame_forms)/product(source_frame_forms),18,normalized_H_factor_circuit^4,False,False,False,False
74,18,21,2,"[0, 2, 0, 0]","[0, 2, 1, 0]",invert all source and target factor-frame forms listed,"[[2,9,3],[1,0,0],[29,6,9],[29,0,2]]","[[2,9,3],[1,0,1],[8,0,0],[29,0,2]]",17,scalar*product(target_frame_forms)/product(source_frame_forms),7,normalized_H_factor_circuit^4,False,False,False,False
75,18,19,3,"[0, 2, 0, 0]","[0, 2, 0, 1]",invert all source and target factor-frame forms listed,"[[2,9,3],[1,0,0],[29,6,9],[29,0,2]]","[[2,9,3],[1,20,14],[24,0,21],[20,16,1]]",4,scalar*product(target_frame_forms)/product(source_frame_forms),8,normalized_H_factor_circuit^4,False,False,False,False
76,19,46,0,"[0, 2, 0, 1]","[1, 2, 0, 1]",invert all source and target factor-frame forms listed,"[[2,9,3],[1,20,14],[24,0,21],[20,16,1]]","[[11,15,1],[1,20,14],[24,0,21],[8,1,12]]",17,scalar*product(target_frame_forms)/product(source_frame_forms),7,normalized_H_factor_circuit^4,False,False,False,False
77,19,1,1,"[0, 2, 0, 1]","[0, 0, 0, 1]",invert all source and target factor-frame forms listed,"[[2,9,3],[1,20,14],[24,0,21],[20,16,1]]","[[1,0,0],[1,20,14],[30,18,11],[1,20,14]]",10,scalar*product(target_frame_forms)/product(source_frame_forms),18,normalized_H_factor_circuit^4,False,False,False,False
78,19,22,2,"[0, 2, 0, 1]","[0, 2, 1, 1]",invert all source and target factor-frame forms listed,"[[2,9,3],[1,20,14],[24,0,21],[20,16,1]]","[[2,9,3],[12,17,13],[23,20,26],[20,16,1]]",17,scalar*product(target_frame_forms)/product(source_frame_forms),7,normalized_H_factor_circuit^4,False,False,False,False
79,19,20,3,"[0, 2, 0, 1]","[0, 2, 0, 2]",invert all source and target factor-frame forms listed,"[[2,9,3],[1,20,14],[24,0,21],[20,16,1]]","[[2,9,3],[2,9,3],[22,20,6],[14,25,21]]",4,scalar*product(target_frame_forms)/product(source_frame_forms),8,normalized_H_factor_circuit^4,False,False,False,False
80,20,47,0,"[0, 2, 0, 2]","[1, 2, 0, 2]",invert all source and target factor-frame forms listed,"[[2,9,3],[2,9,3],[22,20,6],[14,25,21]]","[[11,15,1],[2,9,3],[22,20,6],[13,0,18]]",17,scalar*product(target_frame_forms)/product(source_frame_forms),7,normalized_H_factor_circuit^4,False,False,False,False
81,20,2,1,"[0, 2, 0, 2]","[0, 0, 0, 2]",invert all source and target factor-frame forms listed,"[[2,9,3],[2,9,3],[22,20,6],[14,25,21]]","[[1,0,0],[2,9,3],[29,26,9],[2,9,3]]",10,scalar*product(target_frame_forms)/product(source_frame_forms),18,normalized_H_factor_circuit^4,False,False,False,False
82,20,23,2,"[0, 2, 0, 2]","[0, 2, 1, 2]",invert all source and target factor-frame forms listed,"[[2,9,3],[2,9,3],[22,20,6],[14,25,21]]","[[2,9,3],[11,15,1],[15,22,10],[14,25,21]]",17,scalar*product(target_frame_forms)/product(source_frame_forms),7,normalized_H_factor_circuit^4,False,False,False,False
83,20,18,3,"[0, 2, 0, 2]","[0, 2, 0, 0]",invert all source and target factor-frame forms listed,"[[2,9,3],[2,9,3],[22,20,6],[14,25,21]]","[[2,9,3],[1,0,0],[29,6,9],[29,0,2]]",2,scalar*product(target_frame_forms)/product(source_frame_forms),16,normalized_H_factor_circuit^4,False,False,False,False
84,21,48,0,"[0, 2, 1, 0]","[1, 2, 1, 0]",invert all source and target factor-frame forms listed,"[[2,9,3],[1,0,1],[8,0,0],[29,0,2]]","[[11,15,1],[1,0,1],[8,0,0],[7,18,5]]",17,scalar*product(target_frame_forms)/product(source_frame_forms),7,normalized_H_factor_circuit^4,False,False,False,False
85,21,3,1,"[0, 2, 1, 0]","[0, 0, 1, 0]",invert all source and target factor-frame forms listed,"[[2,9,3],[1,0,1],[8,0,0],[29,0,2]]","[[1,0,0],[1,0,1],[30,28,11],[1,0,0]]",10,scalar*product(target_frame_forms)/product(source_frame_forms),18,normalized_H_factor_circuit^4,False,False,False,False
86,21,24,2,"[0, 2, 1, 0]","[0, 2, 2, 0]",invert all source and target factor-frame forms listed,"[[2,9,3],[1,0,1],[8,0,0],[29,0,2]]","[[2,9,3],[29,0,2],[23,7,26],[29,0,2]]",17,scalar*product(target_frame_forms)/product(source_frame_forms),7,normalized_H_factor_circuit^4,False,False,False,False
87,21,22,3,"[0, 2, 1, 0]","[0, 2, 1, 1]",invert all source and target factor-frame forms listed,"[[2,9,3],[1,0,1],[8,0,0],[29,0,2]]","[[2,9,3],[12,17,13],[23,20,26],[20,16,1]]",4,scalar*product(target_frame_forms)/product(source_frame_forms),8,normalized_H_factor_circuit^4,False,False,False,False
88,22,49,0,"[0, 2, 1, 1]","[1, 2, 1, 1]",invert all source and target factor-frame forms listed,"[[2,9,3],[12,17,13],[23,20,26],[20,16,1]]","[[11,15,1],[12,17,13],[23,20,26],[8,1,12]]",17,scalar*product(target_frame_forms)/product(source_frame_forms),7,normalized_H_factor_circuit^4,False,False,False,False
89,22,4,1,"[0, 2, 1, 1]","[0, 0, 1, 1]",invert all source and target factor-frame forms listed,"[[2,9,3],[12,17,13],[23,20,26],[20,16,1]]","[[1,0,0],[12,17,13],[21,26,14],[1,20,14]]",10,scalar*product(target_frame_forms)/product(source_frame_forms),18,normalized_H_factor_circuit^4,False,False,False,False
90,22,25,2,"[0, 2, 1, 1]","[0, 2, 2, 1]",invert all source and target factor-frame forms listed,"[[2,9,3],[12,17,13],[23,20,26],[20,16,1]]","[[2,9,3],[20,16,1],[13,22,19],[20,16,1]]",17,scalar*product(target_frame_forms)/product(source_frame_forms),7,normalized_H_factor_circuit^4,False,False,False,False
91,22,23,3,"[0, 2, 1, 1]","[0, 2, 1, 2]",invert all source and target factor-frame forms listed,"[[2,9,3],[12,17,13],[23,20,26],[20,16,1]]","[[2,9,3],[11,15,1],[15,22,10],[14,25,21]]",4,scalar*product(target_frame_forms)/product(source_frame_forms),8,normalized_H_factor_circuit^4,False,False,False,False
92,23,50,0,"[0, 2, 1, 2]","[1, 2, 1, 2]",invert all source and target factor-frame forms listed,"[[2,9,3],[11,15,1],[15,22,10],[14,25,21]]","[[11,15,1],[11,15,1],[15,22,10],[13,0,18]]",17,scalar*product(target_frame_forms)/product(source_frame_forms),7,normalized_H_factor_circuit^4,False,False,False,False
93,23,5,1,"[0, 2, 1, 2]","[0, 0, 1, 2]",invert all source and target factor-frame forms listed,"[[2,9,3],[11,15,1],[15,22,10],[14,25,21]]","[[1,0,0],[11,15,1],[24,0,10],[2,9,3]]",10,scalar*product(target_frame_forms)/product(source_frame_forms),18,normalized_H_factor_circuit^4,False,False,False,False
94,23,26,2,"[0, 2, 1, 2]","[0, 2, 2, 2]",invert all source and target factor-frame forms listed,"[[2,9,3],[11,15,1],[15,22,10],[14,25,21]]","[[2,9,3],[14,25,21],[6,0,18],[14,25,21]]",17,scalar*product(target_frame_forms)/product(source_frame_forms),7,normalized_H_factor_circuit^4,False,False,False,False
95,23,21,3,"[0, 2, 1, 2]","[0, 2, 1, 0]",invert all source and target factor-frame forms listed,"[[2,9,3],[11,15,1],[15,22,10],[14,25,21]]","[[2,9,3],[1,0,1],[8,0,0],[29,0,2]]",2,scalar*product(target_frame_forms)/product(source_frame_forms),16,normalized_H_factor_circuit^4,False,False,False,False
96,24,51,0,"[0, 2, 2, 0]","[1, 2, 2, 0]",invert all source and target factor-frame forms listed,"[[2,9,3],[29,0,2],[23,7,26],[29,0,2]]","[[11,15,1],[29,0,2],[23,7,26],[7,18,5]]",17,scalar*product(target_frame_forms)/product(source_frame_forms),7,normalized_H_factor_circuit^4,False,False,False,False
97,24,6,1,"[0, 2, 2, 0]","[0, 0, 2, 0]",invert all source and target factor-frame forms listed,"[[2,9,3],[29,0,2],[23,7,26],[29,0,2]]","[[1,0,0],[29,0,2],[29,6,9],[1,0,0]]",10,scalar*product(target_frame_forms)/product(source_frame_forms),18,normalized_H_factor_circuit^4,False,False,False,False
98,24,18,2,"[0, 2, 2, 0]","[0, 2, 0, 0]",invert all source and target factor-frame forms listed,"[[2,9,3],[29,0,2],[23,7,26],[29,0,2]]","[[2,9,3],[1,0,0],[29,6,9],[29,0,2]]",28,scalar*product(target_frame_forms)/product(source_frame_forms),19,normalized_H_factor_circuit^4,False,False,False,False
99,24,25,3,"[0, 2, 2, 0]","[0, 2, 2, 1]",invert all source and target factor-frame forms listed,"[[2,9,3],[29,0,2],[23,7,26],[29,0,2]]","[[2,9,3],[20,16,1],[13,22,19],[20,16,1]]",4,scalar*product(target_frame_forms)/product(source_frame_forms),8,normalized_H_factor_circuit^4,False,False,False,False
100,25,52,0,"[0, 2, 2, 1]","[1, 2, 2, 1]",invert all source and target factor-frame forms listed,"[[2,9,3],[20,16,1],[13,22,19],[20,16,1]]","[[11,15,1],[20,16,1],[13,22,19],[8,1,12]]",17,scalar*product(target_frame_forms)/product(source_frame_forms),7,normalized_H_factor_circuit^4,False,False,False,False
101,25,7,1,"[0, 2, 2, 1]","[0, 0, 2, 1]",invert all source and target factor-frame forms listed,"[[2,9,3],[20,16,1],[13,22,19],[20,16,1]]","[[1,0,0],[20,16,1],[24,0,21],[1,20,14]]",10,scalar*product(target_frame_forms)/product(source_frame_forms),18,normalized_H_factor_circuit^4,False,False,False,False
102,25,19,2,"[0, 2, 2, 1]","[0, 2, 0, 1]",invert all source and target factor-frame forms listed,"[[2,9,3],[20,16,1],[13,22,19],[20,16,1]]","[[2,9,3],[1,20,14],[24,0,21],[20,16,1]]",28,scalar*product(target_frame_forms)/product(source_frame_forms),19,normalized_H_factor_circuit^4,False,False,False,False
103,25,26,3,"[0, 2, 2, 1]","[0, 2, 2, 2]",invert all source and target factor-frame forms listed,"[[2,9,3],[20,16,1],[13,22,19],[20,16,1]]","[[2,9,3],[14,25,21],[6,0,18],[14,25,21]]",4,scalar*product(target_frame_forms)/product(source_frame_forms),8,normalized_H_factor_circuit^4,False,False,False,False
104,26,53,0,"[0, 2, 2, 2]","[1, 2, 2, 2]",invert all source and target factor-frame forms listed,"[[2,9,3],[14,25,21],[6,0,18],[14,25,21]]","[[11,15,1],[14,25,21],[6,0,18],[13,0,18]]",17,scalar*product(target_frame_forms)/product(source_frame_forms),7,normalized_H_factor_circuit^4,False,False,False,False
105,26,8,1,"[0, 2, 2, 2]","[0, 0, 2, 2]",invert all source and target factor-frame forms listed,"[[2,9,3],[14,25,21],[6,0,18],[14,25,21]]","[[1,0,0],[14,25,21],[22,20,6],[2,9,3]]",10,scalar*product(target_frame_forms)/product(source_frame_forms),18,normalized_H_factor_circuit^4,False,False,False,False
106,26,20,2,"[0, 2, 2, 2]","[0, 2, 0, 2]",invert all source and target factor-frame forms listed,"[[2,9,3],[14,25,21],[6,0,18],[14,25,21]]","[[2,9,3],[2,9,3],[22,20,6],[14,25,21]]",28,scalar*product(target_frame_forms)/product(source_frame_forms),19,normalized_H_factor_circuit^4,False,False,False,False
107,26,24,3,"[0, 2, 2, 2]","[0, 2, 2, 0]",invert all source and target factor-frame forms listed,"[[2,9,3],[14,25,21],[6,0,18],[14,25,21]]","[[2,9,3],[29,0,2],[23,7,26],[29,0,2]]",2,scalar*product(target_frame_forms)/product(source_frame_forms),16,normalized_H_factor_circuit^4,False,False,False,False
108,27,54,0,"[1, 0, 0, 0]","[2, 0, 0, 0]",invert all source and target factor-frame forms listed,"[[1,0,1],[1,0,0],[1,0,0],[1,20,14]]","[[29,0,2],[1,0,0],[1,0,0],[2,9,3]]",17,scalar*product(target_frame_forms)/product(source_frame_forms),7,normalized_H_factor_circuit^4,False,False,False,False
109,27,36,1,"[1, 0, 0, 0]","[1, 1, 0, 0]",invert all source and target factor-frame forms listed,"[[1,0,1],[1,0,0],[1,0,0],[1,20,14]]","[[12,17,13],[1,0,0],[30,28,11],[21,22,15]]",11,scalar*product(target_frame_forms)/product(source_frame_forms),9,normalized_H_factor_circuit^4,False,False,False,False
110,27,30,2,"[1, 0, 0, 0]","[1, 0, 1, 0]",invert all source and target factor-frame forms listed,"[[1,0,1],[1,0,0],[1,0,0],[1,20,14]]","[[1,0,1],[1,0,1],[30,28,11],[1,20,14]]",17,scalar*product(target_frame_forms)/product(source_frame_forms),7,normalized_H_factor_circuit^4,False,False,False,False
111,27,28,3,"[1, 0, 0, 0]","[1, 0, 0, 1]",invert all source and target factor-frame forms listed,"[[1,0,1],[1,0,0],[1,0,0],[1,20,14]]","[[1,0,1],[1,20,14],[30,18,11],[2,9,3]]",4,scalar*product(target_frame_forms)/product(source_frame_forms),8,normalized_H_factor_circuit^4,False,False,False,False
112,28,55,0,"[1, 0, 0, 1]","[2, 0, 0, 1]",invert all source and target factor-frame forms listed,"[[1,0,1],[1,20,14],[30,18,11],[2,9,3]]","[[29,0,2],[1,20,14],[30,18,11],[8,0,0]]",17,scalar*product(target_frame_forms)/product(source_frame_forms),7,normalized_H_factor_circuit^4,False,False,False,False
113,28,37,1,"[1, 0, 0, 1]","[1, 1, 0, 1]",invert all source and target factor-frame forms listed,"[[1,0,1],[1,20,14],[30,18,11],[2,9,3]]","[[12,17,13],[1,20,14],[21,26,14],[27,3,25]]",11,scalar*product(target_frame_forms)/product(source_frame_forms),9,normalized_H_factor_circuit^4,False,False,False,False
114,28,31,2,"[1, 0, 0, 1]","[1, 0, 1, 1]",invert all source and target factor-frame forms listed,"[[1,0,1],[1,20,14],[30,18,11],[2,9,3]]","[[1,0,1],[12,17,13],[21,26,14],[2,9,3]]",17,scalar*product(target_frame_forms)/product(source_frame_forms),7,normalized_H_factor_circuit^4,False,False,False,False
115,28,29,3,"[1, 0, 0, 1]","[1, 0, 0, 2]",invert all source and target factor-frame forms listed,"[[1,0,1],[1,20,14],[30,18,11],[2,9,3]]","[[1,0,1],[2,9,3],[29,26,9],[8,0,0]]",4,scalar*product(target_frame_forms)/product(source_frame_forms),8,normalized_H_factor_circuit^4,False,False,False,False
116,29,56,0,"[1, 0, 0, 2]","[2, 0, 0, 2]",invert all source and target factor-frame forms listed,"[[1,0,1],[2,9,3],[29,26,9],[8,0,0]]","[[29,0,2],[2,9,3],[29,26,9],[8,5,19]]",17,scalar*product(target_frame_forms)/product(source_frame_forms),7,normalized_H_factor_circuit^4,False,False,False,False
117,29,38,1,"[1, 0, 0, 2]","[1, 1, 0, 2]",invert all source and target factor-frame forms listed,"[[1,0,1],[2,9,3],[29,26,9],[8,0,0]]","[[12,17,13],[2,9,3],[24,0,10],[14,0,14]]",11,scalar*product(target_frame_forms)/product(source_frame_forms),9,normalized_H_factor_circuit^4,False,False,False,False
118,29,32,2,"[1, 0, 0, 2]","[1, 0, 1, 2]",invert all source and target factor-frame forms listed,"[[1,0,1],[2,9,3],[29,26,9],[8,0,0]]","[[1,0,1],[11,15,1],[24,0,10],[8,0,0]]",17,scalar*product(target_frame_forms)/product(source_frame_forms),7,normalized_H_factor_circuit^4,False,False,False,False
119,29,27,3,"[1, 0, 0, 2]","[1, 0, 0, 0]",invert all source and target factor-frame forms listed,"[[1,0,1],[2,9,3],[29,26,9],[8,0,0]]","[[1,0,1],[1,0,0],[1,0,0],[1,20,14]]",2,scalar*product(target_frame_forms)/product(source_frame_forms),16,normalized_H_factor_circuit^4,False,False,False,False
120,30,57,0,"[1, 0, 1, 0]","[2, 0, 1, 0]",invert all source and target factor-frame forms listed,"[[1,0,1],[1,0,1],[30,28,11],[1,20,14]]","[[29,0,2],[1,0,1],[30,28,11],[2,9,3]]",17,scalar*product(target_frame_forms)/product(source_frame_forms),7,normalized_H_factor_circuit^4,False,False,False,False
121,30,39,1,"[1, 0, 1, 0]","[1, 1, 1, 0]",invert all source and target factor-frame forms listed,"[[1,0,1],[1,0,1],[30,28,11],[1,20,14]]","[[12,17,13],[1,0,1],[29,6,9],[21,22,15]]",11,scalar*product(target_frame_forms)/product(source_frame_forms),9,normalized_H_factor_circuit^4,False,False,False,False
122,30,33,2,"[1, 0, 1, 0]","[1, 0, 2, 0]",invert all source and target factor-frame forms listed,"[[1,0,1],[1,0,1],[30,28,11],[1,20,14]]","[[1,0,1],[29,0,2],[29,6,9],[1,20,14]]",17,scalar*product(target_frame_forms)/product(source_frame_forms),7,normalized_H_factor_circuit^4,False,False,False,False
123,30,31,3,"[1, 0, 1, 0]","[1, 0, 1, 1]",invert all source and target factor-frame forms listed,"[[1,0,1],[1,0,1],[30,28,11],[1,20,14]]","[[1,0,1],[12,17,13],[21,26,14],[2,9,3]]",4,scalar*product(target_frame_forms)/product(source_frame_forms),8,normalized_H_factor_circuit^4,False,False,False,False
124,31,58,0,"[1, 0, 1, 1]","[2, 0, 1, 1]",invert all source and target factor-frame forms listed,"[[1,0,1],[12,17,13],[21,26,14],[2,9,3]]","[[29,0,2],[12,17,13],[21,26,14],[8,0,0]]",17,scalar*product(target_frame_forms)/product(source_frame_forms),7,normalized_H_factor_circuit^4,False,False,False,False
125,31,40,1,"[1, 0, 1, 1]","[1, 1, 1, 1]",invert all source and target factor-frame forms listed,"[[1,0,1],[12,17,13],[21,26,14],[2,9,3]]","[[12,17,13],[12,17,13],[24,0,21],[27,3,25]]",11,scalar*product(target_frame_forms)/product(source_frame_forms),9,normalized_H_factor_circuit^4,False,False,False,False
126,31,34,2,"[1, 0, 1, 1]","[1, 0, 2, 1]",invert all source and target factor-frame forms listed,"[[1,0,1],[12,17,13],[21,26,14],[2,9,3]]","[[1,0,1],[20,16,1],[24,0,21],[2,9,3]]",17,scalar*product(target_frame_forms)/product(source_frame_forms),7,normalized_H_factor_circuit^4,False,False,False,False
127,31,32,3,"[1, 0, 1, 1]","[1, 0, 1, 2]",invert all source and target factor-frame forms listed,"[[1,0,1],[12,17,13],[21,26,14],[2,9,3]]","[[1,0,1],[11,15,1],[24,0,10],[8,0,0]]",4,scalar*product(target_frame_forms)/product(source_frame_forms),8,normalized_H_factor_circuit^4,False,False,False,False
128,32,59,0,"[1, 0, 1, 2]","[2, 0, 1, 2]",invert all source and target factor-frame forms listed,"[[1,0,1],[11,15,1],[24,0,10],[8,0,0]]","[[29,0,2],[11,15,1],[24,0,10],[8,5,19]]",17,scalar*product(target_frame_forms)/product(source_frame_forms),7,normalized_H_factor_circuit^4,False,False,False,False
129,32,41,1,"[1, 0, 1, 2]","[1, 1, 1, 2]",invert all source and target factor-frame forms listed,"[[1,0,1],[11,15,1],[24,0,10],[8,0,0]]","[[12,17,13],[11,15,1],[22,20,6],[14,0,14]]",11,scalar*product(target_frame_forms)/product(source_frame_forms),9,normalized_H_factor_circuit^4,False,False,False,False
130,32,35,2,"[1, 0, 1, 2]","[1, 0, 2, 2]",invert all source and target factor-frame forms listed,"[[1,0,1],[11,15,1],[24,0,10],[8,0,0]]","[[1,0,1],[14,25,21],[22,20,6],[8,0,0]]",17,scalar*product(target_frame_forms)/product(source_frame_forms),7,normalized_H_factor_circuit^4,False,False,False,False
131,32,30,3,"[1, 0, 1, 2]","[1, 0, 1, 0]",invert all source and target factor-frame forms listed,"[[1,0,1],[11,15,1],[24,0,10],[8,0,0]]","[[1,0,1],[1,0,1],[30,28,11],[1,20,14]]",2,scalar*product(target_frame_forms)/product(source_frame_forms),16,normalized_H_factor_circuit^4,False,False,False,False
132,33,60,0,"[1, 0, 2, 0]","[2, 0, 2, 0]",invert all source and target factor-frame forms listed,"[[1,0,1],[29,0,2],[29,6,9],[1,20,14]]","[[29,0,2],[29,0,2],[29,6,9],[2,9,3]]",17,scalar*product(target_frame_forms)/product(source_frame_forms),7,normalized_H_factor_circuit^4,False,False,False,False
133,33,42,1,"[1, 0, 2, 0]","[1, 1, 2, 0]",invert all source and target factor-frame forms listed,"[[1,0,1],[29,0,2],[29,6,9],[1,20,14]]","[[12,17,13],[29,0,2],[8,0,0],[21,22,15]]",11,scalar*product(target_frame_forms)/product(source_frame_forms),9,normalized_H_factor_circuit^4,False,False,False,False
134,33,27,2,"[1, 0, 2, 0]","[1, 0, 0, 0]",invert all source and target factor-frame forms listed,"[[1,0,1],[29,0,2],[29,6,9],[1,20,14]]","[[1,0,1],[1,0,0],[1,0,0],[1,20,14]]",28,scalar*product(target_frame_forms)/product(source_frame_forms),19,normalized_H_factor_circuit^4,False,False,False,False
135,33,34,3,"[1, 0, 2, 0]","[1, 0, 2, 1]",invert all source and target factor-frame forms listed,"[[1,0,1],[29,0,2],[29,6,9],[1,20,14]]","[[1,0,1],[20,16,1],[24,0,21],[2,9,3]]",4,scalar*product(target_frame_forms)/product(source_frame_forms),8,normalized_H_factor_circuit^4,False,False,False,False
136,34,61,0,"[1, 0, 2, 1]","[2, 0, 2, 1]",invert all source and target factor-frame forms listed,"[[1,0,1],[20,16,1],[24,0,21],[2,9,3]]","[[29,0,2],[20,16,1],[24,0,21],[8,0,0]]",17,scalar*product(target_frame_forms)/product(source_frame_forms),7,normalized_H_factor_circuit^4,False,False,False,False
137,34,43,1,"[1, 0, 2, 1]","[1, 1, 2, 1]",invert all source and target factor-frame forms listed,"[[1,0,1],[20,16,1],[24,0,21],[2,9,3]]","[[12,17,13],[20,16,1],[23,20,26],[27,3,25]]",11,scalar*product(target_frame_forms)/product(source_frame_forms),9,normalized_H_factor_circuit^4,False,False,False,False
138,34,28,2,"[1, 0, 2, 1]","[1, 0, 0, 1]",invert all source and target factor-frame forms listed,"[[1,0,1],[20,16,1],[24,0,21],[2,9,3]]","[[1,0,1],[1,20,14],[30,18,11],[2,9,3]]",28,scalar*product(target_frame_forms)/product(source_frame_forms),19,normalized_H_factor_circuit^4,False,False,False,False
139,34,35,3,"[1, 0, 2, 1]","[1, 0, 2, 2]",invert all source and target factor-frame forms listed,"[[1,0,1],[20,16,1],[24,0,21],[2,9,3]]","[[1,0,1],[14,25,21],[22,20,6],[8,0,0]]",4,scalar*product(target_frame_forms)/product(source_frame_forms),8,normalized_H_factor_circuit^4,False,False,False,False
140,35,62,0,"[1, 0, 2, 2]","[2, 0, 2, 2]",invert all source and target factor-frame forms listed,"[[1,0,1],[14,25,21],[22,20,6],[8,0,0]]","[[29,0,2],[14,25,21],[22,20,6],[8,5,19]]",17,scalar*product(target_frame_forms)/product(source_frame_forms),7,normalized_H_factor_circuit^4,False,False,False,False
141,35,44,1,"[1, 0, 2, 2]","[1, 1, 2, 2]",invert all source and target factor-frame forms listed,"[[1,0,1],[14,25,21],[22,20,6],[8,0,0]]","[[12,17,13],[14,25,21],[15,22,10],[14,0,14]]",11,scalar*product(target_frame_forms)/product(source_frame_forms),9,normalized_H_factor_circuit^4,False,False,False,False
142,35,29,2,"[1, 0, 2, 2]","[1, 0, 0, 2]",invert all source and target factor-frame forms listed,"[[1,0,1],[14,25,21],[22,20,6],[8,0,0]]","[[1,0,1],[2,9,3],[29,26,9],[8,0,0]]",28,scalar*product(target_frame_forms)/product(source_frame_forms),19,normalized_H_factor_circuit^4,False,False,False,False
143,35,33,3,"[1, 0, 2, 2]","[1, 0, 2, 0]",invert all source and target factor-frame forms listed,"[[1,0,1],[14,25,21],[22,20,6],[8,0,0]]","[[1,0,1],[29,0,2],[29,6,9],[1,20,14]]",2,scalar*product(target_frame_forms)/product(source_frame_forms),16,normalized_H_factor_circuit^4,False,False,False,False
144,36,63,0,"[1, 1, 0, 0]","[2, 1, 0, 0]",invert all source and target factor-frame forms listed,"[[12,17,13],[1,0,0],[30,28,11],[21,22,15]]","[[20,16,1],[1,0,0],[30,28,11],[24,13,5]]",17,scalar*product(target_frame_forms)/product(source_frame_forms),7,normalized_H_factor_circuit^4,False,False,False,False
145,36,45,1,"[1, 1, 0, 0]","[1, 2, 0, 0]",invert all source and target factor-frame forms listed,"[[12,17,13],[1,0,0],[30,28,11],[21,22,15]]","[[11,15,1],[1,0,0],[29,6,9],[7,18,5]]",11,scalar*product(target_frame_forms)/product(source_frame_forms),9,normalized_H_factor_circuit^4,False,False,False,False
146,36,39,2,"[1, 1, 0, 0]","[1, 1, 1, 0]",invert all source and target factor-frame forms listed,"[[12,17,13],[1,0,0],[30,28,11],[21,22,15]]","[[12,17,13],[1,0,1],[29,6,9],[21,22,15]]",17,scalar*product(target_frame_forms)/product(source_frame_forms),7,normalized_H_factor_circuit^4,False,False,False,False
147,36,37,3,"[1, 1, 0, 0]","[1, 1, 0, 1]",invert all source and target factor-frame forms listed,"[[12,17,13],[1,0,0],[30,28,11],[21,22,15]]","[[12,17,13],[1,20,14],[21,26,14],[27,3,25]]",4,scalar*product(target_frame_forms)/product(source_frame_forms),8,normalized_H_factor_circuit^4,False,False,False,False
148,37,64,0,"[1, 1, 0, 1]","[2, 1, 0, 1]",invert all source and target factor-frame forms listed,"[[12,17,13],[1,20,14],[21,26,14],[27,3,25]]","[[20,16,1],[1,20,14],[21,26,14],[9,0,9]]",17,scalar*product(target_frame_forms)/product(source_frame_forms),7,normalized_H_factor_circuit^4,False,False,False,False
149,37,46,1,"[1, 1, 0, 1]","[1, 2, 0, 1]",invert all source and target factor-frame forms listed,"[[12,17,13],[1,20,14],[21,26,14],[27,3,25]]","[[11,15,1],[1,20,14],[24,0,21],[8,1,12]]",11,scalar*product(target_frame_forms)/product(source_frame_forms),9,normalized_H_factor_circuit^4,False,False,False,False
150,37,40,2,"[1, 1, 0, 1]","[1, 1, 1, 1]",invert all source and target factor-frame forms listed,"[[12,17,13],[1,20,14],[21,26,14],[27,3,25]]","[[12,17,13],[12,17,13],[24,0,21],[27,3,25]]",17,scalar*product(target_frame_forms)/product(source_frame_forms),7,normalized_H_factor_circuit^4,False,False,False,False
151,37,38,3,"[1, 1, 0, 1]","[1, 1, 0, 2]",invert all source and target factor-frame forms listed,"[[12,17,13],[1,20,14],[21,26,14],[27,3,25]]","[[12,17,13],[2,9,3],[24,0,10],[14,0,14]]",4,scalar*product(target_frame_forms)/product(source_frame_forms),8,normalized_H_factor_circuit^4,False,False,False,False
152,38,65,0,"[1, 1, 0, 2]","[2, 1, 0, 2]",invert all source and target factor-frame forms listed,"[[12,17,13],[2,9,3],[24,0,10],[14,0,14]]","[[20,16,1],[2,9,3],[24,0,10],[15,29,24]]",17,scalar*product(target_frame_forms)/product(source_frame_forms),7,normalized_H_factor_circuit^4,False,False,False,False
153,38,47,1,"[1, 1, 0, 2]","[1, 2, 0, 2]",invert all source and target factor-frame forms listed,"[[12,17,13],[2,9,3],[24,0,10],[14,0,14]]","[[11,15,1],[2,9,3],[22,20,6],[13,0,18]]",11,scalar*product(target_frame_forms)/product(source_frame_forms),9,normalized_H_factor_circuit^4,False,False,False,False
154,38,41,2,"[1, 1, 0, 2]","[1, 1, 1, 2]",invert all source and target factor-frame forms listed,"[[12,17,13],[2,9,3],[24,0,10],[14,0,14]]","[[12,17,13],[11,15,1],[22,20,6],[14,0,14]]",17,scalar*product(target_frame_forms)/product(source_frame_forms),7,normalized_H_factor_circuit^4,False,False,False,False
155,38,36,3,"[1, 1, 0, 2]","[1, 1, 0, 0]",invert all source and target factor-frame forms listed,"[[12,17,13],[2,9,3],[24,0,10],[14,0,14]]","[[12,17,13],[1,0,0],[30,28,11],[21,22,15]]",2,scalar*product(target_frame_forms)/product(source_frame_forms),16,normalized_H_factor_circuit^4,False,False,False,False
156,39,66,0,"[1, 1, 1, 0]","[2, 1, 1, 0]",invert all source and target factor-frame forms listed,"[[12,17,13],[1,0,1],[29,6,9],[21,22,15]]","[[20,16,1],[1,0,1],[29,6,9],[24,13,5]]",17,scalar*product(target_frame_forms)/product(source_frame_forms),7,normalized_H_factor_circuit^4,False,False,False,False
157,39,48,1,"[1, 1, 1, 0]","[1, 2, 1, 0]",invert all source and target factor-frame forms listed,"[[12,17,13],[1,0,1],[29,6,9],[21,22,15]]","[[11,15,1],[1,0,1],[8,0,0],[7,18,5]]",11,scalar*product(target_frame_forms)/product(source_frame_forms),9,normalized_H_factor_circuit^4,False,False,False,False
158,39,42,2,"[1, 1, 1, 0]","[1, 1, 2, 0]",invert all source and target factor-frame forms listed,"[[12,17,13],[1,0,1],[29,6,9],[21,22,15]]","[[12,17,13],[29,0,2],[8,0,0],[21,22,15]]",17,scalar*product(target_frame_forms)/product(source_frame_forms),7,normalized_H_factor_circuit^4,False,False,False,False
159,39,40,3,"[1, 1, 1, 0]","[1, 1, 1, 1]",invert all source and target factor-frame forms listed,"[[12,17,13],[1,0,1],[29,6,9],[21,22,15]]","[[12,17,13],[12,17,13],[24,0,21],[27,3,25]]",4,scalar*product(target_frame_forms)/product(source_frame_forms),8,normalized_H_factor_circuit^4,False,False,False,False
160,40,67,0,"[1, 1, 1, 1]","[2, 1, 1, 1]",invert all source and target factor-frame forms listed,"[[12,17,13],[12,17,13],[24,0,21],[27,3,25]]","[[20,16,1],[12,17,13],[24,0,21],[9,0,9]]",17,scalar*product(target_frame_forms)/product(source_frame_forms),7,normalized_H_factor_circuit^4,False,False,False,False
161,40,49,1,"[1, 1, 1, 1]","[1, 2, 1, 1]",invert all source and target factor-frame forms listed,"[[12,17,13],[12,17,13],[24,0,21],[27,3,25]]","[[11,15,1],[12,17,13],[23,20,26],[8,1,12]]",11,scalar*product(target_frame_forms)/product(source_frame_forms),9,normalized_H_factor_circuit^4,False,False,False,False
162,40,43,2,"[1, 1, 1, 1]","[1, 1, 2, 1]",invert all source and target factor-frame forms listed,"[[12,17,13],[12,17,13],[24,0,21],[27,3,25]]","[[12,17,13],[20,16,1],[23,20,26],[27,3,25]]",17,scalar*product(target_frame_forms)/product(source_frame_forms),7,normalized_H_factor_circuit^4,False,False,False,False
163,40,41,3,"[1, 1, 1, 1]","[1, 1, 1, 2]",invert all source and target factor-frame forms listed,"[[12,17,13],[12,17,13],[24,0,21],[27,3,25]]","[[12,17,13],[11,15,1],[22,20,6],[14,0,14]]",4,scalar*product(target_frame_forms)/product(source_frame_forms),8,normalized_H_factor_circuit^4,False,False,False,False
164,41,68,0,"[1, 1, 1, 2]","[2, 1, 1, 2]",invert all source and target factor-frame forms listed,"[[12,17,13],[11,15,1],[22,20,6],[14,0,14]]","[[20,16,1],[11,15,1],[22,20,6],[15,29,24]]",17,scalar*product(target_frame_forms)/product(source_frame_forms),7,normalized_H_factor_circuit^4,False,False,False,False
165,41,50,1,"[1, 1, 1, 2]","[1, 2, 1, 2]",invert all source and target factor-frame forms listed,"[[12,17,13],[11,15,1],[22,20,6],[14,0,14]]","[[11,15,1],[11,15,1],[15,22,10],[13,0,18]]",11,scalar*product(target_frame_forms)/product(source_frame_forms),9,normalized_H_factor_circuit^4,False,False,False,False
166,41,44,2,"[1, 1, 1, 2]","[1, 1, 2, 2]",invert all source and target factor-frame forms listed,"[[12,17,13],[11,15,1],[22,20,6],[14,0,14]]","[[12,17,13],[14,25,21],[15,22,10],[14,0,14]]",17,scalar*product(target_frame_forms)/product(source_frame_forms),7,normalized_H_factor_circuit^4,False,False,False,False
167,41,39,3,"[1, 1, 1, 2]","[1, 1, 1, 0]",invert all source and target factor-frame forms listed,"[[12,17,13],[11,15,1],[22,20,6],[14,0,14]]","[[12,17,13],[1,0,1],[29,6,9],[21,22,15]]",2,scalar*product(target_frame_forms)/product(source_frame_forms),16,normalized_H_factor_circuit^4,False,False,False,False
168,42,69,0,"[1, 1, 2, 0]","[2, 1, 2, 0]",invert all source and target factor-frame forms listed,"[[12,17,13],[29,0,2],[8,0,0],[21,22,15]]","[[20,16,1],[29,0,2],[8,0,0],[24,13,5]]",17,scalar*product(target_frame_forms)/product(source_frame_forms),7,normalized_H_factor_circuit^4,False,False,False,False
169,42,51,1,"[1, 1, 2, 0]","[1, 2, 2, 0]",invert all source and target factor-frame forms listed,"[[12,17,13],[29,0,2],[8,0,0],[21,22,15]]","[[11,15,1],[29,0,2],[23,7,26],[7,18,5]]",11,scalar*product(target_frame_forms)/product(source_frame_forms),9,normalized_H_factor_circuit^4,False,False,False,False
170,42,36,2,"[1, 1, 2, 0]","[1, 1, 0, 0]",invert all source and target factor-frame forms listed,"[[12,17,13],[29,0,2],[8,0,0],[21,22,15]]","[[12,17,13],[1,0,0],[30,28,11],[21,22,15]]",28,scalar*product(target_frame_forms)/product(source_frame_forms),19,normalized_H_factor_circuit^4,False,False,False,False
171,42,43,3,"[1, 1, 2, 0]","[1, 1, 2, 1]",invert all source and target factor-frame forms listed,"[[12,17,13],[29,0,2],[8,0,0],[21,22,15]]","[[12,17,13],[20,16,1],[23,20,26],[27,3,25]]",4,scalar*product(target_frame_forms)/product(source_frame_forms),8,normalized_H_factor_circuit^4,False,False,False,False
172,43,70,0,"[1, 1, 2, 1]","[2, 1, 2, 1]",invert all source and target factor-frame forms listed,"[[12,17,13],[20,16,1],[23,20,26],[27,3,25]]","[[20,16,1],[20,16,1],[23,20,26],[9,0,9]]",17,scalar*product(target_frame_forms)/product(source_frame_forms),7,normalized_H_factor_circuit^4,False,False,False,False
173,43,52,1,"[1, 1, 2, 1]","[1, 2, 2, 1]",invert all source and target factor-frame forms listed,"[[12,17,13],[20,16,1],[23,20,26],[27,3,25]]","[[11,15,1],[20,16,1],[13,22,19],[8,1,12]]",11,scalar*product(target_frame_forms)/product(source_frame_forms),9,normalized_H_factor_circuit^4,False,False,False,False
174,43,37,2,"[1, 1, 2, 1]","[1, 1, 0, 1]",invert all source and target factor-frame forms listed,"[[12,17,13],[20,16,1],[23,20,26],[27,3,25]]","[[12,17,13],[1,20,14],[21,26,14],[27,3,25]]",28,scalar*product(target_frame_forms)/product(source_frame_forms),19,normalized_H_factor_circuit^4,False,False,False,False
175,43,44,3,"[1, 1, 2, 1]","[1, 1, 2, 2]",invert all source and target factor-frame forms listed,"[[12,17,13],[20,16,1],[23,20,26],[27,3,25]]","[[12,17,13],[14,25,21],[15,22,10],[14,0,14]]",4,scalar*product(target_frame_forms)/product(source_frame_forms),8,normalized_H_factor_circuit^4,False,False,False,False
176,44,71,0,"[1, 1, 2, 2]","[2, 1, 2, 2]",invert all source and target factor-frame forms listed,"[[12,17,13],[14,25,21],[15,22,10],[14,0,14]]","[[20,16,1],[14,25,21],[15,22,10],[15,29,24]]",17,scalar*product(target_frame_forms)/product(source_frame_forms),7,normalized_H_factor_circuit^4,False,False,False,False
177,44,53,1,"[1, 1, 2, 2]","[1, 2, 2, 2]",invert all source and target factor-frame forms listed,"[[12,17,13],[14,25,21],[15,22,10],[14,0,14]]","[[11,15,1],[14,25,21],[6,0,18],[13,0,18]]",11,scalar*product(target_frame_forms)/product(source_frame_forms),9,normalized_H_factor_circuit^4,False,False,False,False
178,44,38,2,"[1, 1, 2, 2]","[1, 1, 0, 2]",invert all source and target factor-frame forms listed,"[[12,17,13],[14,25,21],[15,22,10],[14,0,14]]","[[12,17,13],[2,9,3],[24,0,10],[14,0,14]]",28,scalar*product(target_frame_forms)/product(source_frame_forms),19,normalized_H_factor_circuit^4,False,False,False,False
179,44,42,3,"[1, 1, 2, 2]","[1, 1, 2, 0]",invert all source and target factor-frame forms listed,"[[12,17,13],[14,25,21],[15,22,10],[14,0,14]]","[[12,17,13],[29,0,2],[8,0,0],[21,22,15]]",2,scalar*product(target_frame_forms)/product(source_frame_forms),16,normalized_H_factor_circuit^4,False,False,False,False
180,45,72,0,"[1, 2, 0, 0]","[2, 2, 0, 0]",invert all source and target factor-frame forms listed,"[[11,15,1],[1,0,0],[29,6,9],[7,18,5]]","[[14,25,21],[1,0,0],[29,6,9],[9,5,29]]",17,scalar*product(target_frame_forms)/product(source_frame_forms),7,normalized_H_factor_circuit^4,False,False,False,False
181,45,27,1,"[1, 2, 0, 0]","[1, 0, 0, 0]",invert all source and target factor-frame forms listed,"[[11,15,1],[1,0,0],[29,6,9],[7,18,5]]","[[1,0,1],[1,0,0],[1,0,0],[1,20,14]]",10,scalar*product(target_frame_forms)/product(source_frame_forms),18,normalized_H_factor_circuit^4,False,False,False,False
182,45,48,2,"[1, 2, 0, 0]","[1, 2, 1, 0]",invert all source and target factor-frame forms listed,"[[11,15,1],[1,0,0],[29,6,9],[7,18,5]]","[[11,15,1],[1,0,1],[8,0,0],[7,18,5]]",17,scalar*product(target_frame_forms)/product(source_frame_forms),7,normalized_H_factor_circuit^4,False,False,False,False
183,45,46,3,"[1, 2, 0, 0]","[1, 2, 0, 1]",invert all source and target factor-frame forms listed,"[[11,15,1],[1,0,0],[29,6,9],[7,18,5]]","[[11,15,1],[1,20,14],[24,0,21],[8,1,12]]",4,scalar*product(target_frame_forms)/product(source_frame_forms),8,normalized_H_factor_circuit^4,False,False,False,False
184,46,73,0,"[1, 2, 0, 1]","[2, 2, 0, 1]",invert all source and target factor-frame forms listed,"[[11,15,1],[1,20,14],[24,0,21],[8,1,12]]","[[14,25,21],[1,20,14],[24,0,21],[3,0,28]]",17,scalar*product(target_frame_forms)/product(source_frame_forms),7,normalized_H_factor_circuit^4,False,False,False,False
185,46,28,1,"[1, 2, 0, 1]","[1, 0, 0, 1]",invert all source and target factor-frame forms listed,"[[11,15,1],[1,20,14],[24,0,21],[8,1,12]]","[[1,0,1],[1,20,14],[30,18,11],[2,9,3]]",10,scalar*product(target_frame_forms)/product(source_frame_forms),18,normalized_H_factor_circuit^4,False,False,False,False
186,46,49,2,"[1, 2, 0, 1]","[1, 2, 1, 1]",invert all source and target factor-frame forms listed,"[[11,15,1],[1,20,14],[24,0,21],[8,1,12]]","[[11,15,1],[12,17,13],[23,20,26],[8,1,12]]",17,scalar*product(target_frame_forms)/product(source_frame_forms),7,normalized_H_factor_circuit^4,False,False,False,False
187,46,47,3,"[1, 2, 0, 1]","[1, 2, 0, 2]",invert all source and target factor-frame forms listed,"[[11,15,1],[1,20,14],[24,0,21],[8,1,12]]","[[11,15,1],[2,9,3],[22,20,6],[13,0,18]]",4,scalar*product(target_frame_forms)/product(source_frame_forms),8,normalized_H_factor_circuit^4,False,False,False,False
188,47,74,0,"[1, 2, 0, 2]","[2, 2, 0, 2]",invert all source and target factor-frame forms listed,"[[11,15,1],[2,9,3],[22,20,6],[13,0,18]]","[[14,25,21],[2,9,3],[22,20,6],[1,7,14]]",17,scalar*product(target_frame_forms)/product(source_frame_forms),7,normalized_H_factor_circuit^4,False,False,False,False
189,47,29,1,"[1, 2, 0, 2]","[1, 0, 0, 2]",invert all source and target factor-frame forms listed,"[[11,15,1],[2,9,3],[22,20,6],[13,0,18]]","[[1,0,1],[2,9,3],[29,26,9],[8,0,0]]",10,scalar*product(target_frame_forms)/product(source_frame_forms),18,normalized_H_factor_circuit^4,False,False,False,False
190,47,50,2,"[1, 2, 0, 2]","[1, 2, 1, 2]",invert all source and target factor-frame forms listed,"[[11,15,1],[2,9,3],[22,20,6],[13,0,18]]","[[11,15,1],[11,15,1],[15,22,10],[13,0,18]]",17,scalar*product(target_frame_forms)/product(source_frame_forms),7,normalized_H_factor_circuit^4,False,False,False,False
191,47,45,3,"[1, 2, 0, 2]","[1, 2, 0, 0]",invert all source and target factor-frame forms listed,"[[11,15,1],[2,9,3],[22,20,6],[13,0,18]]","[[11,15,1],[1,0,0],[29,6,9],[7,18,5]]",2,scalar*product(target_frame_forms)/product(source_frame_forms),16,normalized_H_factor_circuit^4,False,False,False,False
192,48,75,0,"[1, 2, 1, 0]","[2, 2, 1, 0]",invert all source and target factor-frame forms listed,"[[11,15,1],[1,0,1],[8,0,0],[7,18,5]]","[[14,25,21],[1,0,1],[8,0,0],[9,5,29]]",17,scalar*product(target_frame_forms)/product(source_frame_forms),7,normalized_H_factor_circuit^4,False,False,False,False
193,48,30,1,"[1, 2, 1, 0]","[1, 0, 1, 0]",invert all source and target factor-frame forms listed,"[[11,15,1],[1,0,1],[8,0,0],[7,18,5]]","[[1,0,1],[1,0,1],[30,28,11],[1,20,14]]",10,scalar*product(target_frame_forms)/product(source_frame_forms),18,normalized_H_factor_circuit^4,False,False,False,False
194,48,51,2,"[1, 2, 1, 0]","[1, 2, 2, 0]",invert all source and target factor-frame forms listed,"[[11,15,1],[1,0,1],[8,0,0],[7,18,5]]","[[11,15,1],[29,0,2],[23,7,26],[7,18,5]]",17,scalar*product(target_frame_forms)/product(source_frame_forms),7,normalized_H_factor_circuit^4,False,False,False,False
195,48,49,3,"[1, 2, 1, 0]","[1, 2, 1, 1]",invert all source and target factor-frame forms listed,"[[11,15,1],[1,0,1],[8,0,0],[7,18,5]]","[[11,15,1],[12,17,13],[23,20,26],[8,1,12]]",4,scalar*product(target_frame_forms)/product(source_frame_forms),8,normalized_H_factor_circuit^4,False,False,False,False
196,49,76,0,"[1, 2, 1, 1]","[2, 2, 1, 1]",invert all source and target factor-frame forms listed,"[[11,15,1],[12,17,13],[23,20,26],[8,1,12]]","[[14,25,21],[12,17,13],[23,20,26],[3,0,28]]",17,scalar*product(target_frame_forms)/product(source_frame_forms),7,normalized_H_factor_circuit^4,False,False,False,False
197,49,31,1,"[1, 2, 1, 1]","[1, 0, 1, 1]",invert all source and target factor-frame forms listed,"[[11,15,1],[12,17,13],[23,20,26],[8,1,12]]","[[1,0,1],[12,17,13],[21,26,14],[2,9,3]]",10,scalar*product(target_frame_forms)/product(source_frame_forms),18,normalized_H_factor_circuit^4,False,False,False,False
198,49,52,2,"[1, 2, 1, 1]","[1, 2, 2, 1]",invert all source and target factor-frame forms listed,"[[11,15,1],[12,17,13],[23,20,26],[8,1,12]]","[[11,15,1],[20,16,1],[13,22,19],[8,1,12]]",17,scalar*product(target_frame_forms)/product(source_frame_forms),7,normalized_H_factor_circuit^4,False,False,False,False
199,49,50,3,"[1, 2, 1, 1]","[1, 2, 1, 2]",invert all source and target factor-frame forms listed,"[[11,15,1],[12,17,13],[23,20,26],[8,1,12]]","[[11,15,1],[11,15,1],[15,22,10],[13,0,18]]",4,scalar*product(target_frame_forms)/product(source_frame_forms),8,normalized_H_factor_circuit^4,False,False,False,False
200,50,77,0,"[1, 2, 1, 2]","[2, 2, 1, 2]",invert all source and target factor-frame forms listed,"[[11,15,1],[11,15,1],[15,22,10],[13,0,18]]","[[14,25,21],[11,15,1],[15,22,10],[1,7,14]]",17,scalar*product(target_frame_forms)/product(source_frame_forms),7,normalized_H_factor_circuit^4,False,False,False,False
201,50,32,1,"[1, 2, 1, 2]","[1, 0, 1, 2]",invert all source and target factor-frame forms listed,"[[11,15,1],[11,15,1],[15,22,10],[13,0,18]]","[[1,0,1],[11,15,1],[24,0,10],[8,0,0]]",10,scalar*product(target_frame_forms)/product(source_frame_forms),18,normalized_H_factor_circuit^4,False,False,False,False
202,50,53,2,"[1, 2, 1, 2]","[1, 2, 2, 2]",invert all source and target factor-frame forms listed,"[[11,15,1],[11,15,1],[15,22,10],[13,0,18]]","[[11,15,1],[14,25,21],[6,0,18],[13,0,18]]",17,scalar*product(target_frame_forms)/product(source_frame_forms),7,normalized_H_factor_circuit^4,False,False,False,False
203,50,48,3,"[1, 2, 1, 2]","[1, 2, 1, 0]",invert all source and target factor-frame forms listed,"[[11,15,1],[11,15,1],[15,22,10],[13,0,18]]","[[11,15,1],[1,0,1],[8,0,0],[7,18,5]]",2,scalar*product(target_frame_forms)/product(source_frame_forms),16,normalized_H_factor_circuit^4,False,False,False,False
204,51,78,0,"[1, 2, 2, 0]","[2, 2, 2, 0]",invert all source and target factor-frame forms listed,"[[11,15,1],[29,0,2],[23,7,26],[7,18,5]]","[[14,25,21],[29,0,2],[23,7,26],[9,5,29]]",17,scalar*product(target_frame_forms)/product(source_frame_forms),7,normalized_H_factor_circuit^4,False,False,False,False
205,51,33,1,"[1, 2, 2, 0]","[1, 0, 2, 0]",invert all source and target factor-frame forms listed,"[[11,15,1],[29,0,2],[23,7,26],[7,18,5]]","[[1,0,1],[29,0,2],[29,6,9],[1,20,14]]",10,scalar*product(target_frame_forms)/product(source_frame_forms),18,normalized_H_factor_circuit^4,False,False,False,False
206,51,45,2,"[1, 2, 2, 0]","[1, 2, 0, 0]",invert all source and target factor-frame forms listed,"[[11,15,1],[29,0,2],[23,7,26],[7,18,5]]","[[11,15,1],[1,0,0],[29,6,9],[7,18,5]]",28,scalar*product(target_frame_forms)/product(source_frame_forms),19,normalized_H_factor_circuit^4,False,False,False,False
207,51,52,3,"[1, 2, 2, 0]","[1, 2, 2, 1]",invert all source and target factor-frame forms listed,"[[11,15,1],[29,0,2],[23,7,26],[7,18,5]]","[[11,15,1],[20,16,1],[13,22,19],[8,1,12]]",4,scalar*product(target_frame_forms)/product(source_frame_forms),8,normalized_H_factor_circuit^4,False,False,False,False
208,52,79,0,"[1, 2, 2, 1]","[2, 2, 2, 1]",invert all source and target factor-frame forms listed,"[[11,15,1],[20,16,1],[13,22,19],[8,1,12]]","[[14,25,21],[20,16,1],[13,22,19],[3,0,28]]",17,scalar*product(target_frame_forms)/product(source_frame_forms),7,normalized_H_factor_circuit^4,False,False,False,False
209,52,34,1,"[1, 2, 2, 1]","[1, 0, 2, 1]",invert all source and target factor-frame forms listed,"[[11,15,1],[20,16,1],[13,22,19],[8,1,12]]","[[1,0,1],[20,16,1],[24,0,21],[2,9,3]]",10,scalar*product(target_frame_forms)/product(source_frame_forms),18,normalized_H_factor_circuit^4,False,False,False,False
210,52,46,2,"[1, 2, 2, 1]","[1, 2, 0, 1]",invert all source and target factor-frame forms listed,"[[11,15,1],[20,16,1],[13,22,19],[8,1,12]]","[[11,15,1],[1,20,14],[24,0,21],[8,1,12]]",28,scalar*product(target_frame_forms)/product(source_frame_forms),19,normalized_H_factor_circuit^4,False,False,False,False
211,52,53,3,"[1, 2, 2, 1]","[1, 2, 2, 2]",invert all source and target factor-frame forms listed,"[[11,15,1],[20,16,1],[13,22,19],[8,1,12]]","[[11,15,1],[14,25,21],[6,0,18],[13,0,18]]",4,scalar*product(target_frame_forms)/product(source_frame_forms),8,normalized_H_factor_circuit^4,False,False,False,False
212,53,80,0,"[1, 2, 2, 2]","[2, 2, 2, 2]",invert all source and target factor-frame forms listed,"[[11,15,1],[14,25,21],[6,0,18],[13,0,18]]","[[14,25,21],[14,25,21],[6,0,18],[1,7,14]]",17,scalar*product(target_frame_forms)/product(source_frame_forms),7,normalized_H_factor_circuit^4,False,False,False,False
213,53,35,1,"[1, 2, 2, 2]","[1, 0, 2, 2]",invert all source and target factor-frame forms listed,"[[11,15,1],[14,25,21],[6,0,18],[13,0,18]]","[[1,0,1],[14,25,21],[22,20,6],[8,0,0]]",10,scalar*product(target_frame_forms)/product(source_frame_forms),18,normalized_H_factor_circuit^4,False,False,False,False
214,53,47,2,"[1, 2, 2, 2]","[1, 2, 0, 2]",invert all source and target factor-frame forms listed,"[[11,15,1],[14,25,21],[6,0,18],[13,0,18]]","[[11,15,1],[2,9,3],[22,20,6],[13,0,18]]",28,scalar*product(target_frame_forms)/product(source_frame_forms),19,normalized_H_factor_circuit^4,False,False,False,False
215,53,51,3,"[1, 2, 2, 2]","[1, 2, 2, 0]",invert all source and target factor-frame forms listed,"[[11,15,1],[14,25,21],[6,0,18],[13,0,18]]","[[11,15,1],[29,0,2],[23,7,26],[7,18,5]]",2,scalar*product(target_frame_forms)/product(source_frame_forms),16,normalized_H_factor_circuit^4,False,False,False,False
216,54,0,0,"[2, 0, 0, 0]","[0, 0, 0, 0]",invert all source and target factor-frame forms listed,"[[29,0,2],[1,0,0],[1,0,0],[2,9,3]]","[[1,0,0],[1,0,0],[1,0,0],[1,0,0]]",28,scalar*product(target_frame_forms)/product(source_frame_forms),19,normalized_H_factor_circuit^4,False,False,False,False
217,54,63,1,"[2, 0, 0, 0]","[2, 1, 0, 0]",invert all source and target factor-frame forms listed,"[[29,0,2],[1,0,0],[1,0,0],[2,9,3]]","[[20,16,1],[1,0,0],[30,28,11],[24,13,5]]",11,scalar*product(target_frame_forms)/product(source_frame_forms),9,normalized_H_factor_circuit^4,False,False,False,False
218,54,57,2,"[2, 0, 0, 0]","[2, 0, 1, 0]",invert all source and target factor-frame forms listed,"[[29,0,2],[1,0,0],[1,0,0],[2,9,3]]","[[29,0,2],[1,0,1],[30,28,11],[2,9,3]]",17,scalar*product(target_frame_forms)/product(source_frame_forms),7,normalized_H_factor_circuit^4,False,False,False,False
219,54,55,3,"[2, 0, 0, 0]","[2, 0, 0, 1]",invert all source and target factor-frame forms listed,"[[29,0,2],[1,0,0],[1,0,0],[2,9,3]]","[[29,0,2],[1,20,14],[30,18,11],[8,0,0]]",4,scalar*product(target_frame_forms)/product(source_frame_forms),8,normalized_H_factor_circuit^4,False,False,False,False
220,55,1,0,"[2, 0, 0, 1]","[0, 0, 0, 1]",invert all source and target factor-frame forms listed,"[[29,0,2],[1,20,14],[30,18,11],[8,0,0]]","[[1,0,0],[1,20,14],[30,18,11],[1,20,14]]",28,scalar*product(target_frame_forms)/product(source_frame_forms),19,normalized_H_factor_circuit^4,False,False,False,False
221,55,64,1,"[2, 0, 0, 1]","[2, 1, 0, 1]",invert all source and target factor-frame forms listed,"[[29,0,2],[1,20,14],[30,18,11],[8,0,0]]","[[20,16,1],[1,20,14],[21,26,14],[9,0,9]]",11,scalar*product(target_frame_forms)/product(source_frame_forms),9,normalized_H_factor_circuit^4,False,False,False,False
222,55,58,2,"[2, 0, 0, 1]","[2, 0, 1, 1]",invert all source and target factor-frame forms listed,"[[29,0,2],[1,20,14],[30,18,11],[8,0,0]]","[[29,0,2],[12,17,13],[21,26,14],[8,0,0]]",17,scalar*product(target_frame_forms)/product(source_frame_forms),7,normalized_H_factor_circuit^4,False,False,False,False
223,55,56,3,"[2, 0, 0, 1]","[2, 0, 0, 2]",invert all source and target factor-frame forms listed,"[[29,0,2],[1,20,14],[30,18,11],[8,0,0]]","[[29,0,2],[2,9,3],[29,26,9],[8,5,19]]",4,scalar*product(target_frame_forms)/product(source_frame_forms),8,normalized_H_factor_circuit^4,False,False,False,False
224,56,2,0,"[2, 0, 0, 2]","[0, 0, 0, 2]",invert all source and target factor-frame forms listed,"[[29,0,2],[2,9,3],[29,26,9],[8,5,19]]","[[1,0,0],[2,9,3],[29,26,9],[2,9,3]]",28,scalar*product(target_frame_forms)/product(source_frame_forms),19,normalized_H_factor_circuit^4,False,False,False,False
225,56,65,1,"[2, 0, 0, 2]","[2, 1, 0, 2]",invert all source and target factor-frame forms listed,"[[29,0,2],[2,9,3],[29,26,9],[8,5,19]]","[[20,16,1],[2,9,3],[24,0,10],[15,29,24]]",11,scalar*product(target_frame_forms)/product(source_frame_forms),9,normalized_H_factor_circuit^4,False,False,False,False
226,56,59,2,"[2, 0, 0, 2]","[2, 0, 1, 2]",invert all source and target factor-frame forms listed,"[[29,0,2],[2,9,3],[29,26,9],[8,5,19]]","[[29,0,2],[11,15,1],[24,0,10],[8,5,19]]",17,scalar*product(target_frame_forms)/product(source_frame_forms),7,normalized_H_factor_circuit^4,False,False,False,False
227,56,54,3,"[2, 0, 0, 2]","[2, 0, 0, 0]",invert all source and target factor-frame forms listed,"[[29,0,2],[2,9,3],[29,26,9],[8,5,19]]","[[29,0,2],[1,0,0],[1,0,0],[2,9,3]]",2,scalar*product(target_frame_forms)/product(source_frame_forms),16,normalized_H_factor_circuit^4,False,False,False,False
228,57,3,0,"[2, 0, 1, 0]","[0, 0, 1, 0]",invert all source and target factor-frame forms listed,"[[29,0,2],[1,0,1],[30,28,11],[2,9,3]]","[[1,0,0],[1,0,1],[30,28,11],[1,0,0]]",28,scalar*product(target_frame_forms)/product(source_frame_forms),19,normalized_H_factor_circuit^4,False,False,False,False
229,57,66,1,"[2, 0, 1, 0]","[2, 1, 1, 0]",invert all source and target factor-frame forms listed,"[[29,0,2],[1,0,1],[30,28,11],[2,9,3]]","[[20,16,1],[1,0,1],[29,6,9],[24,13,5]]",11,scalar*product(target_frame_forms)/product(source_frame_forms),9,normalized_H_factor_circuit^4,False,False,False,False
230,57,60,2,"[2, 0, 1, 0]","[2, 0, 2, 0]",invert all source and target factor-frame forms listed,"[[29,0,2],[1,0,1],[30,28,11],[2,9,3]]","[[29,0,2],[29,0,2],[29,6,9],[2,9,3]]",17,scalar*product(target_frame_forms)/product(source_frame_forms),7,normalized_H_factor_circuit^4,False,False,False,False
231,57,58,3,"[2, 0, 1, 0]","[2, 0, 1, 1]",invert all source and target factor-frame forms listed,"[[29,0,2],[1,0,1],[30,28,11],[2,9,3]]","[[29,0,2],[12,17,13],[21,26,14],[8,0,0]]",4,scalar*product(target_frame_forms)/product(source_frame_forms),8,normalized_H_factor_circuit^4,False,False,False,False
232,58,4,0,"[2, 0, 1, 1]","[0, 0, 1, 1]",invert all source and target factor-frame forms listed,"[[29,0,2],[12,17,13],[21,26,14],[8,0,0]]","[[1,0,0],[12,17,13],[21,26,14],[1,20,14]]",28,scalar*product(target_frame_forms)/product(source_frame_forms),19,normalized_H_factor_circuit^4,False,False,False,False
233,58,67,1,"[2, 0, 1, 1]","[2, 1, 1, 1]",invert all source and target factor-frame forms listed,"[[29,0,2],[12,17,13],[21,26,14],[8,0,0]]","[[20,16,1],[12,17,13],[24,0,21],[9,0,9]]",11,scalar*product(target_frame_forms)/product(source_frame_forms),9,normalized_H_factor_circuit^4,False,False,False,False
234,58,61,2,"[2, 0, 1, 1]","[2, 0, 2, 1]",invert all source and target factor-frame forms listed,"[[29,0,2],[12,17,13],[21,26,14],[8,0,0]]","[[29,0,2],[20,16,1],[24,0,21],[8,0,0]]",17,scalar*product(target_frame_forms)/product(source_frame_forms),7,normalized_H_factor_circuit^4,False,False,False,False
235,58,59,3,"[2, 0, 1, 1]","[2, 0, 1, 2]",invert all source and target factor-frame forms listed,"[[29,0,2],[12,17,13],[21,26,14],[8,0,0]]","[[29,0,2],[11,15,1],[24,0,10],[8,5,19]]",4,scalar*product(target_frame_forms)/product(source_frame_forms),8,normalized_H_factor_circuit^4,False,False,False,False
236,59,5,0,"[2, 0, 1, 2]","[0, 0, 1, 2]",invert all source and target factor-frame forms listed,"[[29,0,2],[11,15,1],[24,0,10],[8,5,19]]","[[1,0,0],[11,15,1],[24,0,10],[2,9,3]]",28,scalar*product(target_frame_forms)/product(source_frame_forms),19,normalized_H_factor_circuit^4,False,False,False,False
237,59,68,1,"[2, 0, 1, 2]","[2, 1, 1, 2]",invert all source and target factor-frame forms listed,"[[29,0,2],[11,15,1],[24,0,10],[8,5,19]]","[[20,16,1],[11,15,1],[22,20,6],[15,29,24]]",11,scalar*product(target_frame_forms)/product(source_frame_forms),9,normalized_H_factor_circuit^4,False,False,False,False
238,59,62,2,"[2, 0, 1, 2]","[2, 0, 2, 2]",invert all source and target factor-frame forms listed,"[[29,0,2],[11,15,1],[24,0,10],[8,5,19]]","[[29,0,2],[14,25,21],[22,20,6],[8,5,19]]",17,scalar*product(target_frame_forms)/product(source_frame_forms),7,normalized_H_factor_circuit^4,False,False,False,False
239,59,57,3,"[2, 0, 1, 2]","[2, 0, 1, 0]",invert all source and target factor-frame forms listed,"[[29,0,2],[11,15,1],[24,0,10],[8,5,19]]","[[29,0,2],[1,0,1],[30,28,11],[2,9,3]]",2,scalar*product(target_frame_forms)/product(source_frame_forms),16,normalized_H_factor_circuit^4,False,False,False,False
240,60,6,0,"[2, 0, 2, 0]","[0, 0, 2, 0]",invert all source and target factor-frame forms listed,"[[29,0,2],[29,0,2],[29,6,9],[2,9,3]]","[[1,0,0],[29,0,2],[29,6,9],[1,0,0]]",28,scalar*product(target_frame_forms)/product(source_frame_forms),19,normalized_H_factor_circuit^4,False,False,False,False
241,60,69,1,"[2, 0, 2, 0]","[2, 1, 2, 0]",invert all source and target factor-frame forms listed,"[[29,0,2],[29,0,2],[29,6,9],[2,9,3]]","[[20,16,1],[29,0,2],[8,0,0],[24,13,5]]",11,scalar*product(target_frame_forms)/product(source_frame_forms),9,normalized_H_factor_circuit^4,False,False,False,False
242,60,54,2,"[2, 0, 2, 0]","[2, 0, 0, 0]",invert all source and target factor-frame forms listed,"[[29,0,2],[29,0,2],[29,6,9],[2,9,3]]","[[29,0,2],[1,0,0],[1,0,0],[2,9,3]]",28,scalar*product(target_frame_forms)/product(source_frame_forms),19,normalized_H_factor_circuit^4,False,False,False,False
243,60,61,3,"[2, 0, 2, 0]","[2, 0, 2, 1]",invert all source and target factor-frame forms listed,"[[29,0,2],[29,0,2],[29,6,9],[2,9,3]]","[[29,0,2],[20,16,1],[24,0,21],[8,0,0]]",4,scalar*product(target_frame_forms)/product(source_frame_forms),8,normalized_H_factor_circuit^4,False,False,False,False
244,61,7,0,"[2, 0, 2, 1]","[0, 0, 2, 1]",invert all source and target factor-frame forms listed,"[[29,0,2],[20,16,1],[24,0,21],[8,0,0]]","[[1,0,0],[20,16,1],[24,0,21],[1,20,14]]",28,scalar*product(target_frame_forms)/product(source_frame_forms),19,normalized_H_factor_circuit^4,False,False,False,False
245,61,70,1,"[2, 0, 2, 1]","[2, 1, 2, 1]",invert all source and target factor-frame forms listed,"[[29,0,2],[20,16,1],[24,0,21],[8,0,0]]","[[20,16,1],[20,16,1],[23,20,26],[9,0,9]]",11,scalar*product(target_frame_forms)/product(source_frame_forms),9,normalized_H_factor_circuit^4,False,False,False,False
246,61,55,2,"[2, 0, 2, 1]","[2, 0, 0, 1]",invert all source and target factor-frame forms listed,"[[29,0,2],[20,16,1],[24,0,21],[8,0,0]]","[[29,0,2],[1,20,14],[30,18,11],[8,0,0]]",28,scalar*product(target_frame_forms)/product(source_frame_forms),19,normalized_H_factor_circuit^4,False,False,False,False
247,61,62,3,"[2, 0, 2, 1]","[2, 0, 2, 2]",invert all source and target factor-frame forms listed,"[[29,0,2],[20,16,1],[24,0,21],[8,0,0]]","[[29,0,2],[14,25,21],[22,20,6],[8,5,19]]",4,scalar*product(target_frame_forms)/product(source_frame_forms),8,normalized_H_factor_circuit^4,False,False,False,False
248,62,8,0,"[2, 0, 2, 2]","[0, 0, 2, 2]",invert all source and target factor-frame forms listed,"[[29,0,2],[14,25,21],[22,20,6],[8,5,19]]","[[1,0,0],[14,25,21],[22,20,6],[2,9,3]]",28,scalar*product(target_frame_forms)/product(source_frame_forms),19,normalized_H_factor_circuit^4,False,False,False,False
249,62,71,1,"[2, 0, 2, 2]","[2, 1, 2, 2]",invert all source and target factor-frame forms listed,"[[29,0,2],[14,25,21],[22,20,6],[8,5,19]]","[[20,16,1],[14,25,21],[15,22,10],[15,29,24]]",11,scalar*product(target_frame_forms)/product(source_frame_forms),9,normalized_H_factor_circuit^4,False,False,False,False
250,62,56,2,"[2, 0, 2, 2]","[2, 0, 0, 2]",invert all source and target factor-frame forms listed,"[[29,0,2],[14,25,21],[22,20,6],[8,5,19]]","[[29,0,2],[2,9,3],[29,26,9],[8,5,19]]",28,scalar*product(target_frame_forms)/product(source_frame_forms),19,normalized_H_factor_circuit^4,False,False,False,False
251,62,60,3,"[2, 0, 2, 2]","[2, 0, 2, 0]",invert all source and target factor-frame forms listed,"[[29,0,2],[14,25,21],[22,20,6],[8,5,19]]","[[29,0,2],[29,0,2],[29,6,9],[2,9,3]]",2,scalar*product(target_frame_forms)/product(source_frame_forms),16,normalized_H_factor_circuit^4,False,False,False,False
252,63,9,0,"[2, 1, 0, 0]","[0, 1, 0, 0]",invert all source and target factor-frame forms listed,"[[20,16,1],[1,0,0],[30,28,11],[24,13,5]]","[[1,20,14],[1,0,0],[30,28,11],[1,0,1]]",28,scalar*product(target_frame_forms)/product(source_frame_forms),19,normalized_H_factor_circuit^4,False,False,False,False
253,63,72,1,"[2, 1, 0, 0]","[2, 2, 0, 0]",invert all source and target factor-frame forms listed,"[[20,16,1],[1,0,0],[30,28,11],[24,13,5]]","[[14,25,21],[1,0,0],[29,6,9],[9,5,29]]",11,scalar*product(target_frame_forms)/product(source_frame_forms),9,normalized_H_factor_circuit^4,False,False,False,False
254,63,66,2,"[2, 1, 0, 0]","[2, 1, 1, 0]",invert all source and target factor-frame forms listed,"[[20,16,1],[1,0,0],[30,28,11],[24,13,5]]","[[20,16,1],[1,0,1],[29,6,9],[24,13,5]]",17,scalar*product(target_frame_forms)/product(source_frame_forms),7,normalized_H_factor_circuit^4,False,False,False,False
255,63,64,3,"[2, 1, 0, 0]","[2, 1, 0, 1]",invert all source and target factor-frame forms listed,"[[20,16,1],[1,0,0],[30,28,11],[24,13,5]]","[[20,16,1],[1,20,14],[21,26,14],[9,0,9]]",4,scalar*product(target_frame_forms)/product(source_frame_forms),8,normalized_H_factor_circuit^4,False,False,False,False
256,64,10,0,"[2, 1, 0, 1]","[0, 1, 0, 1]",invert all source and target factor-frame forms listed,"[[20,16,1],[1,20,14],[21,26,14],[9,0,9]]","[[1,20,14],[1,20,14],[21,26,14],[12,17,13]]",28,scalar*product(target_frame_forms)/product(source_frame_forms),19,normalized_H_factor_circuit^4,False,False,False,False
257,64,73,1,"[2, 1, 0, 1]","[2, 2, 0, 1]",invert all source and target factor-frame forms listed,"[[20,16,1],[1,20,14],[21,26,14],[9,0,9]]","[[14,25,21],[1,20,14],[24,0,21],[3,0,28]]",11,scalar*product(target_frame_forms)/product(source_frame_forms),9,normalized_H_factor_circuit^4,False,False,False,False
258,64,67,2,"[2, 1, 0, 1]","[2, 1, 1, 1]",invert all source and target factor-frame forms listed,"[[20,16,1],[1,20,14],[21,26,14],[9,0,9]]","[[20,16,1],[12,17,13],[24,0,21],[9,0,9]]",17,scalar*product(target_frame_forms)/product(source_frame_forms),7,normalized_H_factor_circuit^4,False,False,False,False
259,64,65,3,"[2, 1, 0, 1]","[2, 1, 0, 2]",invert all source and target factor-frame forms listed,"[[20,16,1],[1,20,14],[21,26,14],[9,0,9]]","[[20,16,1],[2,9,3],[24,0,10],[15,29,24]]",4,scalar*product(target_frame_forms)/product(source_frame_forms),8,normalized_H_factor_circuit^4,False,False,False,False
260,65,11,0,"[2, 1, 0, 2]","[0, 1, 0, 2]",invert all source and target factor-frame forms listed,"[[20,16,1],[2,9,3],[24,0,10],[15,29,24]]","[[1,20,14],[2,9,3],[24,0,10],[11,15,1]]",28,scalar*product(target_frame_forms)/product(source_frame_forms),19,normalized_H_factor_circuit^4,False,False,False,False
261,65,74,1,"[2, 1, 0, 2]","[2, 2, 0, 2]",invert all source and target factor-frame forms listed,"[[20,16,1],[2,9,3],[24,0,10],[15,29,24]]","[[14,25,21],[2,9,3],[22,20,6],[1,7,14]]",11,scalar*product(target_frame_forms)/product(source_frame_forms),9,normalized_H_factor_circuit^4,False,False,False,False
262,65,68,2,"[2, 1, 0, 2]","[2, 1, 1, 2]",invert all source and target factor-frame forms listed,"[[20,16,1],[2,9,3],[24,0,10],[15,29,24]]","[[20,16,1],[11,15,1],[22,20,6],[15,29,24]]",17,scalar*product(target_frame_forms)/product(source_frame_forms),7,normalized_H_factor_circuit^4,False,False,False,False
263,65,63,3,"[2, 1, 0, 2]","[2, 1, 0, 0]",invert all source and target factor-frame forms listed,"[[20,16,1],[2,9,3],[24,0,10],[15,29,24]]","[[20,16,1],[1,0,0],[30,28,11],[24,13,5]]",2,scalar*product(target_frame_forms)/product(source_frame_forms),16,normalized_H_factor_circuit^4,False,False,False,False
264,66,12,0,"[2, 1, 1, 0]","[0, 1, 1, 0]",invert all source and target factor-frame forms listed,"[[20,16,1],[1,0,1],[29,6,9],[24,13,5]]","[[1,20,14],[1,0,1],[29,6,9],[1,0,1]]",28,scalar*product(target_frame_forms)/product(source_frame_forms),19,normalized_H_factor_circuit^4,False,False,False,False
265,66,75,1,"[2, 1, 1, 0]","[2, 2, 1, 0]",invert all source and target factor-frame forms listed,"[[20,16,1],[1,0,1],[29,6,9],[24,13,5]]","[[14,25,21],[1,0,1],[8,0,0],[9,5,29]]",11,scalar*product(target_frame_forms)/product(source_frame_forms),9,normalized_H_factor_circuit^4,False,False,False,False
266,66,69,2,"[2, 1, 1, 0]","[2, 1, 2, 0]",invert all source and target factor-frame forms listed,"[[20,16,1],[1,0,1],[29,6,9],[24,13,5]]","[[20,16,1],[29,0,2],[8,0,0],[24,13,5]]",17,scalar*product(target_frame_forms)/product(source_frame_forms),7,normalized_H_factor_circuit^4,False,False,False,False
267,66,67,3,"[2, 1, 1, 0]","[2, 1, 1, 1]",invert all source and target factor-frame forms listed,"[[20,16,1],[1,0,1],[29,6,9],[24,13,5]]","[[20,16,1],[12,17,13],[24,0,21],[9,0,9]]",4,scalar*product(target_frame_forms)/product(source_frame_forms),8,normalized_H_factor_circuit^4,False,False,False,False
268,67,13,0,"[2, 1, 1, 1]","[0, 1, 1, 1]",invert all source and target factor-frame forms listed,"[[20,16,1],[12,17,13],[24,0,21],[9,0,9]]","[[1,20,14],[12,17,13],[24,0,21],[12,17,13]]",28,scalar*product(target_frame_forms)/product(source_frame_forms),19,normalized_H_factor_circuit^4,False,False,False,False
269,67,76,1,"[2, 1, 1, 1]","[2, 2, 1, 1]",invert all source and target factor-frame forms listed,"[[20,16,1],[12,17,13],[24,0,21],[9,0,9]]","[[14,25,21],[12,17,13],[23,20,26],[3,0,28]]",11,scalar*product(target_frame_forms)/product(source_frame_forms),9,normalized_H_factor_circuit^4,False,False,False,False
270,67,70,2,"[2, 1, 1, 1]","[2, 1, 2, 1]",invert all source and target factor-frame forms listed,"[[20,16,1],[12,17,13],[24,0,21],[9,0,9]]","[[20,16,1],[20,16,1],[23,20,26],[9,0,9]]",17,scalar*product(target_frame_forms)/product(source_frame_forms),7,normalized_H_factor_circuit^4,False,False,False,False
271,67,68,3,"[2, 1, 1, 1]","[2, 1, 1, 2]",invert all source and target factor-frame forms listed,"[[20,16,1],[12,17,13],[24,0,21],[9,0,9]]","[[20,16,1],[11,15,1],[22,20,6],[15,29,24]]",4,scalar*product(target_frame_forms)/product(source_frame_forms),8,normalized_H_factor_circuit^4,False,False,False,False
272,68,14,0,"[2, 1, 1, 2]","[0, 1, 1, 2]",invert all source and target factor-frame forms listed,"[[20,16,1],[11,15,1],[22,20,6],[15,29,24]]","[[1,20,14],[11,15,1],[22,20,6],[11,15,1]]",28,scalar*product(target_frame_forms)/product(source_frame_forms),19,normalized_H_factor_circuit^4,False,False,False,False
273,68,77,1,"[2, 1, 1, 2]","[2, 2, 1, 2]",invert all source and target factor-frame forms listed,"[[20,16,1],[11,15,1],[22,20,6],[15,29,24]]","[[14,25,21],[11,15,1],[15,22,10],[1,7,14]]",11,scalar*product(target_frame_forms)/product(source_frame_forms),9,normalized_H_factor_circuit^4,False,False,False,False
274,68,71,2,"[2, 1, 1, 2]","[2, 1, 2, 2]",invert all source and target factor-frame forms listed,"[[20,16,1],[11,15,1],[22,20,6],[15,29,24]]","[[20,16,1],[14,25,21],[15,22,10],[15,29,24]]",17,scalar*product(target_frame_forms)/product(source_frame_forms),7,normalized_H_factor_circuit^4,False,False,False,False
275,68,66,3,"[2, 1, 1, 2]","[2, 1, 1, 0]",invert all source and target factor-frame forms listed,"[[20,16,1],[11,15,1],[22,20,6],[15,29,24]]","[[20,16,1],[1,0,1],[29,6,9],[24,13,5]]",2,scalar*product(target_frame_forms)/product(source_frame_forms),16,normalized_H_factor_circuit^4,False,False,False,False
276,69,15,0,"[2, 1, 2, 0]","[0, 1, 2, 0]",invert all source and target factor-frame forms listed,"[[20,16,1],[29,0,2],[8,0,0],[24,13,5]]","[[1,20,14],[29,0,2],[8,0,0],[1,0,1]]",28,scalar*product(target_frame_forms)/product(source_frame_forms),19,normalized_H_factor_circuit^4,False,False,False,False
277,69,78,1,"[2, 1, 2, 0]","[2, 2, 2, 0]",invert all source and target factor-frame forms listed,"[[20,16,1],[29,0,2],[8,0,0],[24,13,5]]","[[14,25,21],[29,0,2],[23,7,26],[9,5,29]]",11,scalar*product(target_frame_forms)/product(source_frame_forms),9,normalized_H_factor_circuit^4,False,False,False,False
278,69,63,2,"[2, 1, 2, 0]","[2, 1, 0, 0]",invert all source and target factor-frame forms listed,"[[20,16,1],[29,0,2],[8,0,0],[24,13,5]]","[[20,16,1],[1,0,0],[30,28,11],[24,13,5]]",28,scalar*product(target_frame_forms)/product(source_frame_forms),19,normalized_H_factor_circuit^4,False,False,False,False
279,69,70,3,"[2, 1, 2, 0]","[2, 1, 2, 1]",invert all source and target factor-frame forms listed,"[[20,16,1],[29,0,2],[8,0,0],[24,13,5]]","[[20,16,1],[20,16,1],[23,20,26],[9,0,9]]",4,scalar*product(target_frame_forms)/product(source_frame_forms),8,normalized_H_factor_circuit^4,False,False,False,False
280,70,16,0,"[2, 1, 2, 1]","[0, 1, 2, 1]",invert all source and target factor-frame forms listed,"[[20,16,1],[20,16,1],[23,20,26],[9,0,9]]","[[1,20,14],[20,16,1],[23,20,26],[12,17,13]]",28,scalar*product(target_frame_forms)/product(source_frame_forms),19,normalized_H_factor_circuit^4,False,False,False,False
281,70,79,1,"[2, 1, 2, 1]","[2, 2, 2, 1]",invert all source and target factor-frame forms listed,"[[20,16,1],[20,16,1],[23,20,26],[9,0,9]]","[[14,25,21],[20,16,1],[13,22,19],[3,0,28]]",11,scalar*product(target_frame_forms)/product(source_frame_forms),9,normalized_H_factor_circuit^4,False,False,False,False
282,70,64,2,"[2, 1, 2, 1]","[2, 1, 0, 1]",invert all source and target factor-frame forms listed,"[[20,16,1],[20,16,1],[23,20,26],[9,0,9]]","[[20,16,1],[1,20,14],[21,26,14],[9,0,9]]",28,scalar*product(target_frame_forms)/product(source_frame_forms),19,normalized_H_factor_circuit^4,False,False,False,False
283,70,71,3,"[2, 1, 2, 1]","[2, 1, 2, 2]",invert all source and target factor-frame forms listed,"[[20,16,1],[20,16,1],[23,20,26],[9,0,9]]","[[20,16,1],[14,25,21],[15,22,10],[15,29,24]]",4,scalar*product(target_frame_forms)/product(source_frame_forms),8,normalized_H_factor_circuit^4,False,False,False,False
284,71,17,0,"[2, 1, 2, 2]","[0, 1, 2, 2]",invert all source and target factor-frame forms listed,"[[20,16,1],[14,25,21],[15,22,10],[15,29,24]]","[[1,20,14],[14,25,21],[15,22,10],[11,15,1]]",28,scalar*product(target_frame_forms)/product(source_frame_forms),19,normalized_H_factor_circuit^4,False,False,False,False
285,71,80,1,"[2, 1, 2, 2]","[2, 2, 2, 2]",invert all source and target factor-frame forms listed,"[[20,16,1],[14,25,21],[15,22,10],[15,29,24]]","[[14,25,21],[14,25,21],[6,0,18],[1,7,14]]",11,scalar*product(target_frame_forms)/product(source_frame_forms),9,normalized_H_factor_circuit^4,False,False,False,False
286,71,65,2,"[2, 1, 2, 2]","[2, 1, 0, 2]",invert all source and target factor-frame forms listed,"[[20,16,1],[14,25,21],[15,22,10],[15,29,24]]","[[20,16,1],[2,9,3],[24,0,10],[15,29,24]]",28,scalar*product(target_frame_forms)/product(source_frame_forms),19,normalized_H_factor_circuit^4,False,False,False,False
287,71,69,3,"[2, 1, 2, 2]","[2, 1, 2, 0]",invert all source and target factor-frame forms listed,"[[20,16,1],[14,25,21],[15,22,10],[15,29,24]]","[[20,16,1],[29,0,2],[8,0,0],[24,13,5]]",2,scalar*product(target_frame_forms)/product(source_frame_forms),16,normalized_H_factor_circuit^4,False,False,False,False
288,72,18,0,"[2, 2, 0, 0]","[0, 2, 0, 0]",invert all source and target factor-frame forms listed,"[[14,25,21],[1,0,0],[29,6,9],[9,5,29]]","[[2,9,3],[1,0,0],[29,6,9],[29,0,2]]",28,scalar*product(target_frame_forms)/product(source_frame_forms),19,normalized_H_factor_circuit^4,False,False,False,False
289,72,54,1,"[2, 2, 0, 0]","[2, 0, 0, 0]",invert all source and target factor-frame forms listed,"[[14,25,21],[1,0,0],[29,6,9],[9,5,29]]","[[29,0,2],[1,0,0],[1,0,0],[2,9,3]]",10,scalar*product(target_frame_forms)/product(source_frame_forms),18,normalized_H_factor_circuit^4,False,False,False,False
290,72,75,2,"[2, 2, 0, 0]","[2, 2, 1, 0]",invert all source and target factor-frame forms listed,"[[14,25,21],[1,0,0],[29,6,9],[9,5,29]]","[[14,25,21],[1,0,1],[8,0,0],[9,5,29]]",17,scalar*product(target_frame_forms)/product(source_frame_forms),7,normalized_H_factor_circuit^4,False,False,False,False
291,72,73,3,"[2, 2, 0, 0]","[2, 2, 0, 1]",invert all source and target factor-frame forms listed,"[[14,25,21],[1,0,0],[29,6,9],[9,5,29]]","[[14,25,21],[1,20,14],[24,0,21],[3,0,28]]",4,scalar*product(target_frame_forms)/product(source_frame_forms),8,normalized_H_factor_circuit^4,False,False,False,False
292,73,19,0,"[2, 2, 0, 1]","[0, 2, 0, 1]",invert all source and target factor-frame forms listed,"[[14,25,21],[1,20,14],[24,0,21],[3,0,28]]","[[2,9,3],[1,20,14],[24,0,21],[20,16,1]]",28,scalar*product(target_frame_forms)/product(source_frame_forms),19,normalized_H_factor_circuit^4,False,False,False,False
293,73,55,1,"[2, 2, 0, 1]","[2, 0, 0, 1]",invert all source and target factor-frame forms listed,"[[14,25,21],[1,20,14],[24,0,21],[3,0,28]]","[[29,0,2],[1,20,14],[30,18,11],[8,0,0]]",10,scalar*product(target_frame_forms)/product(source_frame_forms),18,normalized_H_factor_circuit^4,False,False,False,False
294,73,76,2,"[2, 2, 0, 1]","[2, 2, 1, 1]",invert all source and target factor-frame forms listed,"[[14,25,21],[1,20,14],[24,0,21],[3,0,28]]","[[14,25,21],[12,17,13],[23,20,26],[3,0,28]]",17,scalar*product(target_frame_forms)/product(source_frame_forms),7,normalized_H_factor_circuit^4,False,False,False,False
295,73,74,3,"[2, 2, 0, 1]","[2, 2, 0, 2]",invert all source and target factor-frame forms listed,"[[14,25,21],[1,20,14],[24,0,21],[3,0,28]]","[[14,25,21],[2,9,3],[22,20,6],[1,7,14]]",4,scalar*product(target_frame_forms)/product(source_frame_forms),8,normalized_H_factor_circuit^4,False,False,False,False
296,74,20,0,"[2, 2, 0, 2]","[0, 2, 0, 2]",invert all source and target factor-frame forms listed,"[[14,25,21],[2,9,3],[22,20,6],[1,7,14]]","[[2,9,3],[2,9,3],[22,20,6],[14,25,21]]",28,scalar*product(target_frame_forms)/product(source_frame_forms),19,normalized_H_factor_circuit^4,False,False,False,False
297,74,56,1,"[2, 2, 0, 2]","[2, 0, 0, 2]",invert all source and target factor-frame forms listed,"[[14,25,21],[2,9,3],[22,20,6],[1,7,14]]","[[29,0,2],[2,9,3],[29,26,9],[8,5,19]]",10,scalar*product(target_frame_forms)/product(source_frame_forms),18,normalized_H_factor_circuit^4,False,False,False,False
298,74,77,2,"[2, 2, 0, 2]","[2, 2, 1, 2]",invert all source and target factor-frame forms listed,"[[14,25,21],[2,9,3],[22,20,6],[1,7,14]]","[[14,25,21],[11,15,1],[15,22,10],[1,7,14]]",17,scalar*product(target_frame_forms)/product(source_frame_forms),7,normalized_H_factor_circuit^4,False,False,False,False
299,74,72,3,"[2, 2, 0, 2]","[2, 2, 0, 0]",invert all source and target factor-frame forms listed,"[[14,25,21],[2,9,3],[22,20,6],[1,7,14]]","[[14,25,21],[1,0,0],[29,6,9],[9,5,29]]",2,scalar*product(target_frame_forms)/product(source_frame_forms),16,normalized_H_factor_circuit^4,False,False,False,False
300,75,21,0,"[2, 2, 1, 0]","[0, 2, 1, 0]",invert all source and target factor-frame forms listed,"[[14,25,21],[1,0,1],[8,0,0],[9,5,29]]","[[2,9,3],[1,0,1],[8,0,0],[29,0,2]]",28,scalar*product(target_frame_forms)/product(source_frame_forms),19,normalized_H_factor_circuit^4,False,False,False,False
301,75,57,1,"[2, 2, 1, 0]","[2, 0, 1, 0]",invert all source and target factor-frame forms listed,"[[14,25,21],[1,0,1],[8,0,0],[9,5,29]]","[[29,0,2],[1,0,1],[30,28,11],[2,9,3]]",10,scalar*product(target_frame_forms)/product(source_frame_forms),18,normalized_H_factor_circuit^4,False,False,False,False
302,75,78,2,"[2, 2, 1, 0]","[2, 2, 2, 0]",invert all source and target factor-frame forms listed,"[[14,25,21],[1,0,1],[8,0,0],[9,5,29]]","[[14,25,21],[29,0,2],[23,7,26],[9,5,29]]",17,scalar*product(target_frame_forms)/product(source_frame_forms),7,normalized_H_factor_circuit^4,False,False,False,False
303,75,76,3,"[2, 2, 1, 0]","[2, 2, 1, 1]",invert all source and target factor-frame forms listed,"[[14,25,21],[1,0,1],[8,0,0],[9,5,29]]","[[14,25,21],[12,17,13],[23,20,26],[3,0,28]]",4,scalar*product(target_frame_forms)/product(source_frame_forms),8,normalized_H_factor_circuit^4,False,False,False,False
304,76,22,0,"[2, 2, 1, 1]","[0, 2, 1, 1]",invert all source and target factor-frame forms listed,"[[14,25,21],[12,17,13],[23,20,26],[3,0,28]]","[[2,9,3],[12,17,13],[23,20,26],[20,16,1]]",28,scalar*product(target_frame_forms)/product(source_frame_forms),19,normalized_H_factor_circuit^4,False,False,False,False
305,76,58,1,"[2, 2, 1, 1]","[2, 0, 1, 1]",invert all source and target factor-frame forms listed,"[[14,25,21],[12,17,13],[23,20,26],[3,0,28]]","[[29,0,2],[12,17,13],[21,26,14],[8,0,0]]",10,scalar*product(target_frame_forms)/product(source_frame_forms),18,normalized_H_factor_circuit^4,False,False,False,False
306,76,79,2,"[2, 2, 1, 1]","[2, 2, 2, 1]",invert all source and target factor-frame forms listed,"[[14,25,21],[12,17,13],[23,20,26],[3,0,28]]","[[14,25,21],[20,16,1],[13,22,19],[3,0,28]]",17,scalar*product(target_frame_forms)/product(source_frame_forms),7,normalized_H_factor_circuit^4,False,False,False,False
307,76,77,3,"[2, 2, 1, 1]","[2, 2, 1, 2]",invert all source and target factor-frame forms listed,"[[14,25,21],[12,17,13],[23,20,26],[3,0,28]]","[[14,25,21],[11,15,1],[15,22,10],[1,7,14]]",4,scalar*product(target_frame_forms)/product(source_frame_forms),8,normalized_H_factor_circuit^4,False,False,False,False
308,77,23,0,"[2, 2, 1, 2]","[0, 2, 1, 2]",invert all source and target factor-frame forms listed,"[[14,25,21],[11,15,1],[15,22,10],[1,7,14]]","[[2,9,3],[11,15,1],[15,22,10],[14,25,21]]",28,scalar*product(target_frame_forms)/product(source_frame_forms),19,normalized_H_factor_circuit^4,False,False,False,False
309,77,59,1,"[2, 2, 1, 2]","[2, 0, 1, 2]",invert all source and target factor-frame forms listed,"[[14,25,21],[11,15,1],[15,22,10],[1,7,14]]","[[29,0,2],[11,15,1],[24,0,10],[8,5,19]]",10,scalar*product(target_frame_forms)/product(source_frame_forms),18,normalized_H_factor_circuit^4,False,False,False,False
310,77,80,2,"[2, 2, 1, 2]","[2, 2, 2, 2]",invert all source and target factor-frame forms listed,"[[14,25,21],[11,15,1],[15,22,10],[1,7,14]]","[[14,25,21],[14,25,21],[6,0,18],[1,7,14]]",17,scalar*product(target_frame_forms)/product(source_frame_forms),7,normalized_H_factor_circuit^4,False,False,False,False
311,77,75,3,"[2, 2, 1, 2]","[2, 2, 1, 0]",invert all source and target factor-frame forms listed,"[[14,25,21],[11,15,1],[15,22,10],[1,7,14]]","[[14,25,21],[1,0,1],[8,0,0],[9,5,29]]",2,scalar*product(target_frame_forms)/product(source_frame_forms),16,normalized_H_factor_circuit^4,False,False,False,False
312,78,24,0,"[2, 2, 2, 0]","[0, 2, 2, 0]",invert all source and target factor-frame forms listed,"[[14,25,21],[29,0,2],[23,7,26],[9,5,29]]","[[2,9,3],[29,0,2],[23,7,26],[29,0,2]]",28,scalar*product(target_frame_forms)/product(source_frame_forms),19,normalized_H_factor_circuit^4,False,False,False,False
313,78,60,1,"[2, 2, 2, 0]","[2, 0, 2, 0]",invert all source and target factor-frame forms listed,"[[14,25,21],[29,0,2],[23,7,26],[9,5,29]]","[[29,0,2],[29,0,2],[29,6,9],[2,9,3]]",10,scalar*product(target_frame_forms)/product(source_frame_forms),18,normalized_H_factor_circuit^4,False,False,False,False
314,78,72,2,"[2, 2, 2, 0]","[2, 2, 0, 0]",invert all source and target factor-frame forms listed,"[[14,25,21],[29,0,2],[23,7,26],[9,5,29]]","[[14,25,21],[1,0,0],[29,6,9],[9,5,29]]",28,scalar*product(target_frame_forms)/product(source_frame_forms),19,normalized_H_factor_circuit^4,False,False,False,False
315,78,79,3,"[2, 2, 2, 0]","[2, 2, 2, 1]",invert all source and target factor-frame forms listed,"[[14,25,21],[29,0,2],[23,7,26],[9,5,29]]","[[14,25,21],[20,16,1],[13,22,19],[3,0,28]]",4,scalar*product(target_frame_forms)/product(source_frame_forms),8,normalized_H_factor_circuit^4,False,False,False,False
316,79,25,0,"[2, 2, 2, 1]","[0, 2, 2, 1]",invert all source and target factor-frame forms listed,"[[14,25,21],[20,16,1],[13,22,19],[3,0,28]]","[[2,9,3],[20,16,1],[13,22,19],[20,16,1]]",28,scalar*product(target_frame_forms)/product(source_frame_forms),19,normalized_H_factor_circuit^4,False,False,False,False
317,79,61,1,"[2, 2, 2, 1]","[2, 0, 2, 1]",invert all source and target factor-frame forms listed,"[[14,25,21],[20,16,1],[13,22,19],[3,0,28]]","[[29,0,2],[20,16,1],[24,0,21],[8,0,0]]",10,scalar*product(target_frame_forms)/product(source_frame_forms),18,normalized_H_factor_circuit^4,False,False,False,False
318,79,73,2,"[2, 2, 2, 1]","[2, 2, 0, 1]",invert all source and target factor-frame forms listed,"[[14,25,21],[20,16,1],[13,22,19],[3,0,28]]","[[14,25,21],[1,20,14],[24,0,21],[3,0,28]]",28,scalar*product(target_frame_forms)/product(source_frame_forms),19,normalized_H_factor_circuit^4,False,False,False,False
319,79,80,3,"[2, 2, 2, 1]","[2, 2, 2, 2]",invert all source and target factor-frame forms listed,"[[14,25,21],[20,16,1],[13,22,19],[3,0,28]]","[[14,25,21],[14,25,21],[6,0,18],[1,7,14]]",4,scalar*product(target_frame_forms)/product(source_frame_forms),8,normalized_H_factor_circuit^4,False,False,False,False
320,80,26,0,"[2, 2, 2, 2]","[0, 2, 2, 2]",invert all source and target factor-frame forms listed,"[[14,25,21],[14,25,21],[6,0,18],[1,7,14]]","[[2,9,3],[14,25,21],[6,0,18],[14,25,21]]",28,scalar*product(target_frame_forms)/product(source_frame_forms),19,normalized_H_factor_circuit^4,False,False,False,False
321,80,62,1,"[2, 2, 2, 2]","[2, 0, 2, 2]",invert all source and target factor-frame forms listed,"[[14,25,21],[14,25,21],[6,0,18],[1,7,14]]","[[29,0,2],[14,25,21],[22,20,6],[8,5,19]]",10,scalar*product(target_frame_forms)/product(source_frame_forms),18,normalized_H_factor_circuit^4,False,False,False,False
322,80,74,2,"[2, 2, 2, 2]","[2, 2, 0, 2]",invert all source and target factor-frame forms listed,"[[14,25,21],[14,25,21],[6,0,18],[1,7,14]]","[[14,25,21],[2,9,3],[22,20,6],[1,7,14]]",28,scalar*product(target_frame_forms)/product(source_frame_forms),19,normalized_H_factor_circuit^4,False,False,False,False
323,80,78,3,"[2, 2, 2, 2]","[2, 2, 2, 0]",invert all source and target factor-frame forms listed,"[[14,25,21],[14,25,21],[6,0,18],[1,7,14]]","[[14,25,21],[29,0,2],[23,7,26],[9,5,29]]",2,scalar*product(target_frame_forms)/product(source_frame_forms),16,normalized_H_factor_circuit^4,False,False,False,False
