K_exponents,base_chart,pulled_back_factor_linear_forms_Z_X_Y
"[0, 0, 0, 0]",C0000,"[[1, 0, 0], [1, 0, 0], [1, 0, 0], [1, 0, 0]]"
"[0, 0, 0, 0]",C0001,"[[1, 0, 0], [1, 0, 0], [1, 0, 0], [0, 0, 1]]"
"[0, 0, 0, 0]",C0010,"[[1, 0, 0], [1, 0, 0], [0, 0, 1], [1, 0, 0]]"
"[0, 0, 0, 0]",C0011,"[[1, 0, 0], [1, 0, 0], [0, 0, 1], [0, 0, 1]]"
"[0, 0, 0, 0]",C0100,"[[1, 0, 0], [0, 0, 1], [1, 0, 0], [1, 0, 0]]"
"[0, 0, 0, 0]",C0101,"[[1, 0, 0], [0, 0, 1], [1, 0, 0], [0, 0, 1]]"
"[0, 0, 0, 0]",C0110,"[[1, 0, 0], [0, 0, 1], [0, 0, 1], [1, 0, 0]]"
"[0, 0, 0, 0]",C0111,"[[1, 0, 0], [0, 0, 1], [0, 0, 1], [0, 0, 1]]"
"[0, 0, 0, 0]",C1000,"[[0, 0, 1], [1, 0, 0], [1, 0, 0], [1, 0, 0]]"
"[0, 0, 0, 0]",C1001,"[[0, 0, 1], [1, 0, 0], [1, 0, 0], [0, 0, 1]]"
"[0, 0, 0, 0]",C1010,"[[0, 0, 1], [1, 0, 0], [0, 0, 1], [1, 0, 0]]"
"[0, 0, 0, 0]",C1011,"[[0, 0, 1], [1, 0, 0], [0, 0, 1], [0, 0, 1]]"
"[0, 0, 0, 0]",C1100,"[[0, 0, 1], [0, 0, 1], [1, 0, 0], [1, 0, 0]]"
"[0, 0, 0, 0]",C1101,"[[0, 0, 1], [0, 0, 1], [1, 0, 0], [0, 0, 1]]"
"[0, 0, 0, 0]",C1110,"[[0, 0, 1], [0, 0, 1], [0, 0, 1], [1, 0, 0]]"
"[0, 0, 0, 0]",C1111,"[[0, 0, 1], [0, 0, 1], [0, 0, 1], [0, 0, 1]]"
"[0, 0, 0, 1]",C0000,"[[1, 0, 0], [1, 20, 14], [1, 4, 14], [1, 20, 14]]"
"[0, 0, 0, 1]",C0001,"[[1, 0, 0], [1, 20, 14], [1, 4, 14], [1, 11, 14]]"
"[0, 0, 0, 1]",C0010,"[[1, 0, 0], [1, 20, 14], [1, 27, 14], [1, 20, 14]]"
"[0, 0, 0, 1]",C0011,"[[1, 0, 0], [1, 20, 14], [1, 27, 14], [1, 11, 14]]"
"[0, 0, 0, 1]",C0100,"[[1, 0, 0], [1, 11, 14], [1, 4, 14], [1, 20, 14]]"
"[0, 0, 0, 1]",C0101,"[[1, 0, 0], [1, 11, 14], [1, 4, 14], [1, 11, 14]]"
"[0, 0, 0, 1]",C0110,"[[1, 0, 0], [1, 11, 14], [1, 27, 14], [1, 20, 14]]"
"[0, 0, 0, 1]",C0111,"[[1, 0, 0], [1, 11, 14], [1, 27, 14], [1, 11, 14]]"
"[0, 0, 0, 1]",C1000,"[[0, 0, 1], [1, 20, 14], [1, 4, 14], [1, 20, 14]]"
"[0, 0, 0, 1]",C1001,"[[0, 0, 1], [1, 20, 14], [1, 4, 14], [1, 11, 14]]"
"[0, 0, 0, 1]",C1010,"[[0, 0, 1], [1, 20, 14], [1, 27, 14], [1, 20, 14]]"
"[0, 0, 0, 1]",C1011,"[[0, 0, 1], [1, 20, 14], [1, 27, 14], [1, 11, 14]]"
"[0, 0, 0, 1]",C1100,"[[0, 0, 1], [1, 11, 14], [1, 4, 14], [1, 20, 14]]"
"[0, 0, 0, 1]",C1101,"[[0, 0, 1], [1, 11, 14], [1, 4, 14], [1, 11, 14]]"
"[0, 0, 0, 1]",C1110,"[[0, 0, 1], [1, 11, 14], [1, 27, 14], [1, 20, 14]]"
"[0, 0, 0, 1]",C1111,"[[0, 0, 1], [1, 11, 14], [1, 27, 14], [1, 11, 14]]"
"[0, 0, 0, 2]",C0000,"[[1, 0, 0], [1, 20, 17], [1, 4, 17], [1, 20, 17]]"
"[0, 0, 0, 2]",C0001,"[[1, 0, 0], [1, 20, 17], [1, 4, 17], [1, 11, 17]]"
"[0, 0, 0, 2]",C0010,"[[1, 0, 0], [1, 20, 17], [1, 27, 17], [1, 20, 17]]"
"[0, 0, 0, 2]",C0011,"[[1, 0, 0], [1, 20, 17], [1, 27, 17], [1, 11, 17]]"
"[0, 0, 0, 2]",C0100,"[[1, 0, 0], [1, 11, 17], [1, 4, 17], [1, 20, 17]]"
"[0, 0, 0, 2]",C0101,"[[1, 0, 0], [1, 11, 17], [1, 4, 17], [1, 11, 17]]"
"[0, 0, 0, 2]",C0110,"[[1, 0, 0], [1, 11, 17], [1, 27, 17], [1, 20, 17]]"
"[0, 0, 0, 2]",C0111,"[[1, 0, 0], [1, 11, 17], [1, 27, 17], [1, 11, 17]]"
"[0, 0, 0, 2]",C1000,"[[0, 0, 1], [1, 20, 17], [1, 4, 17], [1, 20, 17]]"
"[0, 0, 0, 2]",C1001,"[[0, 0, 1], [1, 20, 17], [1, 4, 17], [1, 11, 17]]"
"[0, 0, 0, 2]",C1010,"[[0, 0, 1], [1, 20, 17], [1, 27, 17], [1, 20, 17]]"
"[0, 0, 0, 2]",C1011,"[[0, 0, 1], [1, 20, 17], [1, 27, 17], [1, 11, 17]]"
"[0, 0, 0, 2]",C1100,"[[0, 0, 1], [1, 11, 17], [1, 4, 17], [1, 20, 17]]"
"[0, 0, 0, 2]",C1101,"[[0, 0, 1], [1, 11, 17], [1, 4, 17], [1, 11, 17]]"
"[0, 0, 0, 2]",C1110,"[[0, 0, 1], [1, 11, 17], [1, 27, 17], [1, 20, 17]]"
"[0, 0, 0, 2]",C1111,"[[0, 0, 1], [1, 11, 17], [1, 27, 17], [1, 11, 17]]"
"[0, 0, 1, 0]",C0000,"[[1, 0, 0], [1, 0, 1], [1, 20, 14], [1, 0, 0]]"
"[0, 0, 1, 0]",C0001,"[[1, 0, 0], [1, 0, 1], [1, 20, 14], [0, 0, 1]]"
"[0, 0, 1, 0]",C0010,"[[1, 0, 0], [1, 0, 1], [1, 11, 14], [1, 0, 0]]"
"[0, 0, 1, 0]",C0011,"[[1, 0, 0], [1, 0, 1], [1, 11, 14], [0, 0, 1]]"
"[0, 0, 1, 0]",C0100,"[[1, 0, 0], [1, 0, 10], [1, 20, 14], [1, 0, 0]]"
"[0, 0, 1, 0]",C0101,"[[1, 0, 0], [1, 0, 10], [1, 20, 14], [0, 0, 1]]"
"[0, 0, 1, 0]",C0110,"[[1, 0, 0], [1, 0, 10], [1, 11, 14], [1, 0, 0]]"
"[0, 0, 1, 0]",C0111,"[[1, 0, 0], [1, 0, 10], [1, 11, 14], [0, 0, 1]]"
"[0, 0, 1, 0]",C1000,"[[0, 0, 1], [1, 0, 1], [1, 20, 14], [1, 0, 0]]"
"[0, 0, 1, 0]",C1001,"[[0, 0, 1], [1, 0, 1], [1, 20, 14], [0, 0, 1]]"
"[0, 0, 1, 0]",C1010,"[[0, 0, 1], [1, 0, 1], [1, 11, 14], [1, 0, 0]]"
"[0, 0, 1, 0]",C1011,"[[0, 0, 1], [1, 0, 1], [1, 11, 14], [0, 0, 1]]"
"[0, 0, 1, 0]",C1100,"[[0, 0, 1], [1, 0, 10], [1, 20, 14], [1, 0, 0]]"
"[0, 0, 1, 0]",C1101,"[[0, 0, 1], [1, 0, 10], [1, 20, 14], [0, 0, 1]]"
"[0, 0, 1, 0]",C1110,"[[0, 0, 1], [1, 0, 10], [1, 11, 14], [1, 0, 0]]"
"[0, 0, 1, 0]",C1111,"[[0, 0, 1], [1, 0, 10], [1, 11, 14], [0, 0, 1]]"
"[0, 0, 1, 1]",C0000,"[[1, 0, 0], [1, 4, 14], [1, 7, 17], [1, 20, 14]]"
"[0, 0, 1, 1]",C0001,"[[1, 0, 0], [1, 4, 14], [1, 7, 17], [1, 11, 14]]"
"[0, 0, 1, 1]",C0010,"[[1, 0, 0], [1, 4, 14], [1, 24, 17], [1, 20, 14]]"
"[0, 0, 1, 1]",C0011,"[[1, 0, 0], [1, 4, 14], [1, 24, 17], [1, 11, 14]]"
"[0, 0, 1, 1]",C0100,"[[1, 0, 0], [1, 27, 14], [1, 7, 17], [1, 20, 14]]"
"[0, 0, 1, 1]",C0101,"[[1, 0, 0], [1, 27, 14], [1, 7, 17], [1, 11, 14]]"
"[0, 0, 1, 1]",C0110,"[[1, 0, 0], [1, 27, 14], [1, 24, 17], [1, 20, 14]]"
"[0, 0, 1, 1]",C0111,"[[1, 0, 0], [1, 27, 14], [1, 24, 17], [1, 11, 14]]"
"[0, 0, 1, 1]",C1000,"[[0, 0, 1], [1, 4, 14], [1, 7, 17], [1, 20, 14]]"
"[0, 0, 1, 1]",C1001,"[[0, 0, 1], [1, 4, 14], [1, 7, 17], [1, 11, 14]]"
"[0, 0, 1, 1]",C1010,"[[0, 0, 1], [1, 4, 14], [1, 24, 17], [1, 20, 14]]"
"[0, 0, 1, 1]",C1011,"[[0, 0, 1], [1, 4, 14], [1, 24, 17], [1, 11, 14]]"
"[0, 0, 1, 1]",C1100,"[[0, 0, 1], [1, 27, 14], [1, 7, 17], [1, 20, 14]]"
"[0, 0, 1, 1]",C1101,"[[0, 0, 1], [1, 27, 14], [1, 7, 17], [1, 11, 14]]"
"[0, 0, 1, 1]",C1110,"[[0, 0, 1], [1, 27, 14], [1, 24, 17], [1, 20, 14]]"
"[0, 0, 1, 1]",C1111,"[[0, 0, 1], [1, 27, 14], [1, 24, 17], [1, 11, 14]]"
"[0, 0, 1, 2]",C0000,"[[1, 0, 0], [1, 7, 17], [1, 0, 30], [1, 20, 17]]"
"[0, 0, 1, 2]",C0001,"[[1, 0, 0], [1, 7, 17], [1, 0, 30], [1, 11, 17]]"
"[0, 0, 1, 2]",C0010,"[[1, 0, 0], [1, 7, 17], [1, 0, 21], [1, 20, 17]]"
"[0, 0, 1, 2]",C0011,"[[1, 0, 0], [1, 7, 17], [1, 0, 21], [1, 11, 17]]"
"[0, 0, 1, 2]",C0100,"[[1, 0, 0], [1, 24, 17], [1, 0, 30], [1, 20, 17]]"
"[0, 0, 1, 2]",C0101,"[[1, 0, 0], [1, 24, 17], [1, 0, 30], [1, 11, 17]]"
"[0, 0, 1, 2]",C0110,"[[1, 0, 0], [1, 24, 17], [1, 0, 21], [1, 20, 17]]"
"[0, 0, 1, 2]",C0111,"[[1, 0, 0], [1, 24, 17], [1, 0, 21], [1, 11, 17]]"
"[0, 0, 1, 2]",C1000,"[[0, 0, 1], [1, 7, 17], [1, 0, 30], [1, 20, 17]]"
"[0, 0, 1, 2]",C1001,"[[0, 0, 1], [1, 7, 17], [1, 0, 30], [1, 11, 17]]"
"[0, 0, 1, 2]",C1010,"[[0, 0, 1], [1, 7, 17], [1, 0, 21], [1, 20, 17]]"
"[0, 0, 1, 2]",C1011,"[[0, 0, 1], [1, 7, 17], [1, 0, 21], [1, 11, 17]]"
"[0, 0, 1, 2]",C1100,"[[0, 0, 1], [1, 24, 17], [1, 0, 30], [1, 20, 17]]"
"[0, 0, 1, 2]",C1101,"[[0, 0, 1], [1, 24, 17], [1, 0, 30], [1, 11, 17]]"
"[0, 0, 1, 2]",C1110,"[[0, 0, 1], [1, 24, 17], [1, 0, 21], [1, 20, 17]]"
"[0, 0, 1, 2]",C1111,"[[0, 0, 1], [1, 24, 17], [1, 0, 21], [1, 11, 17]]"
"[0, 0, 2, 0]",C0000,"[[1, 0, 0], [1, 0, 30], [1, 20, 17], [1, 0, 0]]"
"[0, 0, 2, 0]",C0001,"[[1, 0, 0], [1, 0, 30], [1, 20, 17], [0, 0, 1]]"
"[0, 0, 2, 0]",C0010,"[[1, 0, 0], [1, 0, 30], [1, 11, 17], [1, 0, 0]]"
"[0, 0, 2, 0]",C0011,"[[1, 0, 0], [1, 0, 30], [1, 11, 17], [0, 0, 1]]"
"[0, 0, 2, 0]",C0100,"[[1, 0, 0], [1, 0, 21], [1, 20, 17], [1, 0, 0]]"
"[0, 0, 2, 0]",C0101,"[[1, 0, 0], [1, 0, 21], [1, 20, 17], [0, 0, 1]]"
"[0, 0, 2, 0]",C0110,"[[1, 0, 0], [1, 0, 21], [1, 11, 17], [1, 0, 0]]"
"[0, 0, 2, 0]",C0111,"[[1, 0, 0], [1, 0, 21], [1, 11, 17], [0, 0, 1]]"
"[0, 0, 2, 0]",C1000,"[[0, 0, 1], [1, 0, 30], [1, 20, 17], [1, 0, 0]]"
"[0, 0, 2, 0]",C1001,"[[0, 0, 1], [1, 0, 30], [1, 20, 17], [0, 0, 1]]"
"[0, 0, 2, 0]",C1010,"[[0, 0, 1], [1, 0, 30], [1, 11, 17], [1, 0, 0]]"
"[0, 0, 2, 0]",C1011,"[[0, 0, 1], [1, 0, 30], [1, 11, 17], [0, 0, 1]]"
"[0, 0, 2, 0]",C1100,"[[0, 0, 1], [1, 0, 21], [1, 20, 17], [1, 0, 0]]"
"[0, 0, 2, 0]",C1101,"[[0, 0, 1], [1, 0, 21], [1, 20, 17], [0, 0, 1]]"
"[0, 0, 2, 0]",C1110,"[[0, 0, 1], [1, 0, 21], [1, 11, 17], [1, 0, 0]]"
"[0, 0, 2, 0]",C1111,"[[0, 0, 1], [1, 0, 21], [1, 11, 17], [0, 0, 1]]"
"[0, 0, 2, 1]",C0000,"[[1, 0, 0], [1, 7, 14], [1, 0, 1], [1, 20, 14]]"
"[0, 0, 2, 1]",C0001,"[[1, 0, 0], [1, 7, 14], [1, 0, 1], [1, 11, 14]]"
"[0, 0, 2, 1]",C0010,"[[1, 0, 0], [1, 7, 14], [1, 0, 10], [1, 20, 14]]"
"[0, 0, 2, 1]",C0011,"[[1, 0, 0], [1, 7, 14], [1, 0, 10], [1, 11, 14]]"
"[0, 0, 2, 1]",C0100,"[[1, 0, 0], [1, 24, 14], [1, 0, 1], [1, 20, 14]]"
"[0, 0, 2, 1]",C0101,"[[1, 0, 0], [1, 24, 14], [1, 0, 1], [1, 11, 14]]"
"[0, 0, 2, 1]",C0110,"[[1, 0, 0], [1, 24, 14], [1, 0, 10], [1, 20, 14]]"
"[0, 0, 2, 1]",C0111,"[[1, 0, 0], [1, 24, 14], [1, 0, 10], [1, 11, 14]]"
"[0, 0, 2, 1]",C1000,"[[0, 0, 1], [1, 7, 14], [1, 0, 1], [1, 20, 14]]"
"[0, 0, 2, 1]",C1001,"[[0, 0, 1], [1, 7, 14], [1, 0, 1], [1, 11, 14]]"
"[0, 0, 2, 1]",C1010,"[[0, 0, 1], [1, 7, 14], [1, 0, 10], [1, 20, 14]]"
"[0, 0, 2, 1]",C1011,"[[0, 0, 1], [1, 7, 14], [1, 0, 10], [1, 11, 14]]"
"[0, 0, 2, 1]",C1100,"[[0, 0, 1], [1, 24, 14], [1, 0, 1], [1, 20, 14]]"
"[0, 0, 2, 1]",C1101,"[[0, 0, 1], [1, 24, 14], [1, 0, 1], [1, 11, 14]]"
"[0, 0, 2, 1]",C1110,"[[0, 0, 1], [1, 24, 14], [1, 0, 10], [1, 20, 14]]"
"[0, 0, 2, 1]",C1111,"[[0, 0, 1], [1, 24, 14], [1, 0, 10], [1, 11, 14]]"
"[0, 0, 2, 2]",C0000,"[[1, 0, 0], [1, 4, 17], [1, 7, 14], [1, 20, 17]]"
"[0, 0, 2, 2]",C0001,"[[1, 0, 0], [1, 4, 17], [1, 7, 14], [1, 11, 17]]"
"[0, 0, 2, 2]",C0010,"[[1, 0, 0], [1, 4, 17], [1, 24, 14], [1, 20, 17]]"
"[0, 0, 2, 2]",C0011,"[[1, 0, 0], [1, 4, 17], [1, 24, 14], [1, 11, 17]]"
"[0, 0, 2, 2]",C0100,"[[1, 0, 0], [1, 27, 17], [1, 7, 14], [1, 20, 17]]"
"[0, 0, 2, 2]",C0101,"[[1, 0, 0], [1, 27, 17], [1, 7, 14], [1, 11, 17]]"
"[0, 0, 2, 2]",C0110,"[[1, 0, 0], [1, 27, 17], [1, 24, 14], [1, 20, 17]]"
"[0, 0, 2, 2]",C0111,"[[1, 0, 0], [1, 27, 17], [1, 24, 14], [1, 11, 17]]"
"[0, 0, 2, 2]",C1000,"[[0, 0, 1], [1, 4, 17], [1, 7, 14], [1, 20, 17]]"
"[0, 0, 2, 2]",C1001,"[[0, 0, 1], [1, 4, 17], [1, 7, 14], [1, 11, 17]]"
"[0, 0, 2, 2]",C1010,"[[0, 0, 1], [1, 4, 17], [1, 24, 14], [1, 20, 17]]"
"[0, 0, 2, 2]",C1011,"[[0, 0, 1], [1, 4, 17], [1, 24, 14], [1, 11, 17]]"
"[0, 0, 2, 2]",C1100,"[[0, 0, 1], [1, 27, 17], [1, 7, 14], [1, 20, 17]]"
"[0, 0, 2, 2]",C1101,"[[0, 0, 1], [1, 27, 17], [1, 7, 14], [1, 11, 17]]"
"[0, 0, 2, 2]",C1110,"[[0, 0, 1], [1, 27, 17], [1, 24, 14], [1, 20, 17]]"
"[0, 0, 2, 2]",C1111,"[[0, 0, 1], [1, 27, 17], [1, 24, 14], [1, 11, 17]]"
"[0, 1, 0, 0]",C0000,"[[1, 20, 14], [1, 0, 0], [1, 20, 14], [1, 0, 1]]"
"[0, 1, 0, 0]",C0001,"[[1, 20, 14], [1, 0, 0], [1, 20, 14], [1, 0, 10]]"
"[0, 1, 0, 0]",C0010,"[[1, 20, 14], [1, 0, 0], [1, 11, 14], [1, 0, 1]]"
"[0, 1, 0, 0]",C0011,"[[1, 20, 14], [1, 0, 0], [1, 11, 14], [1, 0, 10]]"
"[0, 1, 0, 0]",C0100,"[[1, 20, 14], [0, 0, 1], [1, 20, 14], [1, 0, 1]]"
"[0, 1, 0, 0]",C0101,"[[1, 20, 14], [0, 0, 1], [1, 20, 14], [1, 0, 10]]"
"[0, 1, 0, 0]",C0110,"[[1, 20, 14], [0, 0, 1], [1, 11, 14], [1, 0, 1]]"
"[0, 1, 0, 0]",C0111,"[[1, 20, 14], [0, 0, 1], [1, 11, 14], [1, 0, 10]]"
"[0, 1, 0, 0]",C1000,"[[1, 11, 14], [1, 0, 0], [1, 20, 14], [1, 0, 1]]"
"[0, 1, 0, 0]",C1001,"[[1, 11, 14], [1, 0, 0], [1, 20, 14], [1, 0, 10]]"
"[0, 1, 0, 0]",C1010,"[[1, 11, 14], [1, 0, 0], [1, 11, 14], [1, 0, 1]]"
"[0, 1, 0, 0]",C1011,"[[1, 11, 14], [1, 0, 0], [1, 11, 14], [1, 0, 10]]"
"[0, 1, 0, 0]",C1100,"[[1, 11, 14], [0, 0, 1], [1, 20, 14], [1, 0, 1]]"
"[0, 1, 0, 0]",C1101,"[[1, 11, 14], [0, 0, 1], [1, 20, 14], [1, 0, 10]]"
"[0, 1, 0, 0]",C1110,"[[1, 11, 14], [0, 0, 1], [1, 11, 14], [1, 0, 1]]"
"[0, 1, 0, 0]",C1111,"[[1, 11, 14], [0, 0, 1], [1, 11, 14], [1, 0, 10]]"
"[0, 1, 0, 1]",C0000,"[[1, 20, 14], [1, 20, 14], [1, 7, 17], [1, 4, 14]]"
"[0, 1, 0, 1]",C0001,"[[1, 20, 14], [1, 20, 14], [1, 7, 17], [1, 27, 14]]"
"[0, 1, 0, 1]",C0010,"[[1, 20, 14], [1, 20, 14], [1, 24, 17], [1, 4, 14]]"
"[0, 1, 0, 1]",C0011,"[[1, 20, 14], [1, 20, 14], [1, 24, 17], [1, 27, 14]]"
"[0, 1, 0, 1]",C0100,"[[1, 20, 14], [1, 11, 14], [1, 7, 17], [1, 4, 14]]"
"[0, 1, 0, 1]",C0101,"[[1, 20, 14], [1, 11, 14], [1, 7, 17], [1, 27, 14]]"
"[0, 1, 0, 1]",C0110,"[[1, 20, 14], [1, 11, 14], [1, 24, 17], [1, 4, 14]]"
"[0, 1, 0, 1]",C0111,"[[1, 20, 14], [1, 11, 14], [1, 24, 17], [1, 27, 14]]"
"[0, 1, 0, 1]",C1000,"[[1, 11, 14], [1, 20, 14], [1, 7, 17], [1, 4, 14]]"
"[0, 1, 0, 1]",C1001,"[[1, 11, 14], [1, 20, 14], [1, 7, 17], [1, 27, 14]]"
"[0, 1, 0, 1]",C1010,"[[1, 11, 14], [1, 20, 14], [1, 24, 17], [1, 4, 14]]"
"[0, 1, 0, 1]",C1011,"[[1, 11, 14], [1, 20, 14], [1, 24, 17], [1, 27, 14]]"
"[0, 1, 0, 1]",C1100,"[[1, 11, 14], [1, 11, 14], [1, 7, 17], [1, 4, 14]]"
"[0, 1, 0, 1]",C1101,"[[1, 11, 14], [1, 11, 14], [1, 7, 17], [1, 27, 14]]"
"[0, 1, 0, 1]",C1110,"[[1, 11, 14], [1, 11, 14], [1, 24, 17], [1, 4, 14]]"
"[0, 1, 0, 1]",C1111,"[[1, 11, 14], [1, 11, 14], [1, 24, 17], [1, 27, 14]]"
"[0, 1, 0, 2]",C0000,"[[1, 20, 14], [1, 20, 17], [1, 0, 30], [1, 7, 17]]"
"[0, 1, 0, 2]",C0001,"[[1, 20, 14], [1, 20, 17], [1, 0, 30], [1, 24, 17]]"
"[0, 1, 0, 2]",C0010,"[[1, 20, 14], [1, 20, 17], [1, 0, 21], [1, 7, 17]]"
"[0, 1, 0, 2]",C0011,"[[1, 20, 14], [1, 20, 17], [1, 0, 21], [1, 24, 17]]"
"[0, 1, 0, 2]",C0100,"[[1, 20, 14], [1, 11, 17], [1, 0, 30], [1, 7, 17]]"
"[0, 1, 0, 2]",C0101,"[[1, 20, 14], [1, 11, 17], [1, 0, 30], [1, 24, 17]]"
"[0, 1, 0, 2]",C0110,"[[1, 20, 14], [1, 11, 17], [1, 0, 21], [1, 7, 17]]"
"[0, 1, 0, 2]",C0111,"[[1, 20, 14], [1, 11, 17], [1, 0, 21], [1, 24, 17]]"
"[0, 1, 0, 2]",C1000,"[[1, 11, 14], [1, 20, 17], [1, 0, 30], [1, 7, 17]]"
"[0, 1, 0, 2]",C1001,"[[1, 11, 14], [1, 20, 17], [1, 0, 30], [1, 24, 17]]"
"[0, 1, 0, 2]",C1010,"[[1, 11, 14], [1, 20, 17], [1, 0, 21], [1, 7, 17]]"
"[0, 1, 0, 2]",C1011,"[[1, 11, 14], [1, 20, 17], [1, 0, 21], [1, 24, 17]]"
"[0, 1, 0, 2]",C1100,"[[1, 11, 14], [1, 11, 17], [1, 0, 30], [1, 7, 17]]"
"[0, 1, 0, 2]",C1101,"[[1, 11, 14], [1, 11, 17], [1, 0, 30], [1, 24, 17]]"
"[0, 1, 0, 2]",C1110,"[[1, 11, 14], [1, 11, 17], [1, 0, 21], [1, 7, 17]]"
"[0, 1, 0, 2]",C1111,"[[1, 11, 14], [1, 11, 17], [1, 0, 21], [1, 24, 17]]"
"[0, 1, 1, 0]",C0000,"[[1, 20, 14], [1, 0, 1], [1, 20, 17], [1, 0, 1]]"
"[0, 1, 1, 0]",C0001,"[[1, 20, 14], [1, 0, 1], [1, 20, 17], [1, 0, 10]]"
"[0, 1, 1, 0]",C0010,"[[1, 20, 14], [1, 0, 1], [1, 11, 17], [1, 0, 1]]"
"[0, 1, 1, 0]",C0011,"[[1, 20, 14], [1, 0, 1], [1, 11, 17], [1, 0, 10]]"
"[0, 1, 1, 0]",C0100,"[[1, 20, 14], [1, 0, 10], [1, 20, 17], [1, 0, 1]]"
"[0, 1, 1, 0]",C0101,"[[1, 20, 14], [1, 0, 10], [1, 20, 17], [1, 0, 10]]"
"[0, 1, 1, 0]",C0110,"[[1, 20, 14], [1, 0, 10], [1, 11, 17], [1, 0, 1]]"
"[0, 1, 1, 0]",C0111,"[[1, 20, 14], [1, 0, 10], [1, 11, 17], [1, 0, 10]]"
"[0, 1, 1, 0]",C1000,"[[1, 11, 14], [1, 0, 1], [1, 20, 17], [1, 0, 1]]"
"[0, 1, 1, 0]",C1001,"[[1, 11, 14], [1, 0, 1], [1, 20, 17], [1, 0, 10]]"
"[0, 1, 1, 0]",C1010,"[[1, 11, 14], [1, 0, 1], [1, 11, 17], [1, 0, 1]]"
"[0, 1, 1, 0]",C1011,"[[1, 11, 14], [1, 0, 1], [1, 11, 17], [1, 0, 10]]"
"[0, 1, 1, 0]",C1100,"[[1, 11, 14], [1, 0, 10], [1, 20, 17], [1, 0, 1]]"
"[0, 1, 1, 0]",C1101,"[[1, 11, 14], [1, 0, 10], [1, 20, 17], [1, 0, 10]]"
"[0, 1, 1, 0]",C1110,"[[1, 11, 14], [1, 0, 10], [1, 11, 17], [1, 0, 1]]"
"[0, 1, 1, 0]",C1111,"[[1, 11, 14], [1, 0, 10], [1, 11, 17], [1, 0, 10]]"
"[0, 1, 1, 1]",C0000,"[[1, 20, 14], [1, 4, 14], [1, 0, 1], [1, 4, 14]]"
"[0, 1, 1, 1]",C0001,"[[1, 20, 14], [1, 4, 14], [1, 0, 1], [1, 27, 14]]"
"[0, 1, 1, 1]",C0010,"[[1, 20, 14], [1, 4, 14], [1, 0, 10], [1, 4, 14]]"
"[0, 1, 1, 1]",C0011,"[[1, 20, 14], [1, 4, 14], [1, 0, 10], [1, 27, 14]]"
"[0, 1, 1, 1]",C0100,"[[1, 20, 14], [1, 27, 14], [1, 0, 1], [1, 4, 14]]"
"[0, 1, 1, 1]",C0101,"[[1, 20, 14], [1, 27, 14], [1, 0, 1], [1, 27, 14]]"
"[0, 1, 1, 1]",C0110,"[[1, 20, 14], [1, 27, 14], [1, 0, 10], [1, 4, 14]]"
"[0, 1, 1, 1]",C0111,"[[1, 20, 14], [1, 27, 14], [1, 0, 10], [1, 27, 14]]"
"[0, 1, 1, 1]",C1000,"[[1, 11, 14], [1, 4, 14], [1, 0, 1], [1, 4, 14]]"
"[0, 1, 1, 1]",C1001,"[[1, 11, 14], [1, 4, 14], [1, 0, 1], [1, 27, 14]]"
"[0, 1, 1, 1]",C1010,"[[1, 11, 14], [1, 4, 14], [1, 0, 10], [1, 4, 14]]"
"[0, 1, 1, 1]",C1011,"[[1, 11, 14], [1, 4, 14], [1, 0, 10], [1, 27, 14]]"
"[0, 1, 1, 1]",C1100,"[[1, 11, 14], [1, 27, 14], [1, 0, 1], [1, 4, 14]]"
"[0, 1, 1, 1]",C1101,"[[1, 11, 14], [1, 27, 14], [1, 0, 1], [1, 27, 14]]"
"[0, 1, 1, 1]",C1110,"[[1, 11, 14], [1, 27, 14], [1, 0, 10], [1, 4, 14]]"
"[0, 1, 1, 1]",C1111,"[[1, 11, 14], [1, 27, 14], [1, 0, 10], [1, 27, 14]]"
"[0, 1, 1, 2]",C0000,"[[1, 20, 14], [1, 7, 17], [1, 7, 14], [1, 7, 17]]"
"[0, 1, 1, 2]",C0001,"[[1, 20, 14], [1, 7, 17], [1, 7, 14], [1, 24, 17]]"
"[0, 1, 1, 2]",C0010,"[[1, 20, 14], [1, 7, 17], [1, 24, 14], [1, 7, 17]]"
"[0, 1, 1, 2]",C0011,"[[1, 20, 14], [1, 7, 17], [1, 24, 14], [1, 24, 17]]"
"[0, 1, 1, 2]",C0100,"[[1, 20, 14], [1, 24, 17], [1, 7, 14], [1, 7, 17]]"
"[0, 1, 1, 2]",C0101,"[[1, 20, 14], [1, 24, 17], [1, 7, 14], [1, 24, 17]]"
"[0, 1, 1, 2]",C0110,"[[1, 20, 14], [1, 24, 17], [1, 24, 14], [1, 7, 17]]"
"[0, 1, 1, 2]",C0111,"[[1, 20, 14], [1, 24, 17], [1, 24, 14], [1, 24, 17]]"
"[0, 1, 1, 2]",C1000,"[[1, 11, 14], [1, 7, 17], [1, 7, 14], [1, 7, 17]]"
"[0, 1, 1, 2]",C1001,"[[1, 11, 14], [1, 7, 17], [1, 7, 14], [1, 24, 17]]"
"[0, 1, 1, 2]",C1010,"[[1, 11, 14], [1, 7, 17], [1, 24, 14], [1, 7, 17]]"
"[0, 1, 1, 2]",C1011,"[[1, 11, 14], [1, 7, 17], [1, 24, 14], [1, 24, 17]]"
"[0, 1, 1, 2]",C1100,"[[1, 11, 14], [1, 24, 17], [1, 7, 14], [1, 7, 17]]"
"[0, 1, 1, 2]",C1101,"[[1, 11, 14], [1, 24, 17], [1, 7, 14], [1, 24, 17]]"
"[0, 1, 1, 2]",C1110,"[[1, 11, 14], [1, 24, 17], [1, 24, 14], [1, 7, 17]]"
"[0, 1, 1, 2]",C1111,"[[1, 11, 14], [1, 24, 17], [1, 24, 14], [1, 24, 17]]"
"[0, 1, 2, 0]",C0000,"[[1, 20, 14], [1, 0, 30], [1, 0, 0], [1, 0, 1]]"
"[0, 1, 2, 0]",C0001,"[[1, 20, 14], [1, 0, 30], [1, 0, 0], [1, 0, 10]]"
"[0, 1, 2, 0]",C0010,"[[1, 20, 14], [1, 0, 30], [0, 0, 1], [1, 0, 1]]"
"[0, 1, 2, 0]",C0011,"[[1, 20, 14], [1, 0, 30], [0, 0, 1], [1, 0, 10]]"
"[0, 1, 2, 0]",C0100,"[[1, 20, 14], [1, 0, 21], [1, 0, 0], [1, 0, 1]]"
"[0, 1, 2, 0]",C0101,"[[1, 20, 14], [1, 0, 21], [1, 0, 0], [1, 0, 10]]"
"[0, 1, 2, 0]",C0110,"[[1, 20, 14], [1, 0, 21], [0, 0, 1], [1, 0, 1]]"
"[0, 1, 2, 0]",C0111,"[[1, 20, 14], [1, 0, 21], [0, 0, 1], [1, 0, 10]]"
"[0, 1, 2, 0]",C1000,"[[1, 11, 14], [1, 0, 30], [1, 0, 0], [1, 0, 1]]"
"[0, 1, 2, 0]",C1001,"[[1, 11, 14], [1, 0, 30], [1, 0, 0], [1, 0, 10]]"
"[0, 1, 2, 0]",C1010,"[[1, 11, 14], [1, 0, 30], [0, 0, 1], [1, 0, 1]]"
"[0, 1, 2, 0]",C1011,"[[1, 11, 14], [1, 0, 30], [0, 0, 1], [1, 0, 10]]"
"[0, 1, 2, 0]",C1100,"[[1, 11, 14], [1, 0, 21], [1, 0, 0], [1, 0, 1]]"
"[0, 1, 2, 0]",C1101,"[[1, 11, 14], [1, 0, 21], [1, 0, 0], [1, 0, 10]]"
"[0, 1, 2, 0]",C1110,"[[1, 11, 14], [1, 0, 21], [0, 0, 1], [1, 0, 1]]"
"[0, 1, 2, 0]",C1111,"[[1, 11, 14], [1, 0, 21], [0, 0, 1], [1, 0, 10]]"
"[0, 1, 2, 1]",C0000,"[[1, 20, 14], [1, 7, 14], [1, 4, 14], [1, 4, 14]]"
"[0, 1, 2, 1]",C0001,"[[1, 20, 14], [1, 7, 14], [1, 4, 14], [1, 27, 14]]"
"[0, 1, 2, 1]",C0010,"[[1, 20, 14], [1, 7, 14], [1, 27, 14], [1, 4, 14]]"
"[0, 1, 2, 1]",C0011,"[[1, 20, 14], [1, 7, 14], [1, 27, 14], [1, 27, 14]]"
"[0, 1, 2, 1]",C0100,"[[1, 20, 14], [1, 24, 14], [1, 4, 14], [1, 4, 14]]"
"[0, 1, 2, 1]",C0101,"[[1, 20, 14], [1, 24, 14], [1, 4, 14], [1, 27, 14]]"
"[0, 1, 2, 1]",C0110,"[[1, 20, 14], [1, 24, 14], [1, 27, 14], [1, 4, 14]]"
"[0, 1, 2, 1]",C0111,"[[1, 20, 14], [1, 24, 14], [1, 27, 14], [1, 27, 14]]"
"[0, 1, 2, 1]",C1000,"[[1, 11, 14], [1, 7, 14], [1, 4, 14], [1, 4, 14]]"
"[0, 1, 2, 1]",C1001,"[[1, 11, 14], [1, 7, 14], [1, 4, 14], [1, 27, 14]]"
"[0, 1, 2, 1]",C1010,"[[1, 11, 14], [1, 7, 14], [1, 27, 14], [1, 4, 14]]"
"[0, 1, 2, 1]",C1011,"[[1, 11, 14], [1, 7, 14], [1, 27, 14], [1, 27, 14]]"
"[0, 1, 2, 1]",C1100,"[[1, 11, 14], [1, 24, 14], [1, 4, 14], [1, 4, 14]]"
"[0, 1, 2, 1]",C1101,"[[1, 11, 14], [1, 24, 14], [1, 4, 14], [1, 27, 14]]"
"[0, 1, 2, 1]",C1110,"[[1, 11, 14], [1, 24, 14], [1, 27, 14], [1, 4, 14]]"
"[0, 1, 2, 1]",C1111,"[[1, 11, 14], [1, 24, 14], [1, 27, 14], [1, 27, 14]]"
"[0, 1, 2, 2]",C0000,"[[1, 20, 14], [1, 4, 17], [1, 4, 17], [1, 7, 17]]"
"[0, 1, 2, 2]",C0001,"[[1, 20, 14], [1, 4, 17], [1, 4, 17], [1, 24, 17]]"
"[0, 1, 2, 2]",C0010,"[[1, 20, 14], [1, 4, 17], [1, 27, 17], [1, 7, 17]]"
"[0, 1, 2, 2]",C0011,"[[1, 20, 14], [1, 4, 17], [1, 27, 17], [1, 24, 17]]"
"[0, 1, 2, 2]",C0100,"[[1, 20, 14], [1, 27, 17], [1, 4, 17], [1, 7, 17]]"
"[0, 1, 2, 2]",C0101,"[[1, 20, 14], [1, 27, 17], [1, 4, 17], [1, 24, 17]]"
"[0, 1, 2, 2]",C0110,"[[1, 20, 14], [1, 27, 17], [1, 27, 17], [1, 7, 17]]"
"[0, 1, 2, 2]",C0111,"[[1, 20, 14], [1, 27, 17], [1, 27, 17], [1, 24, 17]]"
"[0, 1, 2, 2]",C1000,"[[1, 11, 14], [1, 4, 17], [1, 4, 17], [1, 7, 17]]"
"[0, 1, 2, 2]",C1001,"[[1, 11, 14], [1, 4, 17], [1, 4, 17], [1, 24, 17]]"
"[0, 1, 2, 2]",C1010,"[[1, 11, 14], [1, 4, 17], [1, 27, 17], [1, 7, 17]]"
"[0, 1, 2, 2]",C1011,"[[1, 11, 14], [1, 4, 17], [1, 27, 17], [1, 24, 17]]"
"[0, 1, 2, 2]",C1100,"[[1, 11, 14], [1, 27, 17], [1, 4, 17], [1, 7, 17]]"
"[0, 1, 2, 2]",C1101,"[[1, 11, 14], [1, 27, 17], [1, 4, 17], [1, 24, 17]]"
"[0, 1, 2, 2]",C1110,"[[1, 11, 14], [1, 27, 17], [1, 27, 17], [1, 7, 17]]"
"[0, 1, 2, 2]",C1111,"[[1, 11, 14], [1, 27, 17], [1, 27, 17], [1, 24, 17]]"
"[0, 2, 0, 0]",C0000,"[[1, 20, 17], [1, 0, 0], [1, 20, 17], [1, 0, 30]]"
"[0, 2, 0, 0]",C0001,"[[1, 20, 17], [1, 0, 0], [1, 20, 17], [1, 0, 21]]"
"[0, 2, 0, 0]",C0010,"[[1, 20, 17], [1, 0, 0], [1, 11, 17], [1, 0, 30]]"
"[0, 2, 0, 0]",C0011,"[[1, 20, 17], [1, 0, 0], [1, 11, 17], [1, 0, 21]]"
"[0, 2, 0, 0]",C0100,"[[1, 20, 17], [0, 0, 1], [1, 20, 17], [1, 0, 30]]"
"[0, 2, 0, 0]",C0101,"[[1, 20, 17], [0, 0, 1], [1, 20, 17], [1, 0, 21]]"
"[0, 2, 0, 0]",C0110,"[[1, 20, 17], [0, 0, 1], [1, 11, 17], [1, 0, 30]]"
"[0, 2, 0, 0]",C0111,"[[1, 20, 17], [0, 0, 1], [1, 11, 17], [1, 0, 21]]"
"[0, 2, 0, 0]",C1000,"[[1, 11, 17], [1, 0, 0], [1, 20, 17], [1, 0, 30]]"
"[0, 2, 0, 0]",C1001,"[[1, 11, 17], [1, 0, 0], [1, 20, 17], [1, 0, 21]]"
"[0, 2, 0, 0]",C1010,"[[1, 11, 17], [1, 0, 0], [1, 11, 17], [1, 0, 30]]"
"[0, 2, 0, 0]",C1011,"[[1, 11, 17], [1, 0, 0], [1, 11, 17], [1, 0, 21]]"
"[0, 2, 0, 0]",C1100,"[[1, 11, 17], [0, 0, 1], [1, 20, 17], [1, 0, 30]]"
"[0, 2, 0, 0]",C1101,"[[1, 11, 17], [0, 0, 1], [1, 20, 17], [1, 0, 21]]"
"[0, 2, 0, 0]",C1110,"[[1, 11, 17], [0, 0, 1], [1, 11, 17], [1, 0, 30]]"
"[0, 2, 0, 0]",C1111,"[[1, 11, 17], [0, 0, 1], [1, 11, 17], [1, 0, 21]]"
"[0, 2, 0, 1]",C0000,"[[1, 20, 17], [1, 20, 14], [1, 0, 1], [1, 7, 14]]"
"[0, 2, 0, 1]",C0001,"[[1, 20, 17], [1, 20, 14], [1, 0, 1], [1, 24, 14]]"
"[0, 2, 0, 1]",C0010,"[[1, 20, 17], [1, 20, 14], [1, 0, 10], [1, 7, 14]]"
"[0, 2, 0, 1]",C0011,"[[1, 20, 17], [1, 20, 14], [1, 0, 10], [1, 24, 14]]"
"[0, 2, 0, 1]",C0100,"[[1, 20, 17], [1, 11, 14], [1, 0, 1], [1, 7, 14]]"
"[0, 2, 0, 1]",C0101,"[[1, 20, 17], [1, 11, 14], [1, 0, 1], [1, 24, 14]]"
"[0, 2, 0, 1]",C0110,"[[1, 20, 17], [1, 11, 14], [1, 0, 10], [1, 7, 14]]"
"[0, 2, 0, 1]",C0111,"[[1, 20, 17], [1, 11, 14], [1, 0, 10], [1, 24, 14]]"
"[0, 2, 0, 1]",C1000,"[[1, 11, 17], [1, 20, 14], [1, 0, 1], [1, 7, 14]]"
"[0, 2, 0, 1]",C1001,"[[1, 11, 17], [1, 20, 14], [1, 0, 1], [1, 24, 14]]"
"[0, 2, 0, 1]",C1010,"[[1, 11, 17], [1, 20, 14], [1, 0, 10], [1, 7, 14]]"
"[0, 2, 0, 1]",C1011,"[[1, 11, 17], [1, 20, 14], [1, 0, 10], [1, 24, 14]]"
"[0, 2, 0, 1]",C1100,"[[1, 11, 17], [1, 11, 14], [1, 0, 1], [1, 7, 14]]"
"[0, 2, 0, 1]",C1101,"[[1, 11, 17], [1, 11, 14], [1, 0, 1], [1, 24, 14]]"
"[0, 2, 0, 1]",C1110,"[[1, 11, 17], [1, 11, 14], [1, 0, 10], [1, 7, 14]]"
"[0, 2, 0, 1]",C1111,"[[1, 11, 17], [1, 11, 14], [1, 0, 10], [1, 24, 14]]"
"[0, 2, 0, 2]",C0000,"[[1, 20, 17], [1, 20, 17], [1, 7, 14], [1, 4, 17]]"
"[0, 2, 0, 2]",C0001,"[[1, 20, 17], [1, 20, 17], [1, 7, 14], [1, 27, 17]]"
"[0, 2, 0, 2]",C0010,"[[1, 20, 17], [1, 20, 17], [1, 24, 14], [1, 4, 17]]"
"[0, 2, 0, 2]",C0011,"[[1, 20, 17], [1, 20, 17], [1, 24, 14], [1, 27, 17]]"
"[0, 2, 0, 2]",C0100,"[[1, 20, 17], [1, 11, 17], [1, 7, 14], [1, 4, 17]]"
"[0, 2, 0, 2]",C0101,"[[1, 20, 17], [1, 11, 17], [1, 7, 14], [1, 27, 17]]"
"[0, 2, 0, 2]",C0110,"[[1, 20, 17], [1, 11, 17], [1, 24, 14], [1, 4, 17]]"
"[0, 2, 0, 2]",C0111,"[[1, 20, 17], [1, 11, 17], [1, 24, 14], [1, 27, 17]]"
"[0, 2, 0, 2]",C1000,"[[1, 11, 17], [1, 20, 17], [1, 7, 14], [1, 4, 17]]"
"[0, 2, 0, 2]",C1001,"[[1, 11, 17], [1, 20, 17], [1, 7, 14], [1, 27, 17]]"
"[0, 2, 0, 2]",C1010,"[[1, 11, 17], [1, 20, 17], [1, 24, 14], [1, 4, 17]]"
"[0, 2, 0, 2]",C1011,"[[1, 11, 17], [1, 20, 17], [1, 24, 14], [1, 27, 17]]"
"[0, 2, 0, 2]",C1100,"[[1, 11, 17], [1, 11, 17], [1, 7, 14], [1, 4, 17]]"
"[0, 2, 0, 2]",C1101,"[[1, 11, 17], [1, 11, 17], [1, 7, 14], [1, 27, 17]]"
"[0, 2, 0, 2]",C1110,"[[1, 11, 17], [1, 11, 17], [1, 24, 14], [1, 4, 17]]"
"[0, 2, 0, 2]",C1111,"[[1, 11, 17], [1, 11, 17], [1, 24, 14], [1, 27, 17]]"
"[0, 2, 1, 0]",C0000,"[[1, 20, 17], [1, 0, 1], [1, 0, 0], [1, 0, 30]]"
"[0, 2, 1, 0]",C0001,"[[1, 20, 17], [1, 0, 1], [1, 0, 0], [1, 0, 21]]"
"[0, 2, 1, 0]",C0010,"[[1, 20, 17], [1, 0, 1], [0, 0, 1], [1, 0, 30]]"
"[0, 2, 1, 0]",C0011,"[[1, 20, 17], [1, 0, 1], [0, 0, 1], [1, 0, 21]]"
"[0, 2, 1, 0]",C0100,"[[1, 20, 17], [1, 0, 10], [1, 0, 0], [1, 0, 30]]"
"[0, 2, 1, 0]",C0101,"[[1, 20, 17], [1, 0, 10], [1, 0, 0], [1, 0, 21]]"
"[0, 2, 1, 0]",C0110,"[[1, 20, 17], [1, 0, 10], [0, 0, 1], [1, 0, 30]]"
"[0, 2, 1, 0]",C0111,"[[1, 20, 17], [1, 0, 10], [0, 0, 1], [1, 0, 21]]"
"[0, 2, 1, 0]",C1000,"[[1, 11, 17], [1, 0, 1], [1, 0, 0], [1, 0, 30]]"
"[0, 2, 1, 0]",C1001,"[[1, 11, 17], [1, 0, 1], [1, 0, 0], [1, 0, 21]]"
"[0, 2, 1, 0]",C1010,"[[1, 11, 17], [1, 0, 1], [0, 0, 1], [1, 0, 30]]"
"[0, 2, 1, 0]",C1011,"[[1, 11, 17], [1, 0, 1], [0, 0, 1], [1, 0, 21]]"
"[0, 2, 1, 0]",C1100,"[[1, 11, 17], [1, 0, 10], [1, 0, 0], [1, 0, 30]]"
"[0, 2, 1, 0]",C1101,"[[1, 11, 17], [1, 0, 10], [1, 0, 0], [1, 0, 21]]"
"[0, 2, 1, 0]",C1110,"[[1, 11, 17], [1, 0, 10], [0, 0, 1], [1, 0, 30]]"
"[0, 2, 1, 0]",C1111,"[[1, 11, 17], [1, 0, 10], [0, 0, 1], [1, 0, 21]]"
"[0, 2, 1, 1]",C0000,"[[1, 20, 17], [1, 4, 14], [1, 4, 14], [1, 7, 14]]"
"[0, 2, 1, 1]",C0001,"[[1, 20, 17], [1, 4, 14], [1, 4, 14], [1, 24, 14]]"
"[0, 2, 1, 1]",C0010,"[[1, 20, 17], [1, 4, 14], [1, 27, 14], [1, 7, 14]]"
"[0, 2, 1, 1]",C0011,"[[1, 20, 17], [1, 4, 14], [1, 27, 14], [1, 24, 14]]"
"[0, 2, 1, 1]",C0100,"[[1, 20, 17], [1, 27, 14], [1, 4, 14], [1, 7, 14]]"
"[0, 2, 1, 1]",C0101,"[[1, 20, 17], [1, 27, 14], [1, 4, 14], [1, 24, 14]]"
"[0, 2, 1, 1]",C0110,"[[1, 20, 17], [1, 27, 14], [1, 27, 14], [1, 7, 14]]"
"[0, 2, 1, 1]",C0111,"[[1, 20, 17], [1, 27, 14], [1, 27, 14], [1, 24, 14]]"
"[0, 2, 1, 1]",C1000,"[[1, 11, 17], [1, 4, 14], [1, 4, 14], [1, 7, 14]]"
"[0, 2, 1, 1]",C1001,"[[1, 11, 17], [1, 4, 14], [1, 4, 14], [1, 24, 14]]"
"[0, 2, 1, 1]",C1010,"[[1, 11, 17], [1, 4, 14], [1, 27, 14], [1, 7, 14]]"
"[0, 2, 1, 1]",C1011,"[[1, 11, 17], [1, 4, 14], [1, 27, 14], [1, 24, 14]]"
"[0, 2, 1, 1]",C1100,"[[1, 11, 17], [1, 27, 14], [1, 4, 14], [1, 7, 14]]"
"[0, 2, 1, 1]",C1101,"[[1, 11, 17], [1, 27, 14], [1, 4, 14], [1, 24, 14]]"
"[0, 2, 1, 1]",C1110,"[[1, 11, 17], [1, 27, 14], [1, 27, 14], [1, 7, 14]]"
"[0, 2, 1, 1]",C1111,"[[1, 11, 17], [1, 27, 14], [1, 27, 14], [1, 24, 14]]"
"[0, 2, 1, 2]",C0000,"[[1, 20, 17], [1, 7, 17], [1, 4, 17], [1, 4, 17]]"
"[0, 2, 1, 2]",C0001,"[[1, 20, 17], [1, 7, 17], [1, 4, 17], [1, 27, 17]]"
"[0, 2, 1, 2]",C0010,"[[1, 20, 17], [1, 7, 17], [1, 27, 17], [1, 4, 17]]"
"[0, 2, 1, 2]",C0011,"[[1, 20, 17], [1, 7, 17], [1, 27, 17], [1, 27, 17]]"
"[0, 2, 1, 2]",C0100,"[[1, 20, 17], [1, 24, 17], [1, 4, 17], [1, 4, 17]]"
"[0, 2, 1, 2]",C0101,"[[1, 20, 17], [1, 24, 17], [1, 4, 17], [1, 27, 17]]"
"[0, 2, 1, 2]",C0110,"[[1, 20, 17], [1, 24, 17], [1, 27, 17], [1, 4, 17]]"
"[0, 2, 1, 2]",C0111,"[[1, 20, 17], [1, 24, 17], [1, 27, 17], [1, 27, 17]]"
"[0, 2, 1, 2]",C1000,"[[1, 11, 17], [1, 7, 17], [1, 4, 17], [1, 4, 17]]"
"[0, 2, 1, 2]",C1001,"[[1, 11, 17], [1, 7, 17], [1, 4, 17], [1, 27, 17]]"
"[0, 2, 1, 2]",C1010,"[[1, 11, 17], [1, 7, 17], [1, 27, 17], [1, 4, 17]]"
"[0, 2, 1, 2]",C1011,"[[1, 11, 17], [1, 7, 17], [1, 27, 17], [1, 27, 17]]"
"[0, 2, 1, 2]",C1100,"[[1, 11, 17], [1, 24, 17], [1, 4, 17], [1, 4, 17]]"
"[0, 2, 1, 2]",C1101,"[[1, 11, 17], [1, 24, 17], [1, 4, 17], [1, 27, 17]]"
"[0, 2, 1, 2]",C1110,"[[1, 11, 17], [1, 24, 17], [1, 27, 17], [1, 4, 17]]"
"[0, 2, 1, 2]",C1111,"[[1, 11, 17], [1, 24, 17], [1, 27, 17], [1, 27, 17]]"
"[0, 2, 2, 0]",C0000,"[[1, 20, 17], [1, 0, 30], [1, 20, 14], [1, 0, 30]]"
"[0, 2, 2, 0]",C0001,"[[1, 20, 17], [1, 0, 30], [1, 20, 14], [1, 0, 21]]"
"[0, 2, 2, 0]",C0010,"[[1, 20, 17], [1, 0, 30], [1, 11, 14], [1, 0, 30]]"
"[0, 2, 2, 0]",C0011,"[[1, 20, 17], [1, 0, 30], [1, 11, 14], [1, 0, 21]]"
"[0, 2, 2, 0]",C0100,"[[1, 20, 17], [1, 0, 21], [1, 20, 14], [1, 0, 30]]"
"[0, 2, 2, 0]",C0101,"[[1, 20, 17], [1, 0, 21], [1, 20, 14], [1, 0, 21]]"
"[0, 2, 2, 0]",C0110,"[[1, 20, 17], [1, 0, 21], [1, 11, 14], [1, 0, 30]]"
"[0, 2, 2, 0]",C0111,"[[1, 20, 17], [1, 0, 21], [1, 11, 14], [1, 0, 21]]"
"[0, 2, 2, 0]",C1000,"[[1, 11, 17], [1, 0, 30], [1, 20, 14], [1, 0, 30]]"
"[0, 2, 2, 0]",C1001,"[[1, 11, 17], [1, 0, 30], [1, 20, 14], [1, 0, 21]]"
"[0, 2, 2, 0]",C1010,"[[1, 11, 17], [1, 0, 30], [1, 11, 14], [1, 0, 30]]"
"[0, 2, 2, 0]",C1011,"[[1, 11, 17], [1, 0, 30], [1, 11, 14], [1, 0, 21]]"
"[0, 2, 2, 0]",C1100,"[[1, 11, 17], [1, 0, 21], [1, 20, 14], [1, 0, 30]]"
"[0, 2, 2, 0]",C1101,"[[1, 11, 17], [1, 0, 21], [1, 20, 14], [1, 0, 21]]"
"[0, 2, 2, 0]",C1110,"[[1, 11, 17], [1, 0, 21], [1, 11, 14], [1, 0, 30]]"
"[0, 2, 2, 0]",C1111,"[[1, 11, 17], [1, 0, 21], [1, 11, 14], [1, 0, 21]]"
"[0, 2, 2, 1]",C0000,"[[1, 20, 17], [1, 7, 14], [1, 7, 17], [1, 7, 14]]"
"[0, 2, 2, 1]",C0001,"[[1, 20, 17], [1, 7, 14], [1, 7, 17], [1, 24, 14]]"
"[0, 2, 2, 1]",C0010,"[[1, 20, 17], [1, 7, 14], [1, 24, 17], [1, 7, 14]]"
"[0, 2, 2, 1]",C0011,"[[1, 20, 17], [1, 7, 14], [1, 24, 17], [1, 24, 14]]"
"[0, 2, 2, 1]",C0100,"[[1, 20, 17], [1, 24, 14], [1, 7, 17], [1, 7, 14]]"
"[0, 2, 2, 1]",C0101,"[[1, 20, 17], [1, 24, 14], [1, 7, 17], [1, 24, 14]]"
"[0, 2, 2, 1]",C0110,"[[1, 20, 17], [1, 24, 14], [1, 24, 17], [1, 7, 14]]"
"[0, 2, 2, 1]",C0111,"[[1, 20, 17], [1, 24, 14], [1, 24, 17], [1, 24, 14]]"
"[0, 2, 2, 1]",C1000,"[[1, 11, 17], [1, 7, 14], [1, 7, 17], [1, 7, 14]]"
"[0, 2, 2, 1]",C1001,"[[1, 11, 17], [1, 7, 14], [1, 7, 17], [1, 24, 14]]"
"[0, 2, 2, 1]",C1010,"[[1, 11, 17], [1, 7, 14], [1, 24, 17], [1, 7, 14]]"
"[0, 2, 2, 1]",C1011,"[[1, 11, 17], [1, 7, 14], [1, 24, 17], [1, 24, 14]]"
"[0, 2, 2, 1]",C1100,"[[1, 11, 17], [1, 24, 14], [1, 7, 17], [1, 7, 14]]"
"[0, 2, 2, 1]",C1101,"[[1, 11, 17], [1, 24, 14], [1, 7, 17], [1, 24, 14]]"
"[0, 2, 2, 1]",C1110,"[[1, 11, 17], [1, 24, 14], [1, 24, 17], [1, 7, 14]]"
"[0, 2, 2, 1]",C1111,"[[1, 11, 17], [1, 24, 14], [1, 24, 17], [1, 24, 14]]"
"[0, 2, 2, 2]",C0000,"[[1, 20, 17], [1, 4, 17], [1, 0, 30], [1, 4, 17]]"
"[0, 2, 2, 2]",C0001,"[[1, 20, 17], [1, 4, 17], [1, 0, 30], [1, 27, 17]]"
"[0, 2, 2, 2]",C0010,"[[1, 20, 17], [1, 4, 17], [1, 0, 21], [1, 4, 17]]"
"[0, 2, 2, 2]",C0011,"[[1, 20, 17], [1, 4, 17], [1, 0, 21], [1, 27, 17]]"
"[0, 2, 2, 2]",C0100,"[[1, 20, 17], [1, 27, 17], [1, 0, 30], [1, 4, 17]]"
"[0, 2, 2, 2]",C0101,"[[1, 20, 17], [1, 27, 17], [1, 0, 30], [1, 27, 17]]"
"[0, 2, 2, 2]",C0110,"[[1, 20, 17], [1, 27, 17], [1, 0, 21], [1, 4, 17]]"
"[0, 2, 2, 2]",C0111,"[[1, 20, 17], [1, 27, 17], [1, 0, 21], [1, 27, 17]]"
"[0, 2, 2, 2]",C1000,"[[1, 11, 17], [1, 4, 17], [1, 0, 30], [1, 4, 17]]"
"[0, 2, 2, 2]",C1001,"[[1, 11, 17], [1, 4, 17], [1, 0, 30], [1, 27, 17]]"
"[0, 2, 2, 2]",C1010,"[[1, 11, 17], [1, 4, 17], [1, 0, 21], [1, 4, 17]]"
"[0, 2, 2, 2]",C1011,"[[1, 11, 17], [1, 4, 17], [1, 0, 21], [1, 27, 17]]"
"[0, 2, 2, 2]",C1100,"[[1, 11, 17], [1, 27, 17], [1, 0, 30], [1, 4, 17]]"
"[0, 2, 2, 2]",C1101,"[[1, 11, 17], [1, 27, 17], [1, 0, 30], [1, 27, 17]]"
"[0, 2, 2, 2]",C1110,"[[1, 11, 17], [1, 27, 17], [1, 0, 21], [1, 4, 17]]"
"[0, 2, 2, 2]",C1111,"[[1, 11, 17], [1, 27, 17], [1, 0, 21], [1, 27, 17]]"
"[1, 0, 0, 0]",C0000,"[[1, 0, 1], [1, 0, 0], [1, 0, 0], [1, 20, 14]]"
"[1, 0, 0, 0]",C0001,"[[1, 0, 1], [1, 0, 0], [1, 0, 0], [1, 11, 14]]"
"[1, 0, 0, 0]",C0010,"[[1, 0, 1], [1, 0, 0], [0, 0, 1], [1, 20, 14]]"
"[1, 0, 0, 0]",C0011,"[[1, 0, 1], [1, 0, 0], [0, 0, 1], [1, 11, 14]]"
"[1, 0, 0, 0]",C0100,"[[1, 0, 1], [0, 0, 1], [1, 0, 0], [1, 20, 14]]"
"[1, 0, 0, 0]",C0101,"[[1, 0, 1], [0, 0, 1], [1, 0, 0], [1, 11, 14]]"
"[1, 0, 0, 0]",C0110,"[[1, 0, 1], [0, 0, 1], [0, 0, 1], [1, 20, 14]]"
"[1, 0, 0, 0]",C0111,"[[1, 0, 1], [0, 0, 1], [0, 0, 1], [1, 11, 14]]"
"[1, 0, 0, 0]",C1000,"[[1, 0, 10], [1, 0, 0], [1, 0, 0], [1, 20, 14]]"
"[1, 0, 0, 0]",C1001,"[[1, 0, 10], [1, 0, 0], [1, 0, 0], [1, 11, 14]]"
"[1, 0, 0, 0]",C1010,"[[1, 0, 10], [1, 0, 0], [0, 0, 1], [1, 20, 14]]"
"[1, 0, 0, 0]",C1011,"[[1, 0, 10], [1, 0, 0], [0, 0, 1], [1, 11, 14]]"
"[1, 0, 0, 0]",C1100,"[[1, 0, 10], [0, 0, 1], [1, 0, 0], [1, 20, 14]]"
"[1, 0, 0, 0]",C1101,"[[1, 0, 10], [0, 0, 1], [1, 0, 0], [1, 11, 14]]"
"[1, 0, 0, 0]",C1110,"[[1, 0, 10], [0, 0, 1], [0, 0, 1], [1, 20, 14]]"
"[1, 0, 0, 0]",C1111,"[[1, 0, 10], [0, 0, 1], [0, 0, 1], [1, 11, 14]]"
"[1, 0, 0, 1]",C0000,"[[1, 0, 1], [1, 20, 14], [1, 4, 14], [1, 20, 17]]"
"[1, 0, 0, 1]",C0001,"[[1, 0, 1], [1, 20, 14], [1, 4, 14], [1, 11, 17]]"
"[1, 0, 0, 1]",C0010,"[[1, 0, 1], [1, 20, 14], [1, 27, 14], [1, 20, 17]]"
"[1, 0, 0, 1]",C0011,"[[1, 0, 1], [1, 20, 14], [1, 27, 14], [1, 11, 17]]"
"[1, 0, 0, 1]",C0100,"[[1, 0, 1], [1, 11, 14], [1, 4, 14], [1, 20, 17]]"
"[1, 0, 0, 1]",C0101,"[[1, 0, 1], [1, 11, 14], [1, 4, 14], [1, 11, 17]]"
"[1, 0, 0, 1]",C0110,"[[1, 0, 1], [1, 11, 14], [1, 27, 14], [1, 20, 17]]"
"[1, 0, 0, 1]",C0111,"[[1, 0, 1], [1, 11, 14], [1, 27, 14], [1, 11, 17]]"
"[1, 0, 0, 1]",C1000,"[[1, 0, 10], [1, 20, 14], [1, 4, 14], [1, 20, 17]]"
"[1, 0, 0, 1]",C1001,"[[1, 0, 10], [1, 20, 14], [1, 4, 14], [1, 11, 17]]"
"[1, 0, 0, 1]",C1010,"[[1, 0, 10], [1, 20, 14], [1, 27, 14], [1, 20, 17]]"
"[1, 0, 0, 1]",C1011,"[[1, 0, 10], [1, 20, 14], [1, 27, 14], [1, 11, 17]]"
"[1, 0, 0, 1]",C1100,"[[1, 0, 10], [1, 11, 14], [1, 4, 14], [1, 20, 17]]"
"[1, 0, 0, 1]",C1101,"[[1, 0, 10], [1, 11, 14], [1, 4, 14], [1, 11, 17]]"
"[1, 0, 0, 1]",C1110,"[[1, 0, 10], [1, 11, 14], [1, 27, 14], [1, 20, 17]]"
"[1, 0, 0, 1]",C1111,"[[1, 0, 10], [1, 11, 14], [1, 27, 14], [1, 11, 17]]"
"[1, 0, 0, 2]",C0000,"[[1, 0, 1], [1, 20, 17], [1, 4, 17], [1, 0, 0]]"
"[1, 0, 0, 2]",C0001,"[[1, 0, 1], [1, 20, 17], [1, 4, 17], [0, 0, 1]]"
"[1, 0, 0, 2]",C0010,"[[1, 0, 1], [1, 20, 17], [1, 27, 17], [1, 0, 0]]"
"[1, 0, 0, 2]",C0011,"[[1, 0, 1], [1, 20, 17], [1, 27, 17], [0, 0, 1]]"
"[1, 0, 0, 2]",C0100,"[[1, 0, 1], [1, 11, 17], [1, 4, 17], [1, 0, 0]]"
"[1, 0, 0, 2]",C0101,"[[1, 0, 1], [1, 11, 17], [1, 4, 17], [0, 0, 1]]"
"[1, 0, 0, 2]",C0110,"[[1, 0, 1], [1, 11, 17], [1, 27, 17], [1, 0, 0]]"
"[1, 0, 0, 2]",C0111,"[[1, 0, 1], [1, 11, 17], [1, 27, 17], [0, 0, 1]]"
"[1, 0, 0, 2]",C1000,"[[1, 0, 10], [1, 20, 17], [1, 4, 17], [1, 0, 0]]"
"[1, 0, 0, 2]",C1001,"[[1, 0, 10], [1, 20, 17], [1, 4, 17], [0, 0, 1]]"
"[1, 0, 0, 2]",C1010,"[[1, 0, 10], [1, 20, 17], [1, 27, 17], [1, 0, 0]]"
"[1, 0, 0, 2]",C1011,"[[1, 0, 10], [1, 20, 17], [1, 27, 17], [0, 0, 1]]"
"[1, 0, 0, 2]",C1100,"[[1, 0, 10], [1, 11, 17], [1, 4, 17], [1, 0, 0]]"
"[1, 0, 0, 2]",C1101,"[[1, 0, 10], [1, 11, 17], [1, 4, 17], [0, 0, 1]]"
"[1, 0, 0, 2]",C1110,"[[1, 0, 10], [1, 11, 17], [1, 27, 17], [1, 0, 0]]"
"[1, 0, 0, 2]",C1111,"[[1, 0, 10], [1, 11, 17], [1, 27, 17], [0, 0, 1]]"
"[1, 0, 1, 0]",C0000,"[[1, 0, 1], [1, 0, 1], [1, 20, 14], [1, 20, 14]]"
"[1, 0, 1, 0]",C0001,"[[1, 0, 1], [1, 0, 1], [1, 20, 14], [1, 11, 14]]"
"[1, 0, 1, 0]",C0010,"[[1, 0, 1], [1, 0, 1], [1, 11, 14], [1, 20, 14]]"
"[1, 0, 1, 0]",C0011,"[[1, 0, 1], [1, 0, 1], [1, 11, 14], [1, 11, 14]]"
"[1, 0, 1, 0]",C0100,"[[1, 0, 1], [1, 0, 10], [1, 20, 14], [1, 20, 14]]"
"[1, 0, 1, 0]",C0101,"[[1, 0, 1], [1, 0, 10], [1, 20, 14], [1, 11, 14]]"
"[1, 0, 1, 0]",C0110,"[[1, 0, 1], [1, 0, 10], [1, 11, 14], [1, 20, 14]]"
"[1, 0, 1, 0]",C0111,"[[1, 0, 1], [1, 0, 10], [1, 11, 14], [1, 11, 14]]"
"[1, 0, 1, 0]",C1000,"[[1, 0, 10], [1, 0, 1], [1, 20, 14], [1, 20, 14]]"
"[1, 0, 1, 0]",C1001,"[[1, 0, 10], [1, 0, 1], [1, 20, 14], [1, 11, 14]]"
"[1, 0, 1, 0]",C1010,"[[1, 0, 10], [1, 0, 1], [1, 11, 14], [1, 20, 14]]"
"[1, 0, 1, 0]",C1011,"[[1, 0, 10], [1, 0, 1], [1, 11, 14], [1, 11, 14]]"
"[1, 0, 1, 0]",C1100,"[[1, 0, 10], [1, 0, 10], [1, 20, 14], [1, 20, 14]]"
"[1, 0, 1, 0]",C1101,"[[1, 0, 10], [1, 0, 10], [1, 20, 14], [1, 11, 14]]"
"[1, 0, 1, 0]",C1110,"[[1, 0, 10], [1, 0, 10], [1, 11, 14], [1, 20, 14]]"
"[1, 0, 1, 0]",C1111,"[[1, 0, 10], [1, 0, 10], [1, 11, 14], [1, 11, 14]]"
"[1, 0, 1, 1]",C0000,"[[1, 0, 1], [1, 4, 14], [1, 7, 17], [1, 20, 17]]"
"[1, 0, 1, 1]",C0001,"[[1, 0, 1], [1, 4, 14], [1, 7, 17], [1, 11, 17]]"
"[1, 0, 1, 1]",C0010,"[[1, 0, 1], [1, 4, 14], [1, 24, 17], [1, 20, 17]]"
"[1, 0, 1, 1]",C0011,"[[1, 0, 1], [1, 4, 14], [1, 24, 17], [1, 11, 17]]"
"[1, 0, 1, 1]",C0100,"[[1, 0, 1], [1, 27, 14], [1, 7, 17], [1, 20, 17]]"
"[1, 0, 1, 1]",C0101,"[[1, 0, 1], [1, 27, 14], [1, 7, 17], [1, 11, 17]]"
"[1, 0, 1, 1]",C0110,"[[1, 0, 1], [1, 27, 14], [1, 24, 17], [1, 20, 17]]"
"[1, 0, 1, 1]",C0111,"[[1, 0, 1], [1, 27, 14], [1, 24, 17], [1, 11, 17]]"
"[1, 0, 1, 1]",C1000,"[[1, 0, 10], [1, 4, 14], [1, 7, 17], [1, 20, 17]]"
"[1, 0, 1, 1]",C1001,"[[1, 0, 10], [1, 4, 14], [1, 7, 17], [1, 11, 17]]"
"[1, 0, 1, 1]",C1010,"[[1, 0, 10], [1, 4, 14], [1, 24, 17], [1, 20, 17]]"
"[1, 0, 1, 1]",C1011,"[[1, 0, 10], [1, 4, 14], [1, 24, 17], [1, 11, 17]]"
"[1, 0, 1, 1]",C1100,"[[1, 0, 10], [1, 27, 14], [1, 7, 17], [1, 20, 17]]"
"[1, 0, 1, 1]",C1101,"[[1, 0, 10], [1, 27, 14], [1, 7, 17], [1, 11, 17]]"
"[1, 0, 1, 1]",C1110,"[[1, 0, 10], [1, 27, 14], [1, 24, 17], [1, 20, 17]]"
"[1, 0, 1, 1]",C1111,"[[1, 0, 10], [1, 27, 14], [1, 24, 17], [1, 11, 17]]"
"[1, 0, 1, 2]",C0000,"[[1, 0, 1], [1, 7, 17], [1, 0, 30], [1, 0, 0]]"
"[1, 0, 1, 2]",C0001,"[[1, 0, 1], [1, 7, 17], [1, 0, 30], [0, 0, 1]]"
"[1, 0, 1, 2]",C0010,"[[1, 0, 1], [1, 7, 17], [1, 0, 21], [1, 0, 0]]"
"[1, 0, 1, 2]",C0011,"[[1, 0, 1], [1, 7, 17], [1, 0, 21], [0, 0, 1]]"
"[1, 0, 1, 2]",C0100,"[[1, 0, 1], [1, 24, 17], [1, 0, 30], [1, 0, 0]]"
"[1, 0, 1, 2]",C0101,"[[1, 0, 1], [1, 24, 17], [1, 0, 30], [0, 0, 1]]"
"[1, 0, 1, 2]",C0110,"[[1, 0, 1], [1, 24, 17], [1, 0, 21], [1, 0, 0]]"
"[1, 0, 1, 2]",C0111,"[[1, 0, 1], [1, 24, 17], [1, 0, 21], [0, 0, 1]]"
"[1, 0, 1, 2]",C1000,"[[1, 0, 10], [1, 7, 17], [1, 0, 30], [1, 0, 0]]"
"[1, 0, 1, 2]",C1001,"[[1, 0, 10], [1, 7, 17], [1, 0, 30], [0, 0, 1]]"
"[1, 0, 1, 2]",C1010,"[[1, 0, 10], [1, 7, 17], [1, 0, 21], [1, 0, 0]]"
"[1, 0, 1, 2]",C1011,"[[1, 0, 10], [1, 7, 17], [1, 0, 21], [0, 0, 1]]"
"[1, 0, 1, 2]",C1100,"[[1, 0, 10], [1, 24, 17], [1, 0, 30], [1, 0, 0]]"
"[1, 0, 1, 2]",C1101,"[[1, 0, 10], [1, 24, 17], [1, 0, 30], [0, 0, 1]]"
"[1, 0, 1, 2]",C1110,"[[1, 0, 10], [1, 24, 17], [1, 0, 21], [1, 0, 0]]"
"[1, 0, 1, 2]",C1111,"[[1, 0, 10], [1, 24, 17], [1, 0, 21], [0, 0, 1]]"
"[1, 0, 2, 0]",C0000,"[[1, 0, 1], [1, 0, 30], [1, 20, 17], [1, 20, 14]]"
"[1, 0, 2, 0]",C0001,"[[1, 0, 1], [1, 0, 30], [1, 20, 17], [1, 11, 14]]"
"[1, 0, 2, 0]",C0010,"[[1, 0, 1], [1, 0, 30], [1, 11, 17], [1, 20, 14]]"
"[1, 0, 2, 0]",C0011,"[[1, 0, 1], [1, 0, 30], [1, 11, 17], [1, 11, 14]]"
"[1, 0, 2, 0]",C0100,"[[1, 0, 1], [1, 0, 21], [1, 20, 17], [1, 20, 14]]"
"[1, 0, 2, 0]",C0101,"[[1, 0, 1], [1, 0, 21], [1, 20, 17], [1, 11, 14]]"
"[1, 0, 2, 0]",C0110,"[[1, 0, 1], [1, 0, 21], [1, 11, 17], [1, 20, 14]]"
"[1, 0, 2, 0]",C0111,"[[1, 0, 1], [1, 0, 21], [1, 11, 17], [1, 11, 14]]"
"[1, 0, 2, 0]",C1000,"[[1, 0, 10], [1, 0, 30], [1, 20, 17], [1, 20, 14]]"
"[1, 0, 2, 0]",C1001,"[[1, 0, 10], [1, 0, 30], [1, 20, 17], [1, 11, 14]]"
"[1, 0, 2, 0]",C1010,"[[1, 0, 10], [1, 0, 30], [1, 11, 17], [1, 20, 14]]"
"[1, 0, 2, 0]",C1011,"[[1, 0, 10], [1, 0, 30], [1, 11, 17], [1, 11, 14]]"
"[1, 0, 2, 0]",C1100,"[[1, 0, 10], [1, 0, 21], [1, 20, 17], [1, 20, 14]]"
"[1, 0, 2, 0]",C1101,"[[1, 0, 10], [1, 0, 21], [1, 20, 17], [1, 11, 14]]"
"[1, 0, 2, 0]",C1110,"[[1, 0, 10], [1, 0, 21], [1, 11, 17], [1, 20, 14]]"
"[1, 0, 2, 0]",C1111,"[[1, 0, 10], [1, 0, 21], [1, 11, 17], [1, 11, 14]]"
"[1, 0, 2, 1]",C0000,"[[1, 0, 1], [1, 7, 14], [1, 0, 1], [1, 20, 17]]"
"[1, 0, 2, 1]",C0001,"[[1, 0, 1], [1, 7, 14], [1, 0, 1], [1, 11, 17]]"
"[1, 0, 2, 1]",C0010,"[[1, 0, 1], [1, 7, 14], [1, 0, 10], [1, 20, 17]]"
"[1, 0, 2, 1]",C0011,"[[1, 0, 1], [1, 7, 14], [1, 0, 10], [1, 11, 17]]"
"[1, 0, 2, 1]",C0100,"[[1, 0, 1], [1, 24, 14], [1, 0, 1], [1, 20, 17]]"
"[1, 0, 2, 1]",C0101,"[[1, 0, 1], [1, 24, 14], [1, 0, 1], [1, 11, 17]]"
"[1, 0, 2, 1]",C0110,"[[1, 0, 1], [1, 24, 14], [1, 0, 10], [1, 20, 17]]"
"[1, 0, 2, 1]",C0111,"[[1, 0, 1], [1, 24, 14], [1, 0, 10], [1, 11, 17]]"
"[1, 0, 2, 1]",C1000,"[[1, 0, 10], [1, 7, 14], [1, 0, 1], [1, 20, 17]]"
"[1, 0, 2, 1]",C1001,"[[1, 0, 10], [1, 7, 14], [1, 0, 1], [1, 11, 17]]"
"[1, 0, 2, 1]",C1010,"[[1, 0, 10], [1, 7, 14], [1, 0, 10], [1, 20, 17]]"
"[1, 0, 2, 1]",C1011,"[[1, 0, 10], [1, 7, 14], [1, 0, 10], [1, 11, 17]]"
"[1, 0, 2, 1]",C1100,"[[1, 0, 10], [1, 24, 14], [1, 0, 1], [1, 20, 17]]"
"[1, 0, 2, 1]",C1101,"[[1, 0, 10], [1, 24, 14], [1, 0, 1], [1, 11, 17]]"
"[1, 0, 2, 1]",C1110,"[[1, 0, 10], [1, 24, 14], [1, 0, 10], [1, 20, 17]]"
"[1, 0, 2, 1]",C1111,"[[1, 0, 10], [1, 24, 14], [1, 0, 10], [1, 11, 17]]"
"[1, 0, 2, 2]",C0000,"[[1, 0, 1], [1, 4, 17], [1, 7, 14], [1, 0, 0]]"
"[1, 0, 2, 2]",C0001,"[[1, 0, 1], [1, 4, 17], [1, 7, 14], [0, 0, 1]]"
"[1, 0, 2, 2]",C0010,"[[1, 0, 1], [1, 4, 17], [1, 24, 14], [1, 0, 0]]"
"[1, 0, 2, 2]",C0011,"[[1, 0, 1], [1, 4, 17], [1, 24, 14], [0, 0, 1]]"
"[1, 0, 2, 2]",C0100,"[[1, 0, 1], [1, 27, 17], [1, 7, 14], [1, 0, 0]]"
"[1, 0, 2, 2]",C0101,"[[1, 0, 1], [1, 27, 17], [1, 7, 14], [0, 0, 1]]"
"[1, 0, 2, 2]",C0110,"[[1, 0, 1], [1, 27, 17], [1, 24, 14], [1, 0, 0]]"
"[1, 0, 2, 2]",C0111,"[[1, 0, 1], [1, 27, 17], [1, 24, 14], [0, 0, 1]]"
"[1, 0, 2, 2]",C1000,"[[1, 0, 10], [1, 4, 17], [1, 7, 14], [1, 0, 0]]"
"[1, 0, 2, 2]",C1001,"[[1, 0, 10], [1, 4, 17], [1, 7, 14], [0, 0, 1]]"
"[1, 0, 2, 2]",C1010,"[[1, 0, 10], [1, 4, 17], [1, 24, 14], [1, 0, 0]]"
"[1, 0, 2, 2]",C1011,"[[1, 0, 10], [1, 4, 17], [1, 24, 14], [0, 0, 1]]"
"[1, 0, 2, 2]",C1100,"[[1, 0, 10], [1, 27, 17], [1, 7, 14], [1, 0, 0]]"
"[1, 0, 2, 2]",C1101,"[[1, 0, 10], [1, 27, 17], [1, 7, 14], [0, 0, 1]]"
"[1, 0, 2, 2]",C1110,"[[1, 0, 10], [1, 27, 17], [1, 24, 14], [1, 0, 0]]"
"[1, 0, 2, 2]",C1111,"[[1, 0, 10], [1, 27, 17], [1, 24, 14], [0, 0, 1]]"
"[1, 1, 0, 0]",C0000,"[[1, 4, 14], [1, 0, 0], [1, 20, 14], [1, 4, 14]]"
"[1, 1, 0, 0]",C0001,"[[1, 4, 14], [1, 0, 0], [1, 20, 14], [1, 27, 14]]"
"[1, 1, 0, 0]",C0010,"[[1, 4, 14], [1, 0, 0], [1, 11, 14], [1, 4, 14]]"
"[1, 1, 0, 0]",C0011,"[[1, 4, 14], [1, 0, 0], [1, 11, 14], [1, 27, 14]]"
"[1, 1, 0, 0]",C0100,"[[1, 4, 14], [0, 0, 1], [1, 20, 14], [1, 4, 14]]"
"[1, 1, 0, 0]",C0101,"[[1, 4, 14], [0, 0, 1], [1, 20, 14], [1, 27, 14]]"
"[1, 1, 0, 0]",C0110,"[[1, 4, 14], [0, 0, 1], [1, 11, 14], [1, 4, 14]]"
"[1, 1, 0, 0]",C0111,"[[1, 4, 14], [0, 0, 1], [1, 11, 14], [1, 27, 14]]"
"[1, 1, 0, 0]",C1000,"[[1, 27, 14], [1, 0, 0], [1, 20, 14], [1, 4, 14]]"
"[1, 1, 0, 0]",C1001,"[[1, 27, 14], [1, 0, 0], [1, 20, 14], [1, 27, 14]]"
"[1, 1, 0, 0]",C1010,"[[1, 27, 14], [1, 0, 0], [1, 11, 14], [1, 4, 14]]"
"[1, 1, 0, 0]",C1011,"[[1, 27, 14], [1, 0, 0], [1, 11, 14], [1, 27, 14]]"
"[1, 1, 0, 0]",C1100,"[[1, 27, 14], [0, 0, 1], [1, 20, 14], [1, 4, 14]]"
"[1, 1, 0, 0]",C1101,"[[1, 27, 14], [0, 0, 1], [1, 20, 14], [1, 27, 14]]"
"[1, 1, 0, 0]",C1110,"[[1, 27, 14], [0, 0, 1], [1, 11, 14], [1, 4, 14]]"
"[1, 1, 0, 0]",C1111,"[[1, 27, 14], [0, 0, 1], [1, 11, 14], [1, 27, 14]]"
"[1, 1, 0, 1]",C0000,"[[1, 4, 14], [1, 20, 14], [1, 7, 17], [1, 7, 17]]"
"[1, 1, 0, 1]",C0001,"[[1, 4, 14], [1, 20, 14], [1, 7, 17], [1, 24, 17]]"
"[1, 1, 0, 1]",C0010,"[[1, 4, 14], [1, 20, 14], [1, 24, 17], [1, 7, 17]]"
"[1, 1, 0, 1]",C0011,"[[1, 4, 14], [1, 20, 14], [1, 24, 17], [1, 24, 17]]"
"[1, 1, 0, 1]",C0100,"[[1, 4, 14], [1, 11, 14], [1, 7, 17], [1, 7, 17]]"
"[1, 1, 0, 1]",C0101,"[[1, 4, 14], [1, 11, 14], [1, 7, 17], [1, 24, 17]]"
"[1, 1, 0, 1]",C0110,"[[1, 4, 14], [1, 11, 14], [1, 24, 17], [1, 7, 17]]"
"[1, 1, 0, 1]",C0111,"[[1, 4, 14], [1, 11, 14], [1, 24, 17], [1, 24, 17]]"
"[1, 1, 0, 1]",C1000,"[[1, 27, 14], [1, 20, 14], [1, 7, 17], [1, 7, 17]]"
"[1, 1, 0, 1]",C1001,"[[1, 27, 14], [1, 20, 14], [1, 7, 17], [1, 24, 17]]"
"[1, 1, 0, 1]",C1010,"[[1, 27, 14], [1, 20, 14], [1, 24, 17], [1, 7, 17]]"
"[1, 1, 0, 1]",C1011,"[[1, 27, 14], [1, 20, 14], [1, 24, 17], [1, 24, 17]]"
"[1, 1, 0, 1]",C1100,"[[1, 27, 14], [1, 11, 14], [1, 7, 17], [1, 7, 17]]"
"[1, 1, 0, 1]",C1101,"[[1, 27, 14], [1, 11, 14], [1, 7, 17], [1, 24, 17]]"
"[1, 1, 0, 1]",C1110,"[[1, 27, 14], [1, 11, 14], [1, 24, 17], [1, 7, 17]]"
"[1, 1, 0, 1]",C1111,"[[1, 27, 14], [1, 11, 14], [1, 24, 17], [1, 24, 17]]"
"[1, 1, 0, 2]",C0000,"[[1, 4, 14], [1, 20, 17], [1, 0, 30], [1, 0, 1]]"
"[1, 1, 0, 2]",C0001,"[[1, 4, 14], [1, 20, 17], [1, 0, 30], [1, 0, 10]]"
"[1, 1, 0, 2]",C0010,"[[1, 4, 14], [1, 20, 17], [1, 0, 21], [1, 0, 1]]"
"[1, 1, 0, 2]",C0011,"[[1, 4, 14], [1, 20, 17], [1, 0, 21], [1, 0, 10]]"
"[1, 1, 0, 2]",C0100,"[[1, 4, 14], [1, 11, 17], [1, 0, 30], [1, 0, 1]]"
"[1, 1, 0, 2]",C0101,"[[1, 4, 14], [1, 11, 17], [1, 0, 30], [1, 0, 10]]"
"[1, 1, 0, 2]",C0110,"[[1, 4, 14], [1, 11, 17], [1, 0, 21], [1, 0, 1]]"
"[1, 1, 0, 2]",C0111,"[[1, 4, 14], [1, 11, 17], [1, 0, 21], [1, 0, 10]]"
"[1, 1, 0, 2]",C1000,"[[1, 27, 14], [1, 20, 17], [1, 0, 30], [1, 0, 1]]"
"[1, 1, 0, 2]",C1001,"[[1, 27, 14], [1, 20, 17], [1, 0, 30], [1, 0, 10]]"
"[1, 1, 0, 2]",C1010,"[[1, 27, 14], [1, 20, 17], [1, 0, 21], [1, 0, 1]]"
"[1, 1, 0, 2]",C1011,"[[1, 27, 14], [1, 20, 17], [1, 0, 21], [1, 0, 10]]"
"[1, 1, 0, 2]",C1100,"[[1, 27, 14], [1, 11, 17], [1, 0, 30], [1, 0, 1]]"
"[1, 1, 0, 2]",C1101,"[[1, 27, 14], [1, 11, 17], [1, 0, 30], [1, 0, 10]]"
"[1, 1, 0, 2]",C1110,"[[1, 27, 14], [1, 11, 17], [1, 0, 21], [1, 0, 1]]"
"[1, 1, 0, 2]",C1111,"[[1, 27, 14], [1, 11, 17], [1, 0, 21], [1, 0, 10]]"
"[1, 1, 1, 0]",C0000,"[[1, 4, 14], [1, 0, 1], [1, 20, 17], [1, 4, 14]]"
"[1, 1, 1, 0]",C0001,"[[1, 4, 14], [1, 0, 1], [1, 20, 17], [1, 27, 14]]"
"[1, 1, 1, 0]",C0010,"[[1, 4, 14], [1, 0, 1], [1, 11, 17], [1, 4, 14]]"
"[1, 1, 1, 0]",C0011,"[[1, 4, 14], [1, 0, 1], [1, 11, 17], [1, 27, 14]]"
"[1, 1, 1, 0]",C0100,"[[1, 4, 14], [1, 0, 10], [1, 20, 17], [1, 4, 14]]"
"[1, 1, 1, 0]",C0101,"[[1, 4, 14], [1, 0, 10], [1, 20, 17], [1, 27, 14]]"
"[1, 1, 1, 0]",C0110,"[[1, 4, 14], [1, 0, 10], [1, 11, 17], [1, 4, 14]]"
"[1, 1, 1, 0]",C0111,"[[1, 4, 14], [1, 0, 10], [1, 11, 17], [1, 27, 14]]"
"[1, 1, 1, 0]",C1000,"[[1, 27, 14], [1, 0, 1], [1, 20, 17], [1, 4, 14]]"
"[1, 1, 1, 0]",C1001,"[[1, 27, 14], [1, 0, 1], [1, 20, 17], [1, 27, 14]]"
"[1, 1, 1, 0]",C1010,"[[1, 27, 14], [1, 0, 1], [1, 11, 17], [1, 4, 14]]"
"[1, 1, 1, 0]",C1011,"[[1, 27, 14], [1, 0, 1], [1, 11, 17], [1, 27, 14]]"
"[1, 1, 1, 0]",C1100,"[[1, 27, 14], [1, 0, 10], [1, 20, 17], [1, 4, 14]]"
"[1, 1, 1, 0]",C1101,"[[1, 27, 14], [1, 0, 10], [1, 20, 17], [1, 27, 14]]"
"[1, 1, 1, 0]",C1110,"[[1, 27, 14], [1, 0, 10], [1, 11, 17], [1, 4, 14]]"
"[1, 1, 1, 0]",C1111,"[[1, 27, 14], [1, 0, 10], [1, 11, 17], [1, 27, 14]]"
"[1, 1, 1, 1]",C0000,"[[1, 4, 14], [1, 4, 14], [1, 0, 1], [1, 7, 17]]"
"[1, 1, 1, 1]",C0001,"[[1, 4, 14], [1, 4, 14], [1, 0, 1], [1, 24, 17]]"
"[1, 1, 1, 1]",C0010,"[[1, 4, 14], [1, 4, 14], [1, 0, 10], [1, 7, 17]]"
"[1, 1, 1, 1]",C0011,"[[1, 4, 14], [1, 4, 14], [1, 0, 10], [1, 24, 17]]"
"[1, 1, 1, 1]",C0100,"[[1, 4, 14], [1, 27, 14], [1, 0, 1], [1, 7, 17]]"
"[1, 1, 1, 1]",C0101,"[[1, 4, 14], [1, 27, 14], [1, 0, 1], [1, 24, 17]]"
"[1, 1, 1, 1]",C0110,"[[1, 4, 14], [1, 27, 14], [1, 0, 10], [1, 7, 17]]"
"[1, 1, 1, 1]",C0111,"[[1, 4, 14], [1, 27, 14], [1, 0, 10], [1, 24, 17]]"
"[1, 1, 1, 1]",C1000,"[[1, 27, 14], [1, 4, 14], [1, 0, 1], [1, 7, 17]]"
"[1, 1, 1, 1]",C1001,"[[1, 27, 14], [1, 4, 14], [1, 0, 1], [1, 24, 17]]"
"[1, 1, 1, 1]",C1010,"[[1, 27, 14], [1, 4, 14], [1, 0, 10], [1, 7, 17]]"
"[1, 1, 1, 1]",C1011,"[[1, 27, 14], [1, 4, 14], [1, 0, 10], [1, 24, 17]]"
"[1, 1, 1, 1]",C1100,"[[1, 27, 14], [1, 27, 14], [1, 0, 1], [1, 7, 17]]"
"[1, 1, 1, 1]",C1101,"[[1, 27, 14], [1, 27, 14], [1, 0, 1], [1, 24, 17]]"
"[1, 1, 1, 1]",C1110,"[[1, 27, 14], [1, 27, 14], [1, 0, 10], [1, 7, 17]]"
"[1, 1, 1, 1]",C1111,"[[1, 27, 14], [1, 27, 14], [1, 0, 10], [1, 24, 17]]"
"[1, 1, 1, 2]",C0000,"[[1, 4, 14], [1, 7, 17], [1, 7, 14], [1, 0, 1]]"
"[1, 1, 1, 2]",C0001,"[[1, 4, 14], [1, 7, 17], [1, 7, 14], [1, 0, 10]]"
"[1, 1, 1, 2]",C0010,"[[1, 4, 14], [1, 7, 17], [1, 24, 14], [1, 0, 1]]"
"[1, 1, 1, 2]",C0011,"[[1, 4, 14], [1, 7, 17], [1, 24, 14], [1, 0, 10]]"
"[1, 1, 1, 2]",C0100,"[[1, 4, 14], [1, 24, 17], [1, 7, 14], [1, 0, 1]]"
"[1, 1, 1, 2]",C0101,"[[1, 4, 14], [1, 24, 17], [1, 7, 14], [1, 0, 10]]"
"[1, 1, 1, 2]",C0110,"[[1, 4, 14], [1, 24, 17], [1, 24, 14], [1, 0, 1]]"
"[1, 1, 1, 2]",C0111,"[[1, 4, 14], [1, 24, 17], [1, 24, 14], [1, 0, 10]]"
"[1, 1, 1, 2]",C1000,"[[1, 27, 14], [1, 7, 17], [1, 7, 14], [1, 0, 1]]"
"[1, 1, 1, 2]",C1001,"[[1, 27, 14], [1, 7, 17], [1, 7, 14], [1, 0, 10]]"
"[1, 1, 1, 2]",C1010,"[[1, 27, 14], [1, 7, 17], [1, 24, 14], [1, 0, 1]]"
"[1, 1, 1, 2]",C1011,"[[1, 27, 14], [1, 7, 17], [1, 24, 14], [1, 0, 10]]"
"[1, 1, 1, 2]",C1100,"[[1, 27, 14], [1, 24, 17], [1, 7, 14], [1, 0, 1]]"
"[1, 1, 1, 2]",C1101,"[[1, 27, 14], [1, 24, 17], [1, 7, 14], [1, 0, 10]]"
"[1, 1, 1, 2]",C1110,"[[1, 27, 14], [1, 24, 17], [1, 24, 14], [1, 0, 1]]"
"[1, 1, 1, 2]",C1111,"[[1, 27, 14], [1, 24, 17], [1, 24, 14], [1, 0, 10]]"
"[1, 1, 2, 0]",C0000,"[[1, 4, 14], [1, 0, 30], [1, 0, 0], [1, 4, 14]]"
"[1, 1, 2, 0]",C0001,"[[1, 4, 14], [1, 0, 30], [1, 0, 0], [1, 27, 14]]"
"[1, 1, 2, 0]",C0010,"[[1, 4, 14], [1, 0, 30], [0, 0, 1], [1, 4, 14]]"
"[1, 1, 2, 0]",C0011,"[[1, 4, 14], [1, 0, 30], [0, 0, 1], [1, 27, 14]]"
"[1, 1, 2, 0]",C0100,"[[1, 4, 14], [1, 0, 21], [1, 0, 0], [1, 4, 14]]"
"[1, 1, 2, 0]",C0101,"[[1, 4, 14], [1, 0, 21], [1, 0, 0], [1, 27, 14]]"
"[1, 1, 2, 0]",C0110,"[[1, 4, 14], [1, 0, 21], [0, 0, 1], [1, 4, 14]]"
"[1, 1, 2, 0]",C0111,"[[1, 4, 14], [1, 0, 21], [0, 0, 1], [1, 27, 14]]"
"[1, 1, 2, 0]",C1000,"[[1, 27, 14], [1, 0, 30], [1, 0, 0], [1, 4, 14]]"
"[1, 1, 2, 0]",C1001,"[[1, 27, 14], [1, 0, 30], [1, 0, 0], [1, 27, 14]]"
"[1, 1, 2, 0]",C1010,"[[1, 27, 14], [1, 0, 30], [0, 0, 1], [1, 4, 14]]"
"[1, 1, 2, 0]",C1011,"[[1, 27, 14], [1, 0, 30], [0, 0, 1], [1, 27, 14]]"
"[1, 1, 2, 0]",C1100,"[[1, 27, 14], [1, 0, 21], [1, 0, 0], [1, 4, 14]]"
"[1, 1, 2, 0]",C1101,"[[1, 27, 14], [1, 0, 21], [1, 0, 0], [1, 27, 14]]"
"[1, 1, 2, 0]",C1110,"[[1, 27, 14], [1, 0, 21], [0, 0, 1], [1, 4, 14]]"
"[1, 1, 2, 0]",C1111,"[[1, 27, 14], [1, 0, 21], [0, 0, 1], [1, 27, 14]]"
"[1, 1, 2, 1]",C0000,"[[1, 4, 14], [1, 7, 14], [1, 4, 14], [1, 7, 17]]"
"[1, 1, 2, 1]",C0001,"[[1, 4, 14], [1, 7, 14], [1, 4, 14], [1, 24, 17]]"
"[1, 1, 2, 1]",C0010,"[[1, 4, 14], [1, 7, 14], [1, 27, 14], [1, 7, 17]]"
"[1, 1, 2, 1]",C0011,"[[1, 4, 14], [1, 7, 14], [1, 27, 14], [1, 24, 17]]"
"[1, 1, 2, 1]",C0100,"[[1, 4, 14], [1, 24, 14], [1, 4, 14], [1, 7, 17]]"
"[1, 1, 2, 1]",C0101,"[[1, 4, 14], [1, 24, 14], [1, 4, 14], [1, 24, 17]]"
"[1, 1, 2, 1]",C0110,"[[1, 4, 14], [1, 24, 14], [1, 27, 14], [1, 7, 17]]"
"[1, 1, 2, 1]",C0111,"[[1, 4, 14], [1, 24, 14], [1, 27, 14], [1, 24, 17]]"
"[1, 1, 2, 1]",C1000,"[[1, 27, 14], [1, 7, 14], [1, 4, 14], [1, 7, 17]]"
"[1, 1, 2, 1]",C1001,"[[1, 27, 14], [1, 7, 14], [1, 4, 14], [1, 24, 17]]"
"[1, 1, 2, 1]",C1010,"[[1, 27, 14], [1, 7, 14], [1, 27, 14], [1, 7, 17]]"
"[1, 1, 2, 1]",C1011,"[[1, 27, 14], [1, 7, 14], [1, 27, 14], [1, 24, 17]]"
"[1, 1, 2, 1]",C1100,"[[1, 27, 14], [1, 24, 14], [1, 4, 14], [1, 7, 17]]"
"[1, 1, 2, 1]",C1101,"[[1, 27, 14], [1, 24, 14], [1, 4, 14], [1, 24, 17]]"
"[1, 1, 2, 1]",C1110,"[[1, 27, 14], [1, 24, 14], [1, 27, 14], [1, 7, 17]]"
"[1, 1, 2, 1]",C1111,"[[1, 27, 14], [1, 24, 14], [1, 27, 14], [1, 24, 17]]"
"[1, 1, 2, 2]",C0000,"[[1, 4, 14], [1, 4, 17], [1, 4, 17], [1, 0, 1]]"
"[1, 1, 2, 2]",C0001,"[[1, 4, 14], [1, 4, 17], [1, 4, 17], [1, 0, 10]]"
"[1, 1, 2, 2]",C0010,"[[1, 4, 14], [1, 4, 17], [1, 27, 17], [1, 0, 1]]"
"[1, 1, 2, 2]",C0011,"[[1, 4, 14], [1, 4, 17], [1, 27, 17], [1, 0, 10]]"
"[1, 1, 2, 2]",C0100,"[[1, 4, 14], [1, 27, 17], [1, 4, 17], [1, 0, 1]]"
"[1, 1, 2, 2]",C0101,"[[1, 4, 14], [1, 27, 17], [1, 4, 17], [1, 0, 10]]"
"[1, 1, 2, 2]",C0110,"[[1, 4, 14], [1, 27, 17], [1, 27, 17], [1, 0, 1]]"
"[1, 1, 2, 2]",C0111,"[[1, 4, 14], [1, 27, 17], [1, 27, 17], [1, 0, 10]]"
"[1, 1, 2, 2]",C1000,"[[1, 27, 14], [1, 4, 17], [1, 4, 17], [1, 0, 1]]"
"[1, 1, 2, 2]",C1001,"[[1, 27, 14], [1, 4, 17], [1, 4, 17], [1, 0, 10]]"
"[1, 1, 2, 2]",C1010,"[[1, 27, 14], [1, 4, 17], [1, 27, 17], [1, 0, 1]]"
"[1, 1, 2, 2]",C1011,"[[1, 27, 14], [1, 4, 17], [1, 27, 17], [1, 0, 10]]"
"[1, 1, 2, 2]",C1100,"[[1, 27, 14], [1, 27, 17], [1, 4, 17], [1, 0, 1]]"
"[1, 1, 2, 2]",C1101,"[[1, 27, 14], [1, 27, 17], [1, 4, 17], [1, 0, 10]]"
"[1, 1, 2, 2]",C1110,"[[1, 27, 14], [1, 27, 17], [1, 27, 17], [1, 0, 1]]"
"[1, 1, 2, 2]",C1111,"[[1, 27, 14], [1, 27, 17], [1, 27, 17], [1, 0, 10]]"
"[1, 2, 0, 0]",C0000,"[[1, 7, 17], [1, 0, 0], [1, 20, 17], [1, 7, 14]]"
"[1, 2, 0, 0]",C0001,"[[1, 7, 17], [1, 0, 0], [1, 20, 17], [1, 24, 14]]"
"[1, 2, 0, 0]",C0010,"[[1, 7, 17], [1, 0, 0], [1, 11, 17], [1, 7, 14]]"
"[1, 2, 0, 0]",C0011,"[[1, 7, 17], [1, 0, 0], [1, 11, 17], [1, 24, 14]]"
"[1, 2, 0, 0]",C0100,"[[1, 7, 17], [0, 0, 1], [1, 20, 17], [1, 7, 14]]"
"[1, 2, 0, 0]",C0101,"[[1, 7, 17], [0, 0, 1], [1, 20, 17], [1, 24, 14]]"
"[1, 2, 0, 0]",C0110,"[[1, 7, 17], [0, 0, 1], [1, 11, 17], [1, 7, 14]]"
"[1, 2, 0, 0]",C0111,"[[1, 7, 17], [0, 0, 1], [1, 11, 17], [1, 24, 14]]"
"[1, 2, 0, 0]",C1000,"[[1, 24, 17], [1, 0, 0], [1, 20, 17], [1, 7, 14]]"
"[1, 2, 0, 0]",C1001,"[[1, 24, 17], [1, 0, 0], [1, 20, 17], [1, 24, 14]]"
"[1, 2, 0, 0]",C1010,"[[1, 24, 17], [1, 0, 0], [1, 11, 17], [1, 7, 14]]"
"[1, 2, 0, 0]",C1011,"[[1, 24, 17], [1, 0, 0], [1, 11, 17], [1, 24, 14]]"
"[1, 2, 0, 0]",C1100,"[[1, 24, 17], [0, 0, 1], [1, 20, 17], [1, 7, 14]]"
"[1, 2, 0, 0]",C1101,"[[1, 24, 17], [0, 0, 1], [1, 20, 17], [1, 24, 14]]"
"[1, 2, 0, 0]",C1110,"[[1, 24, 17], [0, 0, 1], [1, 11, 17], [1, 7, 14]]"
"[1, 2, 0, 0]",C1111,"[[1, 24, 17], [0, 0, 1], [1, 11, 17], [1, 24, 14]]"
"[1, 2, 0, 1]",C0000,"[[1, 7, 17], [1, 20, 14], [1, 0, 1], [1, 4, 17]]"
"[1, 2, 0, 1]",C0001,"[[1, 7, 17], [1, 20, 14], [1, 0, 1], [1, 27, 17]]"
"[1, 2, 0, 1]",C0010,"[[1, 7, 17], [1, 20, 14], [1, 0, 10], [1, 4, 17]]"
"[1, 2, 0, 1]",C0011,"[[1, 7, 17], [1, 20, 14], [1, 0, 10], [1, 27, 17]]"
"[1, 2, 0, 1]",C0100,"[[1, 7, 17], [1, 11, 14], [1, 0, 1], [1, 4, 17]]"
"[1, 2, 0, 1]",C0101,"[[1, 7, 17], [1, 11, 14], [1, 0, 1], [1, 27, 17]]"
"[1, 2, 0, 1]",C0110,"[[1, 7, 17], [1, 11, 14], [1, 0, 10], [1, 4, 17]]"
"[1, 2, 0, 1]",C0111,"[[1, 7, 17], [1, 11, 14], [1, 0, 10], [1, 27, 17]]"
"[1, 2, 0, 1]",C1000,"[[1, 24, 17], [1, 20, 14], [1, 0, 1], [1, 4, 17]]"
"[1, 2, 0, 1]",C1001,"[[1, 24, 17], [1, 20, 14], [1, 0, 1], [1, 27, 17]]"
"[1, 2, 0, 1]",C1010,"[[1, 24, 17], [1, 20, 14], [1, 0, 10], [1, 4, 17]]"
"[1, 2, 0, 1]",C1011,"[[1, 24, 17], [1, 20, 14], [1, 0, 10], [1, 27, 17]]"
"[1, 2, 0, 1]",C1100,"[[1, 24, 17], [1, 11, 14], [1, 0, 1], [1, 4, 17]]"
"[1, 2, 0, 1]",C1101,"[[1, 24, 17], [1, 11, 14], [1, 0, 1], [1, 27, 17]]"
"[1, 2, 0, 1]",C1110,"[[1, 24, 17], [1, 11, 14], [1, 0, 10], [1, 4, 17]]"
"[1, 2, 0, 1]",C1111,"[[1, 24, 17], [1, 11, 14], [1, 0, 10], [1, 27, 17]]"
"[1, 2, 0, 2]",C0000,"[[1, 7, 17], [1, 20, 17], [1, 7, 14], [1, 0, 30]]"
"[1, 2, 0, 2]",C0001,"[[1, 7, 17], [1, 20, 17], [1, 7, 14], [1, 0, 21]]"
"[1, 2, 0, 2]",C0010,"[[1, 7, 17], [1, 20, 17], [1, 24, 14], [1, 0, 30]]"
"[1, 2, 0, 2]",C0011,"[[1, 7, 17], [1, 20, 17], [1, 24, 14], [1, 0, 21]]"
"[1, 2, 0, 2]",C0100,"[[1, 7, 17], [1, 11, 17], [1, 7, 14], [1, 0, 30]]"
"[1, 2, 0, 2]",C0101,"[[1, 7, 17], [1, 11, 17], [1, 7, 14], [1, 0, 21]]"
"[1, 2, 0, 2]",C0110,"[[1, 7, 17], [1, 11, 17], [1, 24, 14], [1, 0, 30]]"
"[1, 2, 0, 2]",C0111,"[[1, 7, 17], [1, 11, 17], [1, 24, 14], [1, 0, 21]]"
"[1, 2, 0, 2]",C1000,"[[1, 24, 17], [1, 20, 17], [1, 7, 14], [1, 0, 30]]"
"[1, 2, 0, 2]",C1001,"[[1, 24, 17], [1, 20, 17], [1, 7, 14], [1, 0, 21]]"
"[1, 2, 0, 2]",C1010,"[[1, 24, 17], [1, 20, 17], [1, 24, 14], [1, 0, 30]]"
"[1, 2, 0, 2]",C1011,"[[1, 24, 17], [1, 20, 17], [1, 24, 14], [1, 0, 21]]"
"[1, 2, 0, 2]",C1100,"[[1, 24, 17], [1, 11, 17], [1, 7, 14], [1, 0, 30]]"
"[1, 2, 0, 2]",C1101,"[[1, 24, 17], [1, 11, 17], [1, 7, 14], [1, 0, 21]]"
"[1, 2, 0, 2]",C1110,"[[1, 24, 17], [1, 11, 17], [1, 24, 14], [1, 0, 30]]"
"[1, 2, 0, 2]",C1111,"[[1, 24, 17], [1, 11, 17], [1, 24, 14], [1, 0, 21]]"
"[1, 2, 1, 0]",C0000,"[[1, 7, 17], [1, 0, 1], [1, 0, 0], [1, 7, 14]]"
"[1, 2, 1, 0]",C0001,"[[1, 7, 17], [1, 0, 1], [1, 0, 0], [1, 24, 14]]"
"[1, 2, 1, 0]",C0010,"[[1, 7, 17], [1, 0, 1], [0, 0, 1], [1, 7, 14]]"
"[1, 2, 1, 0]",C0011,"[[1, 7, 17], [1, 0, 1], [0, 0, 1], [1, 24, 14]]"
"[1, 2, 1, 0]",C0100,"[[1, 7, 17], [1, 0, 10], [1, 0, 0], [1, 7, 14]]"
"[1, 2, 1, 0]",C0101,"[[1, 7, 17], [1, 0, 10], [1, 0, 0], [1, 24, 14]]"
"[1, 2, 1, 0]",C0110,"[[1, 7, 17], [1, 0, 10], [0, 0, 1], [1, 7, 14]]"
"[1, 2, 1, 0]",C0111,"[[1, 7, 17], [1, 0, 10], [0, 0, 1], [1, 24, 14]]"
"[1, 2, 1, 0]",C1000,"[[1, 24, 17], [1, 0, 1], [1, 0, 0], [1, 7, 14]]"
"[1, 2, 1, 0]",C1001,"[[1, 24, 17], [1, 0, 1], [1, 0, 0], [1, 24, 14]]"
"[1, 2, 1, 0]",C1010,"[[1, 24, 17], [1, 0, 1], [0, 0, 1], [1, 7, 14]]"
"[1, 2, 1, 0]",C1011,"[[1, 24, 17], [1, 0, 1], [0, 0, 1], [1, 24, 14]]"
"[1, 2, 1, 0]",C1100,"[[1, 24, 17], [1, 0, 10], [1, 0, 0], [1, 7, 14]]"
"[1, 2, 1, 0]",C1101,"[[1, 24, 17], [1, 0, 10], [1, 0, 0], [1, 24, 14]]"
"[1, 2, 1, 0]",C1110,"[[1, 24, 17], [1, 0, 10], [0, 0, 1], [1, 7, 14]]"
"[1, 2, 1, 0]",C1111,"[[1, 24, 17], [1, 0, 10], [0, 0, 1], [1, 24, 14]]"
"[1, 2, 1, 1]",C0000,"[[1, 7, 17], [1, 4, 14], [1, 4, 14], [1, 4, 17]]"
"[1, 2, 1, 1]",C0001,"[[1, 7, 17], [1, 4, 14], [1, 4, 14], [1, 27, 17]]"
"[1, 2, 1, 1]",C0010,"[[1, 7, 17], [1, 4, 14], [1, 27, 14], [1, 4, 17]]"
"[1, 2, 1, 1]",C0011,"[[1, 7, 17], [1, 4, 14], [1, 27, 14], [1, 27, 17]]"
"[1, 2, 1, 1]",C0100,"[[1, 7, 17], [1, 27, 14], [1, 4, 14], [1, 4, 17]]"
"[1, 2, 1, 1]",C0101,"[[1, 7, 17], [1, 27, 14], [1, 4, 14], [1, 27, 17]]"
"[1, 2, 1, 1]",C0110,"[[1, 7, 17], [1, 27, 14], [1, 27, 14], [1, 4, 17]]"
"[1, 2, 1, 1]",C0111,"[[1, 7, 17], [1, 27, 14], [1, 27, 14], [1, 27, 17]]"
"[1, 2, 1, 1]",C1000,"[[1, 24, 17], [1, 4, 14], [1, 4, 14], [1, 4, 17]]"
"[1, 2, 1, 1]",C1001,"[[1, 24, 17], [1, 4, 14], [1, 4, 14], [1, 27, 17]]"
"[1, 2, 1, 1]",C1010,"[[1, 24, 17], [1, 4, 14], [1, 27, 14], [1, 4, 17]]"
"[1, 2, 1, 1]",C1011,"[[1, 24, 17], [1, 4, 14], [1, 27, 14], [1, 27, 17]]"
"[1, 2, 1, 1]",C1100,"[[1, 24, 17], [1, 27, 14], [1, 4, 14], [1, 4, 17]]"
"[1, 2, 1, 1]",C1101,"[[1, 24, 17], [1, 27, 14], [1, 4, 14], [1, 27, 17]]"
"[1, 2, 1, 1]",C1110,"[[1, 24, 17], [1, 27, 14], [1, 27, 14], [1, 4, 17]]"
"[1, 2, 1, 1]",C1111,"[[1, 24, 17], [1, 27, 14], [1, 27, 14], [1, 27, 17]]"
"[1, 2, 1, 2]",C0000,"[[1, 7, 17], [1, 7, 17], [1, 4, 17], [1, 0, 30]]"
"[1, 2, 1, 2]",C0001,"[[1, 7, 17], [1, 7, 17], [1, 4, 17], [1, 0, 21]]"
"[1, 2, 1, 2]",C0010,"[[1, 7, 17], [1, 7, 17], [1, 27, 17], [1, 0, 30]]"
"[1, 2, 1, 2]",C0011,"[[1, 7, 17], [1, 7, 17], [1, 27, 17], [1, 0, 21]]"
"[1, 2, 1, 2]",C0100,"[[1, 7, 17], [1, 24, 17], [1, 4, 17], [1, 0, 30]]"
"[1, 2, 1, 2]",C0101,"[[1, 7, 17], [1, 24, 17], [1, 4, 17], [1, 0, 21]]"
"[1, 2, 1, 2]",C0110,"[[1, 7, 17], [1, 24, 17], [1, 27, 17], [1, 0, 30]]"
"[1, 2, 1, 2]",C0111,"[[1, 7, 17], [1, 24, 17], [1, 27, 17], [1, 0, 21]]"
"[1, 2, 1, 2]",C1000,"[[1, 24, 17], [1, 7, 17], [1, 4, 17], [1, 0, 30]]"
"[1, 2, 1, 2]",C1001,"[[1, 24, 17], [1, 7, 17], [1, 4, 17], [1, 0, 21]]"
"[1, 2, 1, 2]",C1010,"[[1, 24, 17], [1, 7, 17], [1, 27, 17], [1, 0, 30]]"
"[1, 2, 1, 2]",C1011,"[[1, 24, 17], [1, 7, 17], [1, 27, 17], [1, 0, 21]]"
"[1, 2, 1, 2]",C1100,"[[1, 24, 17], [1, 24, 17], [1, 4, 17], [1, 0, 30]]"
"[1, 2, 1, 2]",C1101,"[[1, 24, 17], [1, 24, 17], [1, 4, 17], [1, 0, 21]]"
"[1, 2, 1, 2]",C1110,"[[1, 24, 17], [1, 24, 17], [1, 27, 17], [1, 0, 30]]"
"[1, 2, 1, 2]",C1111,"[[1, 24, 17], [1, 24, 17], [1, 27, 17], [1, 0, 21]]"
"[1, 2, 2, 0]",C0000,"[[1, 7, 17], [1, 0, 30], [1, 20, 14], [1, 7, 14]]"
"[1, 2, 2, 0]",C0001,"[[1, 7, 17], [1, 0, 30], [1, 20, 14], [1, 24, 14]]"
"[1, 2, 2, 0]",C0010,"[[1, 7, 17], [1, 0, 30], [1, 11, 14], [1, 7, 14]]"
"[1, 2, 2, 0]",C0011,"[[1, 7, 17], [1, 0, 30], [1, 11, 14], [1, 24, 14]]"
"[1, 2, 2, 0]",C0100,"[[1, 7, 17], [1, 0, 21], [1, 20, 14], [1, 7, 14]]"
"[1, 2, 2, 0]",C0101,"[[1, 7, 17], [1, 0, 21], [1, 20, 14], [1, 24, 14]]"
"[1, 2, 2, 0]",C0110,"[[1, 7, 17], [1, 0, 21], [1, 11, 14], [1, 7, 14]]"
"[1, 2, 2, 0]",C0111,"[[1, 7, 17], [1, 0, 21], [1, 11, 14], [1, 24, 14]]"
"[1, 2, 2, 0]",C1000,"[[1, 24, 17], [1, 0, 30], [1, 20, 14], [1, 7, 14]]"
"[1, 2, 2, 0]",C1001,"[[1, 24, 17], [1, 0, 30], [1, 20, 14], [1, 24, 14]]"
"[1, 2, 2, 0]",C1010,"[[1, 24, 17], [1, 0, 30], [1, 11, 14], [1, 7, 14]]"
"[1, 2, 2, 0]",C1011,"[[1, 24, 17], [1, 0, 30], [1, 11, 14], [1, 24, 14]]"
"[1, 2, 2, 0]",C1100,"[[1, 24, 17], [1, 0, 21], [1, 20, 14], [1, 7, 14]]"
"[1, 2, 2, 0]",C1101,"[[1, 24, 17], [1, 0, 21], [1, 20, 14], [1, 24, 14]]"
"[1, 2, 2, 0]",C1110,"[[1, 24, 17], [1, 0, 21], [1, 11, 14], [1, 7, 14]]"
"[1, 2, 2, 0]",C1111,"[[1, 24, 17], [1, 0, 21], [1, 11, 14], [1, 24, 14]]"
"[1, 2, 2, 1]",C0000,"[[1, 7, 17], [1, 7, 14], [1, 7, 17], [1, 4, 17]]"
"[1, 2, 2, 1]",C0001,"[[1, 7, 17], [1, 7, 14], [1, 7, 17], [1, 27, 17]]"
"[1, 2, 2, 1]",C0010,"[[1, 7, 17], [1, 7, 14], [1, 24, 17], [1, 4, 17]]"
"[1, 2, 2, 1]",C0011,"[[1, 7, 17], [1, 7, 14], [1, 24, 17], [1, 27, 17]]"
"[1, 2, 2, 1]",C0100,"[[1, 7, 17], [1, 24, 14], [1, 7, 17], [1, 4, 17]]"
"[1, 2, 2, 1]",C0101,"[[1, 7, 17], [1, 24, 14], [1, 7, 17], [1, 27, 17]]"
"[1, 2, 2, 1]",C0110,"[[1, 7, 17], [1, 24, 14], [1, 24, 17], [1, 4, 17]]"
"[1, 2, 2, 1]",C0111,"[[1, 7, 17], [1, 24, 14], [1, 24, 17], [1, 27, 17]]"
"[1, 2, 2, 1]",C1000,"[[1, 24, 17], [1, 7, 14], [1, 7, 17], [1, 4, 17]]"
"[1, 2, 2, 1]",C1001,"[[1, 24, 17], [1, 7, 14], [1, 7, 17], [1, 27, 17]]"
"[1, 2, 2, 1]",C1010,"[[1, 24, 17], [1, 7, 14], [1, 24, 17], [1, 4, 17]]"
"[1, 2, 2, 1]",C1011,"[[1, 24, 17], [1, 7, 14], [1, 24, 17], [1, 27, 17]]"
"[1, 2, 2, 1]",C1100,"[[1, 24, 17], [1, 24, 14], [1, 7, 17], [1, 4, 17]]"
"[1, 2, 2, 1]",C1101,"[[1, 24, 17], [1, 24, 14], [1, 7, 17], [1, 27, 17]]"
"[1, 2, 2, 1]",C1110,"[[1, 24, 17], [1, 24, 14], [1, 24, 17], [1, 4, 17]]"
"[1, 2, 2, 1]",C1111,"[[1, 24, 17], [1, 24, 14], [1, 24, 17], [1, 27, 17]]"
"[1, 2, 2, 2]",C0000,"[[1, 7, 17], [1, 4, 17], [1, 0, 30], [1, 0, 30]]"
"[1, 2, 2, 2]",C0001,"[[1, 7, 17], [1, 4, 17], [1, 0, 30], [1, 0, 21]]"
"[1, 2, 2, 2]",C0010,"[[1, 7, 17], [1, 4, 17], [1, 0, 21], [1, 0, 30]]"
"[1, 2, 2, 2]",C0011,"[[1, 7, 17], [1, 4, 17], [1, 0, 21], [1, 0, 21]]"
"[1, 2, 2, 2]",C0100,"[[1, 7, 17], [1, 27, 17], [1, 0, 30], [1, 0, 30]]"
"[1, 2, 2, 2]",C0101,"[[1, 7, 17], [1, 27, 17], [1, 0, 30], [1, 0, 21]]"
"[1, 2, 2, 2]",C0110,"[[1, 7, 17], [1, 27, 17], [1, 0, 21], [1, 0, 30]]"
"[1, 2, 2, 2]",C0111,"[[1, 7, 17], [1, 27, 17], [1, 0, 21], [1, 0, 21]]"
"[1, 2, 2, 2]",C1000,"[[1, 24, 17], [1, 4, 17], [1, 0, 30], [1, 0, 30]]"
"[1, 2, 2, 2]",C1001,"[[1, 24, 17], [1, 4, 17], [1, 0, 30], [1, 0, 21]]"
"[1, 2, 2, 2]",C1010,"[[1, 24, 17], [1, 4, 17], [1, 0, 21], [1, 0, 30]]"
"[1, 2, 2, 2]",C1011,"[[1, 24, 17], [1, 4, 17], [1, 0, 21], [1, 0, 21]]"
"[1, 2, 2, 2]",C1100,"[[1, 24, 17], [1, 27, 17], [1, 0, 30], [1, 0, 30]]"
"[1, 2, 2, 2]",C1101,"[[1, 24, 17], [1, 27, 17], [1, 0, 30], [1, 0, 21]]"
"[1, 2, 2, 2]",C1110,"[[1, 24, 17], [1, 27, 17], [1, 0, 21], [1, 0, 30]]"
"[1, 2, 2, 2]",C1111,"[[1, 24, 17], [1, 27, 17], [1, 0, 21], [1, 0, 21]]"
"[2, 0, 0, 0]",C0000,"[[1, 0, 30], [1, 0, 0], [1, 0, 0], [1, 20, 17]]"
"[2, 0, 0, 0]",C0001,"[[1, 0, 30], [1, 0, 0], [1, 0, 0], [1, 11, 17]]"
"[2, 0, 0, 0]",C0010,"[[1, 0, 30], [1, 0, 0], [0, 0, 1], [1, 20, 17]]"
"[2, 0, 0, 0]",C0011,"[[1, 0, 30], [1, 0, 0], [0, 0, 1], [1, 11, 17]]"
"[2, 0, 0, 0]",C0100,"[[1, 0, 30], [0, 0, 1], [1, 0, 0], [1, 20, 17]]"
"[2, 0, 0, 0]",C0101,"[[1, 0, 30], [0, 0, 1], [1, 0, 0], [1, 11, 17]]"
"[2, 0, 0, 0]",C0110,"[[1, 0, 30], [0, 0, 1], [0, 0, 1], [1, 20, 17]]"
"[2, 0, 0, 0]",C0111,"[[1, 0, 30], [0, 0, 1], [0, 0, 1], [1, 11, 17]]"
"[2, 0, 0, 0]",C1000,"[[1, 0, 21], [1, 0, 0], [1, 0, 0], [1, 20, 17]]"
"[2, 0, 0, 0]",C1001,"[[1, 0, 21], [1, 0, 0], [1, 0, 0], [1, 11, 17]]"
"[2, 0, 0, 0]",C1010,"[[1, 0, 21], [1, 0, 0], [0, 0, 1], [1, 20, 17]]"
"[2, 0, 0, 0]",C1011,"[[1, 0, 21], [1, 0, 0], [0, 0, 1], [1, 11, 17]]"
"[2, 0, 0, 0]",C1100,"[[1, 0, 21], [0, 0, 1], [1, 0, 0], [1, 20, 17]]"
"[2, 0, 0, 0]",C1101,"[[1, 0, 21], [0, 0, 1], [1, 0, 0], [1, 11, 17]]"
"[2, 0, 0, 0]",C1110,"[[1, 0, 21], [0, 0, 1], [0, 0, 1], [1, 20, 17]]"
"[2, 0, 0, 0]",C1111,"[[1, 0, 21], [0, 0, 1], [0, 0, 1], [1, 11, 17]]"
"[2, 0, 0, 1]",C0000,"[[1, 0, 30], [1, 20, 14], [1, 4, 14], [1, 0, 0]]"
"[2, 0, 0, 1]",C0001,"[[1, 0, 30], [1, 20, 14], [1, 4, 14], [0, 0, 1]]"
"[2, 0, 0, 1]",C0010,"[[1, 0, 30], [1, 20, 14], [1, 27, 14], [1, 0, 0]]"
"[2, 0, 0, 1]",C0011,"[[1, 0, 30], [1, 20, 14], [1, 27, 14], [0, 0, 1]]"
"[2, 0, 0, 1]",C0100,"[[1, 0, 30], [1, 11, 14], [1, 4, 14], [1, 0, 0]]"
"[2, 0, 0, 1]",C0101,"[[1, 0, 30], [1, 11, 14], [1, 4, 14], [0, 0, 1]]"
"[2, 0, 0, 1]",C0110,"[[1, 0, 30], [1, 11, 14], [1, 27, 14], [1, 0, 0]]"
"[2, 0, 0, 1]",C0111,"[[1, 0, 30], [1, 11, 14], [1, 27, 14], [0, 0, 1]]"
"[2, 0, 0, 1]",C1000,"[[1, 0, 21], [1, 20, 14], [1, 4, 14], [1, 0, 0]]"
"[2, 0, 0, 1]",C1001,"[[1, 0, 21], [1, 20, 14], [1, 4, 14], [0, 0, 1]]"
"[2, 0, 0, 1]",C1010,"[[1, 0, 21], [1, 20, 14], [1, 27, 14], [1, 0, 0]]"
"[2, 0, 0, 1]",C1011,"[[1, 0, 21], [1, 20, 14], [1, 27, 14], [0, 0, 1]]"
"[2, 0, 0, 1]",C1100,"[[1, 0, 21], [1, 11, 14], [1, 4, 14], [1, 0, 0]]"
"[2, 0, 0, 1]",C1101,"[[1, 0, 21], [1, 11, 14], [1, 4, 14], [0, 0, 1]]"
"[2, 0, 0, 1]",C1110,"[[1, 0, 21], [1, 11, 14], [1, 27, 14], [1, 0, 0]]"
"[2, 0, 0, 1]",C1111,"[[1, 0, 21], [1, 11, 14], [1, 27, 14], [0, 0, 1]]"
"[2, 0, 0, 2]",C0000,"[[1, 0, 30], [1, 20, 17], [1, 4, 17], [1, 20, 14]]"
"[2, 0, 0, 2]",C0001,"[[1, 0, 30], [1, 20, 17], [1, 4, 17], [1, 11, 14]]"
"[2, 0, 0, 2]",C0010,"[[1, 0, 30], [1, 20, 17], [1, 27, 17], [1, 20, 14]]"
"[2, 0, 0, 2]",C0011,"[[1, 0, 30], [1, 20, 17], [1, 27, 17], [1, 11, 14]]"
"[2, 0, 0, 2]",C0100,"[[1, 0, 30], [1, 11, 17], [1, 4, 17], [1, 20, 14]]"
"[2, 0, 0, 2]",C0101,"[[1, 0, 30], [1, 11, 17], [1, 4, 17], [1, 11, 14]]"
"[2, 0, 0, 2]",C0110,"[[1, 0, 30], [1, 11, 17], [1, 27, 17], [1, 20, 14]]"
"[2, 0, 0, 2]",C0111,"[[1, 0, 30], [1, 11, 17], [1, 27, 17], [1, 11, 14]]"
"[2, 0, 0, 2]",C1000,"[[1, 0, 21], [1, 20, 17], [1, 4, 17], [1, 20, 14]]"
"[2, 0, 0, 2]",C1001,"[[1, 0, 21], [1, 20, 17], [1, 4, 17], [1, 11, 14]]"
"[2, 0, 0, 2]",C1010,"[[1, 0, 21], [1, 20, 17], [1, 27, 17], [1, 20, 14]]"
"[2, 0, 0, 2]",C1011,"[[1, 0, 21], [1, 20, 17], [1, 27, 17], [1, 11, 14]]"
"[2, 0, 0, 2]",C1100,"[[1, 0, 21], [1, 11, 17], [1, 4, 17], [1, 20, 14]]"
"[2, 0, 0, 2]",C1101,"[[1, 0, 21], [1, 11, 17], [1, 4, 17], [1, 11, 14]]"
"[2, 0, 0, 2]",C1110,"[[1, 0, 21], [1, 11, 17], [1, 27, 17], [1, 20, 14]]"
"[2, 0, 0, 2]",C1111,"[[1, 0, 21], [1, 11, 17], [1, 27, 17], [1, 11, 14]]"
"[2, 0, 1, 0]",C0000,"[[1, 0, 30], [1, 0, 1], [1, 20, 14], [1, 20, 17]]"
"[2, 0, 1, 0]",C0001,"[[1, 0, 30], [1, 0, 1], [1, 20, 14], [1, 11, 17]]"
"[2, 0, 1, 0]",C0010,"[[1, 0, 30], [1, 0, 1], [1, 11, 14], [1, 20, 17]]"
"[2, 0, 1, 0]",C0011,"[[1, 0, 30], [1, 0, 1], [1, 11, 14], [1, 11, 17]]"
"[2, 0, 1, 0]",C0100,"[[1, 0, 30], [1, 0, 10], [1, 20, 14], [1, 20, 17]]"
"[2, 0, 1, 0]",C0101,"[[1, 0, 30], [1, 0, 10], [1, 20, 14], [1, 11, 17]]"
"[2, 0, 1, 0]",C0110,"[[1, 0, 30], [1, 0, 10], [1, 11, 14], [1, 20, 17]]"
"[2, 0, 1, 0]",C0111,"[[1, 0, 30], [1, 0, 10], [1, 11, 14], [1, 11, 17]]"
"[2, 0, 1, 0]",C1000,"[[1, 0, 21], [1, 0, 1], [1, 20, 14], [1, 20, 17]]"
"[2, 0, 1, 0]",C1001,"[[1, 0, 21], [1, 0, 1], [1, 20, 14], [1, 11, 17]]"
"[2, 0, 1, 0]",C1010,"[[1, 0, 21], [1, 0, 1], [1, 11, 14], [1, 20, 17]]"
"[2, 0, 1, 0]",C1011,"[[1, 0, 21], [1, 0, 1], [1, 11, 14], [1, 11, 17]]"
"[2, 0, 1, 0]",C1100,"[[1, 0, 21], [1, 0, 10], [1, 20, 14], [1, 20, 17]]"
"[2, 0, 1, 0]",C1101,"[[1, 0, 21], [1, 0, 10], [1, 20, 14], [1, 11, 17]]"
"[2, 0, 1, 0]",C1110,"[[1, 0, 21], [1, 0, 10], [1, 11, 14], [1, 20, 17]]"
"[2, 0, 1, 0]",C1111,"[[1, 0, 21], [1, 0, 10], [1, 11, 14], [1, 11, 17]]"
"[2, 0, 1, 1]",C0000,"[[1, 0, 30], [1, 4, 14], [1, 7, 17], [1, 0, 0]]"
"[2, 0, 1, 1]",C0001,"[[1, 0, 30], [1, 4, 14], [1, 7, 17], [0, 0, 1]]"
"[2, 0, 1, 1]",C0010,"[[1, 0, 30], [1, 4, 14], [1, 24, 17], [1, 0, 0]]"
"[2, 0, 1, 1]",C0011,"[[1, 0, 30], [1, 4, 14], [1, 24, 17], [0, 0, 1]]"
"[2, 0, 1, 1]",C0100,"[[1, 0, 30], [1, 27, 14], [1, 7, 17], [1, 0, 0]]"
"[2, 0, 1, 1]",C0101,"[[1, 0, 30], [1, 27, 14], [1, 7, 17], [0, 0, 1]]"
"[2, 0, 1, 1]",C0110,"[[1, 0, 30], [1, 27, 14], [1, 24, 17], [1, 0, 0]]"
"[2, 0, 1, 1]",C0111,"[[1, 0, 30], [1, 27, 14], [1, 24, 17], [0, 0, 1]]"
"[2, 0, 1, 1]",C1000,"[[1, 0, 21], [1, 4, 14], [1, 7, 17], [1, 0, 0]]"
"[2, 0, 1, 1]",C1001,"[[1, 0, 21], [1, 4, 14], [1, 7, 17], [0, 0, 1]]"
"[2, 0, 1, 1]",C1010,"[[1, 0, 21], [1, 4, 14], [1, 24, 17], [1, 0, 0]]"
"[2, 0, 1, 1]",C1011,"[[1, 0, 21], [1, 4, 14], [1, 24, 17], [0, 0, 1]]"
"[2, 0, 1, 1]",C1100,"[[1, 0, 21], [1, 27, 14], [1, 7, 17], [1, 0, 0]]"
"[2, 0, 1, 1]",C1101,"[[1, 0, 21], [1, 27, 14], [1, 7, 17], [0, 0, 1]]"
"[2, 0, 1, 1]",C1110,"[[1, 0, 21], [1, 27, 14], [1, 24, 17], [1, 0, 0]]"
"[2, 0, 1, 1]",C1111,"[[1, 0, 21], [1, 27, 14], [1, 24, 17], [0, 0, 1]]"
"[2, 0, 1, 2]",C0000,"[[1, 0, 30], [1, 7, 17], [1, 0, 30], [1, 20, 14]]"
"[2, 0, 1, 2]",C0001,"[[1, 0, 30], [1, 7, 17], [1, 0, 30], [1, 11, 14]]"
"[2, 0, 1, 2]",C0010,"[[1, 0, 30], [1, 7, 17], [1, 0, 21], [1, 20, 14]]"
"[2, 0, 1, 2]",C0011,"[[1, 0, 30], [1, 7, 17], [1, 0, 21], [1, 11, 14]]"
"[2, 0, 1, 2]",C0100,"[[1, 0, 30], [1, 24, 17], [1, 0, 30], [1, 20, 14]]"
"[2, 0, 1, 2]",C0101,"[[1, 0, 30], [1, 24, 17], [1, 0, 30], [1, 11, 14]]"
"[2, 0, 1, 2]",C0110,"[[1, 0, 30], [1, 24, 17], [1, 0, 21], [1, 20, 14]]"
"[2, 0, 1, 2]",C0111,"[[1, 0, 30], [1, 24, 17], [1, 0, 21], [1, 11, 14]]"
"[2, 0, 1, 2]",C1000,"[[1, 0, 21], [1, 7, 17], [1, 0, 30], [1, 20, 14]]"
"[2, 0, 1, 2]",C1001,"[[1, 0, 21], [1, 7, 17], [1, 0, 30], [1, 11, 14]]"
"[2, 0, 1, 2]",C1010,"[[1, 0, 21], [1, 7, 17], [1, 0, 21], [1, 20, 14]]"
"[2, 0, 1, 2]",C1011,"[[1, 0, 21], [1, 7, 17], [1, 0, 21], [1, 11, 14]]"
"[2, 0, 1, 2]",C1100,"[[1, 0, 21], [1, 24, 17], [1, 0, 30], [1, 20, 14]]"
"[2, 0, 1, 2]",C1101,"[[1, 0, 21], [1, 24, 17], [1, 0, 30], [1, 11, 14]]"
"[2, 0, 1, 2]",C1110,"[[1, 0, 21], [1, 24, 17], [1, 0, 21], [1, 20, 14]]"
"[2, 0, 1, 2]",C1111,"[[1, 0, 21], [1, 24, 17], [1, 0, 21], [1, 11, 14]]"
"[2, 0, 2, 0]",C0000,"[[1, 0, 30], [1, 0, 30], [1, 20, 17], [1, 20, 17]]"
"[2, 0, 2, 0]",C0001,"[[1, 0, 30], [1, 0, 30], [1, 20, 17], [1, 11, 17]]"
"[2, 0, 2, 0]",C0010,"[[1, 0, 30], [1, 0, 30], [1, 11, 17], [1, 20, 17]]"
"[2, 0, 2, 0]",C0011,"[[1, 0, 30], [1, 0, 30], [1, 11, 17], [1, 11, 17]]"
"[2, 0, 2, 0]",C0100,"[[1, 0, 30], [1, 0, 21], [1, 20, 17], [1, 20, 17]]"
"[2, 0, 2, 0]",C0101,"[[1, 0, 30], [1, 0, 21], [1, 20, 17], [1, 11, 17]]"
"[2, 0, 2, 0]",C0110,"[[1, 0, 30], [1, 0, 21], [1, 11, 17], [1, 20, 17]]"
"[2, 0, 2, 0]",C0111,"[[1, 0, 30], [1, 0, 21], [1, 11, 17], [1, 11, 17]]"
"[2, 0, 2, 0]",C1000,"[[1, 0, 21], [1, 0, 30], [1, 20, 17], [1, 20, 17]]"
"[2, 0, 2, 0]",C1001,"[[1, 0, 21], [1, 0, 30], [1, 20, 17], [1, 11, 17]]"
"[2, 0, 2, 0]",C1010,"[[1, 0, 21], [1, 0, 30], [1, 11, 17], [1, 20, 17]]"
"[2, 0, 2, 0]",C1011,"[[1, 0, 21], [1, 0, 30], [1, 11, 17], [1, 11, 17]]"
"[2, 0, 2, 0]",C1100,"[[1, 0, 21], [1, 0, 21], [1, 20, 17], [1, 20, 17]]"
"[2, 0, 2, 0]",C1101,"[[1, 0, 21], [1, 0, 21], [1, 20, 17], [1, 11, 17]]"
"[2, 0, 2, 0]",C1110,"[[1, 0, 21], [1, 0, 21], [1, 11, 17], [1, 20, 17]]"
"[2, 0, 2, 0]",C1111,"[[1, 0, 21], [1, 0, 21], [1, 11, 17], [1, 11, 17]]"
"[2, 0, 2, 1]",C0000,"[[1, 0, 30], [1, 7, 14], [1, 0, 1], [1, 0, 0]]"
"[2, 0, 2, 1]",C0001,"[[1, 0, 30], [1, 7, 14], [1, 0, 1], [0, 0, 1]]"
"[2, 0, 2, 1]",C0010,"[[1, 0, 30], [1, 7, 14], [1, 0, 10], [1, 0, 0]]"
"[2, 0, 2, 1]",C0011,"[[1, 0, 30], [1, 7, 14], [1, 0, 10], [0, 0, 1]]"
"[2, 0, 2, 1]",C0100,"[[1, 0, 30], [1, 24, 14], [1, 0, 1], [1, 0, 0]]"
"[2, 0, 2, 1]",C0101,"[[1, 0, 30], [1, 24, 14], [1, 0, 1], [0, 0, 1]]"
"[2, 0, 2, 1]",C0110,"[[1, 0, 30], [1, 24, 14], [1, 0, 10], [1, 0, 0]]"
"[2, 0, 2, 1]",C0111,"[[1, 0, 30], [1, 24, 14], [1, 0, 10], [0, 0, 1]]"
"[2, 0, 2, 1]",C1000,"[[1, 0, 21], [1, 7, 14], [1, 0, 1], [1, 0, 0]]"
"[2, 0, 2, 1]",C1001,"[[1, 0, 21], [1, 7, 14], [1, 0, 1], [0, 0, 1]]"
"[2, 0, 2, 1]",C1010,"[[1, 0, 21], [1, 7, 14], [1, 0, 10], [1, 0, 0]]"
"[2, 0, 2, 1]",C1011,"[[1, 0, 21], [1, 7, 14], [1, 0, 10], [0, 0, 1]]"
"[2, 0, 2, 1]",C1100,"[[1, 0, 21], [1, 24, 14], [1, 0, 1], [1, 0, 0]]"
"[2, 0, 2, 1]",C1101,"[[1, 0, 21], [1, 24, 14], [1, 0, 1], [0, 0, 1]]"
"[2, 0, 2, 1]",C1110,"[[1, 0, 21], [1, 24, 14], [1, 0, 10], [1, 0, 0]]"
"[2, 0, 2, 1]",C1111,"[[1, 0, 21], [1, 24, 14], [1, 0, 10], [0, 0, 1]]"
"[2, 0, 2, 2]",C0000,"[[1, 0, 30], [1, 4, 17], [1, 7, 14], [1, 20, 14]]"
"[2, 0, 2, 2]",C0001,"[[1, 0, 30], [1, 4, 17], [1, 7, 14], [1, 11, 14]]"
"[2, 0, 2, 2]",C0010,"[[1, 0, 30], [1, 4, 17], [1, 24, 14], [1, 20, 14]]"
"[2, 0, 2, 2]",C0011,"[[1, 0, 30], [1, 4, 17], [1, 24, 14], [1, 11, 14]]"
"[2, 0, 2, 2]",C0100,"[[1, 0, 30], [1, 27, 17], [1, 7, 14], [1, 20, 14]]"
"[2, 0, 2, 2]",C0101,"[[1, 0, 30], [1, 27, 17], [1, 7, 14], [1, 11, 14]]"
"[2, 0, 2, 2]",C0110,"[[1, 0, 30], [1, 27, 17], [1, 24, 14], [1, 20, 14]]"
"[2, 0, 2, 2]",C0111,"[[1, 0, 30], [1, 27, 17], [1, 24, 14], [1, 11, 14]]"
"[2, 0, 2, 2]",C1000,"[[1, 0, 21], [1, 4, 17], [1, 7, 14], [1, 20, 14]]"
"[2, 0, 2, 2]",C1001,"[[1, 0, 21], [1, 4, 17], [1, 7, 14], [1, 11, 14]]"
"[2, 0, 2, 2]",C1010,"[[1, 0, 21], [1, 4, 17], [1, 24, 14], [1, 20, 14]]"
"[2, 0, 2, 2]",C1011,"[[1, 0, 21], [1, 4, 17], [1, 24, 14], [1, 11, 14]]"
"[2, 0, 2, 2]",C1100,"[[1, 0, 21], [1, 27, 17], [1, 7, 14], [1, 20, 14]]"
"[2, 0, 2, 2]",C1101,"[[1, 0, 21], [1, 27, 17], [1, 7, 14], [1, 11, 14]]"
"[2, 0, 2, 2]",C1110,"[[1, 0, 21], [1, 27, 17], [1, 24, 14], [1, 20, 14]]"
"[2, 0, 2, 2]",C1111,"[[1, 0, 21], [1, 27, 17], [1, 24, 14], [1, 11, 14]]"
"[2, 1, 0, 0]",C0000,"[[1, 7, 14], [1, 0, 0], [1, 20, 14], [1, 7, 17]]"
"[2, 1, 0, 0]",C0001,"[[1, 7, 14], [1, 0, 0], [1, 20, 14], [1, 24, 17]]"
"[2, 1, 0, 0]",C0010,"[[1, 7, 14], [1, 0, 0], [1, 11, 14], [1, 7, 17]]"
"[2, 1, 0, 0]",C0011,"[[1, 7, 14], [1, 0, 0], [1, 11, 14], [1, 24, 17]]"
"[2, 1, 0, 0]",C0100,"[[1, 7, 14], [0, 0, 1], [1, 20, 14], [1, 7, 17]]"
"[2, 1, 0, 0]",C0101,"[[1, 7, 14], [0, 0, 1], [1, 20, 14], [1, 24, 17]]"
"[2, 1, 0, 0]",C0110,"[[1, 7, 14], [0, 0, 1], [1, 11, 14], [1, 7, 17]]"
"[2, 1, 0, 0]",C0111,"[[1, 7, 14], [0, 0, 1], [1, 11, 14], [1, 24, 17]]"
"[2, 1, 0, 0]",C1000,"[[1, 24, 14], [1, 0, 0], [1, 20, 14], [1, 7, 17]]"
"[2, 1, 0, 0]",C1001,"[[1, 24, 14], [1, 0, 0], [1, 20, 14], [1, 24, 17]]"
"[2, 1, 0, 0]",C1010,"[[1, 24, 14], [1, 0, 0], [1, 11, 14], [1, 7, 17]]"
"[2, 1, 0, 0]",C1011,"[[1, 24, 14], [1, 0, 0], [1, 11, 14], [1, 24, 17]]"
"[2, 1, 0, 0]",C1100,"[[1, 24, 14], [0, 0, 1], [1, 20, 14], [1, 7, 17]]"
"[2, 1, 0, 0]",C1101,"[[1, 24, 14], [0, 0, 1], [1, 20, 14], [1, 24, 17]]"
"[2, 1, 0, 0]",C1110,"[[1, 24, 14], [0, 0, 1], [1, 11, 14], [1, 7, 17]]"
"[2, 1, 0, 0]",C1111,"[[1, 24, 14], [0, 0, 1], [1, 11, 14], [1, 24, 17]]"
"[2, 1, 0, 1]",C0000,"[[1, 7, 14], [1, 20, 14], [1, 7, 17], [1, 0, 1]]"
"[2, 1, 0, 1]",C0001,"[[1, 7, 14], [1, 20, 14], [1, 7, 17], [1, 0, 10]]"
"[2, 1, 0, 1]",C0010,"[[1, 7, 14], [1, 20, 14], [1, 24, 17], [1, 0, 1]]"
"[2, 1, 0, 1]",C0011,"[[1, 7, 14], [1, 20, 14], [1, 24, 17], [1, 0, 10]]"
"[2, 1, 0, 1]",C0100,"[[1, 7, 14], [1, 11, 14], [1, 7, 17], [1, 0, 1]]"
"[2, 1, 0, 1]",C0101,"[[1, 7, 14], [1, 11, 14], [1, 7, 17], [1, 0, 10]]"
"[2, 1, 0, 1]",C0110,"[[1, 7, 14], [1, 11, 14], [1, 24, 17], [1, 0, 1]]"
"[2, 1, 0, 1]",C0111,"[[1, 7, 14], [1, 11, 14], [1, 24, 17], [1, 0, 10]]"
"[2, 1, 0, 1]",C1000,"[[1, 24, 14], [1, 20, 14], [1, 7, 17], [1, 0, 1]]"
"[2, 1, 0, 1]",C1001,"[[1, 24, 14], [1, 20, 14], [1, 7, 17], [1, 0, 10]]"
"[2, 1, 0, 1]",C1010,"[[1, 24, 14], [1, 20, 14], [1, 24, 17], [1, 0, 1]]"
"[2, 1, 0, 1]",C1011,"[[1, 24, 14], [1, 20, 14], [1, 24, 17], [1, 0, 10]]"
"[2, 1, 0, 1]",C1100,"[[1, 24, 14], [1, 11, 14], [1, 7, 17], [1, 0, 1]]"
"[2, 1, 0, 1]",C1101,"[[1, 24, 14], [1, 11, 14], [1, 7, 17], [1, 0, 10]]"
"[2, 1, 0, 1]",C1110,"[[1, 24, 14], [1, 11, 14], [1, 24, 17], [1, 0, 1]]"
"[2, 1, 0, 1]",C1111,"[[1, 24, 14], [1, 11, 14], [1, 24, 17], [1, 0, 10]]"
"[2, 1, 0, 2]",C0000,"[[1, 7, 14], [1, 20, 17], [1, 0, 30], [1, 4, 14]]"
"[2, 1, 0, 2]",C0001,"[[1, 7, 14], [1, 20, 17], [1, 0, 30], [1, 27, 14]]"
"[2, 1, 0, 2]",C0010,"[[1, 7, 14], [1, 20, 17], [1, 0, 21], [1, 4, 14]]"
"[2, 1, 0, 2]",C0011,"[[1, 7, 14], [1, 20, 17], [1, 0, 21], [1, 27, 14]]"
"[2, 1, 0, 2]",C0100,"[[1, 7, 14], [1, 11, 17], [1, 0, 30], [1, 4, 14]]"
"[2, 1, 0, 2]",C0101,"[[1, 7, 14], [1, 11, 17], [1, 0, 30], [1, 27, 14]]"
"[2, 1, 0, 2]",C0110,"[[1, 7, 14], [1, 11, 17], [1, 0, 21], [1, 4, 14]]"
"[2, 1, 0, 2]",C0111,"[[1, 7, 14], [1, 11, 17], [1, 0, 21], [1, 27, 14]]"
"[2, 1, 0, 2]",C1000,"[[1, 24, 14], [1, 20, 17], [1, 0, 30], [1, 4, 14]]"
"[2, 1, 0, 2]",C1001,"[[1, 24, 14], [1, 20, 17], [1, 0, 30], [1, 27, 14]]"
"[2, 1, 0, 2]",C1010,"[[1, 24, 14], [1, 20, 17], [1, 0, 21], [1, 4, 14]]"
"[2, 1, 0, 2]",C1011,"[[1, 24, 14], [1, 20, 17], [1, 0, 21], [1, 27, 14]]"
"[2, 1, 0, 2]",C1100,"[[1, 24, 14], [1, 11, 17], [1, 0, 30], [1, 4, 14]]"
"[2, 1, 0, 2]",C1101,"[[1, 24, 14], [1, 11, 17], [1, 0, 30], [1, 27, 14]]"
"[2, 1, 0, 2]",C1110,"[[1, 24, 14], [1, 11, 17], [1, 0, 21], [1, 4, 14]]"
"[2, 1, 0, 2]",C1111,"[[1, 24, 14], [1, 11, 17], [1, 0, 21], [1, 27, 14]]"
"[2, 1, 1, 0]",C0000,"[[1, 7, 14], [1, 0, 1], [1, 20, 17], [1, 7, 17]]"
"[2, 1, 1, 0]",C0001,"[[1, 7, 14], [1, 0, 1], [1, 20, 17], [1, 24, 17]]"
"[2, 1, 1, 0]",C0010,"[[1, 7, 14], [1, 0, 1], [1, 11, 17], [1, 7, 17]]"
"[2, 1, 1, 0]",C0011,"[[1, 7, 14], [1, 0, 1], [1, 11, 17], [1, 24, 17]]"
"[2, 1, 1, 0]",C0100,"[[1, 7, 14], [1, 0, 10], [1, 20, 17], [1, 7, 17]]"
"[2, 1, 1, 0]",C0101,"[[1, 7, 14], [1, 0, 10], [1, 20, 17], [1, 24, 17]]"
"[2, 1, 1, 0]",C0110,"[[1, 7, 14], [1, 0, 10], [1, 11, 17], [1, 7, 17]]"
"[2, 1, 1, 0]",C0111,"[[1, 7, 14], [1, 0, 10], [1, 11, 17], [1, 24, 17]]"
"[2, 1, 1, 0]",C1000,"[[1, 24, 14], [1, 0, 1], [1, 20, 17], [1, 7, 17]]"
"[2, 1, 1, 0]",C1001,"[[1, 24, 14], [1, 0, 1], [1, 20, 17], [1, 24, 17]]"
"[2, 1, 1, 0]",C1010,"[[1, 24, 14], [1, 0, 1], [1, 11, 17], [1, 7, 17]]"
"[2, 1, 1, 0]",C1011,"[[1, 24, 14], [1, 0, 1], [1, 11, 17], [1, 24, 17]]"
"[2, 1, 1, 0]",C1100,"[[1, 24, 14], [1, 0, 10], [1, 20, 17], [1, 7, 17]]"
"[2, 1, 1, 0]",C1101,"[[1, 24, 14], [1, 0, 10], [1, 20, 17], [1, 24, 17]]"
"[2, 1, 1, 0]",C1110,"[[1, 24, 14], [1, 0, 10], [1, 11, 17], [1, 7, 17]]"
"[2, 1, 1, 0]",C1111,"[[1, 24, 14], [1, 0, 10], [1, 11, 17], [1, 24, 17]]"
"[2, 1, 1, 1]",C0000,"[[1, 7, 14], [1, 4, 14], [1, 0, 1], [1, 0, 1]]"
"[2, 1, 1, 1]",C0001,"[[1, 7, 14], [1, 4, 14], [1, 0, 1], [1, 0, 10]]"
"[2, 1, 1, 1]",C0010,"[[1, 7, 14], [1, 4, 14], [1, 0, 10], [1, 0, 1]]"
"[2, 1, 1, 1]",C0011,"[[1, 7, 14], [1, 4, 14], [1, 0, 10], [1, 0, 10]]"
"[2, 1, 1, 1]",C0100,"[[1, 7, 14], [1, 27, 14], [1, 0, 1], [1, 0, 1]]"
"[2, 1, 1, 1]",C0101,"[[1, 7, 14], [1, 27, 14], [1, 0, 1], [1, 0, 10]]"
"[2, 1, 1, 1]",C0110,"[[1, 7, 14], [1, 27, 14], [1, 0, 10], [1, 0, 1]]"
"[2, 1, 1, 1]",C0111,"[[1, 7, 14], [1, 27, 14], [1, 0, 10], [1, 0, 10]]"
"[2, 1, 1, 1]",C1000,"[[1, 24, 14], [1, 4, 14], [1, 0, 1], [1, 0, 1]]"
"[2, 1, 1, 1]",C1001,"[[1, 24, 14], [1, 4, 14], [1, 0, 1], [1, 0, 10]]"
"[2, 1, 1, 1]",C1010,"[[1, 24, 14], [1, 4, 14], [1, 0, 10], [1, 0, 1]]"
"[2, 1, 1, 1]",C1011,"[[1, 24, 14], [1, 4, 14], [1, 0, 10], [1, 0, 10]]"
"[2, 1, 1, 1]",C1100,"[[1, 24, 14], [1, 27, 14], [1, 0, 1], [1, 0, 1]]"
"[2, 1, 1, 1]",C1101,"[[1, 24, 14], [1, 27, 14], [1, 0, 1], [1, 0, 10]]"
"[2, 1, 1, 1]",C1110,"[[1, 24, 14], [1, 27, 14], [1, 0, 10], [1, 0, 1]]"
"[2, 1, 1, 1]",C1111,"[[1, 24, 14], [1, 27, 14], [1, 0, 10], [1, 0, 10]]"
"[2, 1, 1, 2]",C0000,"[[1, 7, 14], [1, 7, 17], [1, 7, 14], [1, 4, 14]]"
"[2, 1, 1, 2]",C0001,"[[1, 7, 14], [1, 7, 17], [1, 7, 14], [1, 27, 14]]"
"[2, 1, 1, 2]",C0010,"[[1, 7, 14], [1, 7, 17], [1, 24, 14], [1, 4, 14]]"
"[2, 1, 1, 2]",C0011,"[[1, 7, 14], [1, 7, 17], [1, 24, 14], [1, 27, 14]]"
"[2, 1, 1, 2]",C0100,"[[1, 7, 14], [1, 24, 17], [1, 7, 14], [1, 4, 14]]"
"[2, 1, 1, 2]",C0101,"[[1, 7, 14], [1, 24, 17], [1, 7, 14], [1, 27, 14]]"
"[2, 1, 1, 2]",C0110,"[[1, 7, 14], [1, 24, 17], [1, 24, 14], [1, 4, 14]]"
"[2, 1, 1, 2]",C0111,"[[1, 7, 14], [1, 24, 17], [1, 24, 14], [1, 27, 14]]"
"[2, 1, 1, 2]",C1000,"[[1, 24, 14], [1, 7, 17], [1, 7, 14], [1, 4, 14]]"
"[2, 1, 1, 2]",C1001,"[[1, 24, 14], [1, 7, 17], [1, 7, 14], [1, 27, 14]]"
"[2, 1, 1, 2]",C1010,"[[1, 24, 14], [1, 7, 17], [1, 24, 14], [1, 4, 14]]"
"[2, 1, 1, 2]",C1011,"[[1, 24, 14], [1, 7, 17], [1, 24, 14], [1, 27, 14]]"
"[2, 1, 1, 2]",C1100,"[[1, 24, 14], [1, 24, 17], [1, 7, 14], [1, 4, 14]]"
"[2, 1, 1, 2]",C1101,"[[1, 24, 14], [1, 24, 17], [1, 7, 14], [1, 27, 14]]"
"[2, 1, 1, 2]",C1110,"[[1, 24, 14], [1, 24, 17], [1, 24, 14], [1, 4, 14]]"
"[2, 1, 1, 2]",C1111,"[[1, 24, 14], [1, 24, 17], [1, 24, 14], [1, 27, 14]]"
"[2, 1, 2, 0]",C0000,"[[1, 7, 14], [1, 0, 30], [1, 0, 0], [1, 7, 17]]"
"[2, 1, 2, 0]",C0001,"[[1, 7, 14], [1, 0, 30], [1, 0, 0], [1, 24, 17]]"
"[2, 1, 2, 0]",C0010,"[[1, 7, 14], [1, 0, 30], [0, 0, 1], [1, 7, 17]]"
"[2, 1, 2, 0]",C0011,"[[1, 7, 14], [1, 0, 30], [0, 0, 1], [1, 24, 17]]"
"[2, 1, 2, 0]",C0100,"[[1, 7, 14], [1, 0, 21], [1, 0, 0], [1, 7, 17]]"
"[2, 1, 2, 0]",C0101,"[[1, 7, 14], [1, 0, 21], [1, 0, 0], [1, 24, 17]]"
"[2, 1, 2, 0]",C0110,"[[1, 7, 14], [1, 0, 21], [0, 0, 1], [1, 7, 17]]"
"[2, 1, 2, 0]",C0111,"[[1, 7, 14], [1, 0, 21], [0, 0, 1], [1, 24, 17]]"
"[2, 1, 2, 0]",C1000,"[[1, 24, 14], [1, 0, 30], [1, 0, 0], [1, 7, 17]]"
"[2, 1, 2, 0]",C1001,"[[1, 24, 14], [1, 0, 30], [1, 0, 0], [1, 24, 17]]"
"[2, 1, 2, 0]",C1010,"[[1, 24, 14], [1, 0, 30], [0, 0, 1], [1, 7, 17]]"
"[2, 1, 2, 0]",C1011,"[[1, 24, 14], [1, 0, 30], [0, 0, 1], [1, 24, 17]]"
"[2, 1, 2, 0]",C1100,"[[1, 24, 14], [1, 0, 21], [1, 0, 0], [1, 7, 17]]"
"[2, 1, 2, 0]",C1101,"[[1, 24, 14], [1, 0, 21], [1, 0, 0], [1, 24, 17]]"
"[2, 1, 2, 0]",C1110,"[[1, 24, 14], [1, 0, 21], [0, 0, 1], [1, 7, 17]]"
"[2, 1, 2, 0]",C1111,"[[1, 24, 14], [1, 0, 21], [0, 0, 1], [1, 24, 17]]"
"[2, 1, 2, 1]",C0000,"[[1, 7, 14], [1, 7, 14], [1, 4, 14], [1, 0, 1]]"
"[2, 1, 2, 1]",C0001,"[[1, 7, 14], [1, 7, 14], [1, 4, 14], [1, 0, 10]]"
"[2, 1, 2, 1]",C0010,"[[1, 7, 14], [1, 7, 14], [1, 27, 14], [1, 0, 1]]"
"[2, 1, 2, 1]",C0011,"[[1, 7, 14], [1, 7, 14], [1, 27, 14], [1, 0, 10]]"
"[2, 1, 2, 1]",C0100,"[[1, 7, 14], [1, 24, 14], [1, 4, 14], [1, 0, 1]]"
"[2, 1, 2, 1]",C0101,"[[1, 7, 14], [1, 24, 14], [1, 4, 14], [1, 0, 10]]"
"[2, 1, 2, 1]",C0110,"[[1, 7, 14], [1, 24, 14], [1, 27, 14], [1, 0, 1]]"
"[2, 1, 2, 1]",C0111,"[[1, 7, 14], [1, 24, 14], [1, 27, 14], [1, 0, 10]]"
"[2, 1, 2, 1]",C1000,"[[1, 24, 14], [1, 7, 14], [1, 4, 14], [1, 0, 1]]"
"[2, 1, 2, 1]",C1001,"[[1, 24, 14], [1, 7, 14], [1, 4, 14], [1, 0, 10]]"
"[2, 1, 2, 1]",C1010,"[[1, 24, 14], [1, 7, 14], [1, 27, 14], [1, 0, 1]]"
"[2, 1, 2, 1]",C1011,"[[1, 24, 14], [1, 7, 14], [1, 27, 14], [1, 0, 10]]"
"[2, 1, 2, 1]",C1100,"[[1, 24, 14], [1, 24, 14], [1, 4, 14], [1, 0, 1]]"
"[2, 1, 2, 1]",C1101,"[[1, 24, 14], [1, 24, 14], [1, 4, 14], [1, 0, 10]]"
"[2, 1, 2, 1]",C1110,"[[1, 24, 14], [1, 24, 14], [1, 27, 14], [1, 0, 1]]"
"[2, 1, 2, 1]",C1111,"[[1, 24, 14], [1, 24, 14], [1, 27, 14], [1, 0, 10]]"
"[2, 1, 2, 2]",C0000,"[[1, 7, 14], [1, 4, 17], [1, 4, 17], [1, 4, 14]]"
"[2, 1, 2, 2]",C0001,"[[1, 7, 14], [1, 4, 17], [1, 4, 17], [1, 27, 14]]"
"[2, 1, 2, 2]",C0010,"[[1, 7, 14], [1, 4, 17], [1, 27, 17], [1, 4, 14]]"
"[2, 1, 2, 2]",C0011,"[[1, 7, 14], [1, 4, 17], [1, 27, 17], [1, 27, 14]]"
"[2, 1, 2, 2]",C0100,"[[1, 7, 14], [1, 27, 17], [1, 4, 17], [1, 4, 14]]"
"[2, 1, 2, 2]",C0101,"[[1, 7, 14], [1, 27, 17], [1, 4, 17], [1, 27, 14]]"
"[2, 1, 2, 2]",C0110,"[[1, 7, 14], [1, 27, 17], [1, 27, 17], [1, 4, 14]]"
"[2, 1, 2, 2]",C0111,"[[1, 7, 14], [1, 27, 17], [1, 27, 17], [1, 27, 14]]"
"[2, 1, 2, 2]",C1000,"[[1, 24, 14], [1, 4, 17], [1, 4, 17], [1, 4, 14]]"
"[2, 1, 2, 2]",C1001,"[[1, 24, 14], [1, 4, 17], [1, 4, 17], [1, 27, 14]]"
"[2, 1, 2, 2]",C1010,"[[1, 24, 14], [1, 4, 17], [1, 27, 17], [1, 4, 14]]"
"[2, 1, 2, 2]",C1011,"[[1, 24, 14], [1, 4, 17], [1, 27, 17], [1, 27, 14]]"
"[2, 1, 2, 2]",C1100,"[[1, 24, 14], [1, 27, 17], [1, 4, 17], [1, 4, 14]]"
"[2, 1, 2, 2]",C1101,"[[1, 24, 14], [1, 27, 17], [1, 4, 17], [1, 27, 14]]"
"[2, 1, 2, 2]",C1110,"[[1, 24, 14], [1, 27, 17], [1, 27, 17], [1, 4, 14]]"
"[2, 1, 2, 2]",C1111,"[[1, 24, 14], [1, 27, 17], [1, 27, 17], [1, 27, 14]]"
"[2, 2, 0, 0]",C0000,"[[1, 4, 17], [1, 0, 0], [1, 20, 17], [1, 4, 17]]"
"[2, 2, 0, 0]",C0001,"[[1, 4, 17], [1, 0, 0], [1, 20, 17], [1, 27, 17]]"
"[2, 2, 0, 0]",C0010,"[[1, 4, 17], [1, 0, 0], [1, 11, 17], [1, 4, 17]]"
"[2, 2, 0, 0]",C0011,"[[1, 4, 17], [1, 0, 0], [1, 11, 17], [1, 27, 17]]"
"[2, 2, 0, 0]",C0100,"[[1, 4, 17], [0, 0, 1], [1, 20, 17], [1, 4, 17]]"
"[2, 2, 0, 0]",C0101,"[[1, 4, 17], [0, 0, 1], [1, 20, 17], [1, 27, 17]]"
"[2, 2, 0, 0]",C0110,"[[1, 4, 17], [0, 0, 1], [1, 11, 17], [1, 4, 17]]"
"[2, 2, 0, 0]",C0111,"[[1, 4, 17], [0, 0, 1], [1, 11, 17], [1, 27, 17]]"
"[2, 2, 0, 0]",C1000,"[[1, 27, 17], [1, 0, 0], [1, 20, 17], [1, 4, 17]]"
"[2, 2, 0, 0]",C1001,"[[1, 27, 17], [1, 0, 0], [1, 20, 17], [1, 27, 17]]"
"[2, 2, 0, 0]",C1010,"[[1, 27, 17], [1, 0, 0], [1, 11, 17], [1, 4, 17]]"
"[2, 2, 0, 0]",C1011,"[[1, 27, 17], [1, 0, 0], [1, 11, 17], [1, 27, 17]]"
"[2, 2, 0, 0]",C1100,"[[1, 27, 17], [0, 0, 1], [1, 20, 17], [1, 4, 17]]"
"[2, 2, 0, 0]",C1101,"[[1, 27, 17], [0, 0, 1], [1, 20, 17], [1, 27, 17]]"
"[2, 2, 0, 0]",C1110,"[[1, 27, 17], [0, 0, 1], [1, 11, 17], [1, 4, 17]]"
"[2, 2, 0, 0]",C1111,"[[1, 27, 17], [0, 0, 1], [1, 11, 17], [1, 27, 17]]"
"[2, 2, 0, 1]",C0000,"[[1, 4, 17], [1, 20, 14], [1, 0, 1], [1, 0, 30]]"
"[2, 2, 0, 1]",C0001,"[[1, 4, 17], [1, 20, 14], [1, 0, 1], [1, 0, 21]]"
"[2, 2, 0, 1]",C0010,"[[1, 4, 17], [1, 20, 14], [1, 0, 10], [1, 0, 30]]"
"[2, 2, 0, 1]",C0011,"[[1, 4, 17], [1, 20, 14], [1, 0, 10], [1, 0, 21]]"
"[2, 2, 0, 1]",C0100,"[[1, 4, 17], [1, 11, 14], [1, 0, 1], [1, 0, 30]]"
"[2, 2, 0, 1]",C0101,"[[1, 4, 17], [1, 11, 14], [1, 0, 1], [1, 0, 21]]"
"[2, 2, 0, 1]",C0110,"[[1, 4, 17], [1, 11, 14], [1, 0, 10], [1, 0, 30]]"
"[2, 2, 0, 1]",C0111,"[[1, 4, 17], [1, 11, 14], [1, 0, 10], [1, 0, 21]]"
"[2, 2, 0, 1]",C1000,"[[1, 27, 17], [1, 20, 14], [1, 0, 1], [1, 0, 30]]"
"[2, 2, 0, 1]",C1001,"[[1, 27, 17], [1, 20, 14], [1, 0, 1], [1, 0, 21]]"
"[2, 2, 0, 1]",C1010,"[[1, 27, 17], [1, 20, 14], [1, 0, 10], [1, 0, 30]]"
"[2, 2, 0, 1]",C1011,"[[1, 27, 17], [1, 20, 14], [1, 0, 10], [1, 0, 21]]"
"[2, 2, 0, 1]",C1100,"[[1, 27, 17], [1, 11, 14], [1, 0, 1], [1, 0, 30]]"
"[2, 2, 0, 1]",C1101,"[[1, 27, 17], [1, 11, 14], [1, 0, 1], [1, 0, 21]]"
"[2, 2, 0, 1]",C1110,"[[1, 27, 17], [1, 11, 14], [1, 0, 10], [1, 0, 30]]"
"[2, 2, 0, 1]",C1111,"[[1, 27, 17], [1, 11, 14], [1, 0, 10], [1, 0, 21]]"
"[2, 2, 0, 2]",C0000,"[[1, 4, 17], [1, 20, 17], [1, 7, 14], [1, 7, 14]]"
"[2, 2, 0, 2]",C0001,"[[1, 4, 17], [1, 20, 17], [1, 7, 14], [1, 24, 14]]"
"[2, 2, 0, 2]",C0010,"[[1, 4, 17], [1, 20, 17], [1, 24, 14], [1, 7, 14]]"
"[2, 2, 0, 2]",C0011,"[[1, 4, 17], [1, 20, 17], [1, 24, 14], [1, 24, 14]]"
"[2, 2, 0, 2]",C0100,"[[1, 4, 17], [1, 11, 17], [1, 7, 14], [1, 7, 14]]"
"[2, 2, 0, 2]",C0101,"[[1, 4, 17], [1, 11, 17], [1, 7, 14], [1, 24, 14]]"
"[2, 2, 0, 2]",C0110,"[[1, 4, 17], [1, 11, 17], [1, 24, 14], [1, 7, 14]]"
"[2, 2, 0, 2]",C0111,"[[1, 4, 17], [1, 11, 17], [1, 24, 14], [1, 24, 14]]"
"[2, 2, 0, 2]",C1000,"[[1, 27, 17], [1, 20, 17], [1, 7, 14], [1, 7, 14]]"
"[2, 2, 0, 2]",C1001,"[[1, 27, 17], [1, 20, 17], [1, 7, 14], [1, 24, 14]]"
"[2, 2, 0, 2]",C1010,"[[1, 27, 17], [1, 20, 17], [1, 24, 14], [1, 7, 14]]"
"[2, 2, 0, 2]",C1011,"[[1, 27, 17], [1, 20, 17], [1, 24, 14], [1, 24, 14]]"
"[2, 2, 0, 2]",C1100,"[[1, 27, 17], [1, 11, 17], [1, 7, 14], [1, 7, 14]]"
"[2, 2, 0, 2]",C1101,"[[1, 27, 17], [1, 11, 17], [1, 7, 14], [1, 24, 14]]"
"[2, 2, 0, 2]",C1110,"[[1, 27, 17], [1, 11, 17], [1, 24, 14], [1, 7, 14]]"
"[2, 2, 0, 2]",C1111,"[[1, 27, 17], [1, 11, 17], [1, 24, 14], [1, 24, 14]]"
"[2, 2, 1, 0]",C0000,"[[1, 4, 17], [1, 0, 1], [1, 0, 0], [1, 4, 17]]"
"[2, 2, 1, 0]",C0001,"[[1, 4, 17], [1, 0, 1], [1, 0, 0], [1, 27, 17]]"
"[2, 2, 1, 0]",C0010,"[[1, 4, 17], [1, 0, 1], [0, 0, 1], [1, 4, 17]]"
"[2, 2, 1, 0]",C0011,"[[1, 4, 17], [1, 0, 1], [0, 0, 1], [1, 27, 17]]"
"[2, 2, 1, 0]",C0100,"[[1, 4, 17], [1, 0, 10], [1, 0, 0], [1, 4, 17]]"
"[2, 2, 1, 0]",C0101,"[[1, 4, 17], [1, 0, 10], [1, 0, 0], [1, 27, 17]]"
"[2, 2, 1, 0]",C0110,"[[1, 4, 17], [1, 0, 10], [0, 0, 1], [1, 4, 17]]"
"[2, 2, 1, 0]",C0111,"[[1, 4, 17], [1, 0, 10], [0, 0, 1], [1, 27, 17]]"
"[2, 2, 1, 0]",C1000,"[[1, 27, 17], [1, 0, 1], [1, 0, 0], [1, 4, 17]]"
"[2, 2, 1, 0]",C1001,"[[1, 27, 17], [1, 0, 1], [1, 0, 0], [1, 27, 17]]"
"[2, 2, 1, 0]",C1010,"[[1, 27, 17], [1, 0, 1], [0, 0, 1], [1, 4, 17]]"
"[2, 2, 1, 0]",C1011,"[[1, 27, 17], [1, 0, 1], [0, 0, 1], [1, 27, 17]]"
"[2, 2, 1, 0]",C1100,"[[1, 27, 17], [1, 0, 10], [1, 0, 0], [1, 4, 17]]"
"[2, 2, 1, 0]",C1101,"[[1, 27, 17], [1, 0, 10], [1, 0, 0], [1, 27, 17]]"
"[2, 2, 1, 0]",C1110,"[[1, 27, 17], [1, 0, 10], [0, 0, 1], [1, 4, 17]]"
"[2, 2, 1, 0]",C1111,"[[1, 27, 17], [1, 0, 10], [0, 0, 1], [1, 27, 17]]"
"[2, 2, 1, 1]",C0000,"[[1, 4, 17], [1, 4, 14], [1, 4, 14], [1, 0, 30]]"
"[2, 2, 1, 1]",C0001,"[[1, 4, 17], [1, 4, 14], [1, 4, 14], [1, 0, 21]]"
"[2, 2, 1, 1]",C0010,"[[1, 4, 17], [1, 4, 14], [1, 27, 14], [1, 0, 30]]"
"[2, 2, 1, 1]",C0011,"[[1, 4, 17], [1, 4, 14], [1, 27, 14], [1, 0, 21]]"
"[2, 2, 1, 1]",C0100,"[[1, 4, 17], [1, 27, 14], [1, 4, 14], [1, 0, 30]]"
"[2, 2, 1, 1]",C0101,"[[1, 4, 17], [1, 27, 14], [1, 4, 14], [1, 0, 21]]"
"[2, 2, 1, 1]",C0110,"[[1, 4, 17], [1, 27, 14], [1, 27, 14], [1, 0, 30]]"
"[2, 2, 1, 1]",C0111,"[[1, 4, 17], [1, 27, 14], [1, 27, 14], [1, 0, 21]]"
"[2, 2, 1, 1]",C1000,"[[1, 27, 17], [1, 4, 14], [1, 4, 14], [1, 0, 30]]"
"[2, 2, 1, 1]",C1001,"[[1, 27, 17], [1, 4, 14], [1, 4, 14], [1, 0, 21]]"
"[2, 2, 1, 1]",C1010,"[[1, 27, 17], [1, 4, 14], [1, 27, 14], [1, 0, 30]]"
"[2, 2, 1, 1]",C1011,"[[1, 27, 17], [1, 4, 14], [1, 27, 14], [1, 0, 21]]"
"[2, 2, 1, 1]",C1100,"[[1, 27, 17], [1, 27, 14], [1, 4, 14], [1, 0, 30]]"
"[2, 2, 1, 1]",C1101,"[[1, 27, 17], [1, 27, 14], [1, 4, 14], [1, 0, 21]]"
"[2, 2, 1, 1]",C1110,"[[1, 27, 17], [1, 27, 14], [1, 27, 14], [1, 0, 30]]"
"[2, 2, 1, 1]",C1111,"[[1, 27, 17], [1, 27, 14], [1, 27, 14], [1, 0, 21]]"
"[2, 2, 1, 2]",C0000,"[[1, 4, 17], [1, 7, 17], [1, 4, 17], [1, 7, 14]]"
"[2, 2, 1, 2]",C0001,"[[1, 4, 17], [1, 7, 17], [1, 4, 17], [1, 24, 14]]"
"[2, 2, 1, 2]",C0010,"[[1, 4, 17], [1, 7, 17], [1, 27, 17], [1, 7, 14]]"
"[2, 2, 1, 2]",C0011,"[[1, 4, 17], [1, 7, 17], [1, 27, 17], [1, 24, 14]]"
"[2, 2, 1, 2]",C0100,"[[1, 4, 17], [1, 24, 17], [1, 4, 17], [1, 7, 14]]"
"[2, 2, 1, 2]",C0101,"[[1, 4, 17], [1, 24, 17], [1, 4, 17], [1, 24, 14]]"
"[2, 2, 1, 2]",C0110,"[[1, 4, 17], [1, 24, 17], [1, 27, 17], [1, 7, 14]]"
"[2, 2, 1, 2]",C0111,"[[1, 4, 17], [1, 24, 17], [1, 27, 17], [1, 24, 14]]"
"[2, 2, 1, 2]",C1000,"[[1, 27, 17], [1, 7, 17], [1, 4, 17], [1, 7, 14]]"
"[2, 2, 1, 2]",C1001,"[[1, 27, 17], [1, 7, 17], [1, 4, 17], [1, 24, 14]]"
"[2, 2, 1, 2]",C1010,"[[1, 27, 17], [1, 7, 17], [1, 27, 17], [1, 7, 14]]"
"[2, 2, 1, 2]",C1011,"[[1, 27, 17], [1, 7, 17], [1, 27, 17], [1, 24, 14]]"
"[2, 2, 1, 2]",C1100,"[[1, 27, 17], [1, 24, 17], [1, 4, 17], [1, 7, 14]]"
"[2, 2, 1, 2]",C1101,"[[1, 27, 17], [1, 24, 17], [1, 4, 17], [1, 24, 14]]"
"[2, 2, 1, 2]",C1110,"[[1, 27, 17], [1, 24, 17], [1, 27, 17], [1, 7, 14]]"
"[2, 2, 1, 2]",C1111,"[[1, 27, 17], [1, 24, 17], [1, 27, 17], [1, 24, 14]]"
"[2, 2, 2, 0]",C0000,"[[1, 4, 17], [1, 0, 30], [1, 20, 14], [1, 4, 17]]"
"[2, 2, 2, 0]",C0001,"[[1, 4, 17], [1, 0, 30], [1, 20, 14], [1, 27, 17]]"
"[2, 2, 2, 0]",C0010,"[[1, 4, 17], [1, 0, 30], [1, 11, 14], [1, 4, 17]]"
"[2, 2, 2, 0]",C0011,"[[1, 4, 17], [1, 0, 30], [1, 11, 14], [1, 27, 17]]"
"[2, 2, 2, 0]",C0100,"[[1, 4, 17], [1, 0, 21], [1, 20, 14], [1, 4, 17]]"
"[2, 2, 2, 0]",C0101,"[[1, 4, 17], [1, 0, 21], [1, 20, 14], [1, 27, 17]]"
"[2, 2, 2, 0]",C0110,"[[1, 4, 17], [1, 0, 21], [1, 11, 14], [1, 4, 17]]"
"[2, 2, 2, 0]",C0111,"[[1, 4, 17], [1, 0, 21], [1, 11, 14], [1, 27, 17]]"
"[2, 2, 2, 0]",C1000,"[[1, 27, 17], [1, 0, 30], [1, 20, 14], [1, 4, 17]]"
"[2, 2, 2, 0]",C1001,"[[1, 27, 17], [1, 0, 30], [1, 20, 14], [1, 27, 17]]"
"[2, 2, 2, 0]",C1010,"[[1, 27, 17], [1, 0, 30], [1, 11, 14], [1, 4, 17]]"
"[2, 2, 2, 0]",C1011,"[[1, 27, 17], [1, 0, 30], [1, 11, 14], [1, 27, 17]]"
"[2, 2, 2, 0]",C1100,"[[1, 27, 17], [1, 0, 21], [1, 20, 14], [1, 4, 17]]"
"[2, 2, 2, 0]",C1101,"[[1, 27, 17], [1, 0, 21], [1, 20, 14], [1, 27, 17]]"
"[2, 2, 2, 0]",C1110,"[[1, 27, 17], [1, 0, 21], [1, 11, 14], [1, 4, 17]]"
"[2, 2, 2, 0]",C1111,"[[1, 27, 17], [1, 0, 21], [1, 11, 14], [1, 27, 17]]"
"[2, 2, 2, 1]",C0000,"[[1, 4, 17], [1, 7, 14], [1, 7, 17], [1, 0, 30]]"
"[2, 2, 2, 1]",C0001,"[[1, 4, 17], [1, 7, 14], [1, 7, 17], [1, 0, 21]]"
"[2, 2, 2, 1]",C0010,"[[1, 4, 17], [1, 7, 14], [1, 24, 17], [1, 0, 30]]"
"[2, 2, 2, 1]",C0011,"[[1, 4, 17], [1, 7, 14], [1, 24, 17], [1, 0, 21]]"
"[2, 2, 2, 1]",C0100,"[[1, 4, 17], [1, 24, 14], [1, 7, 17], [1, 0, 30]]"
"[2, 2, 2, 1]",C0101,"[[1, 4, 17], [1, 24, 14], [1, 7, 17], [1, 0, 21]]"
"[2, 2, 2, 1]",C0110,"[[1, 4, 17], [1, 24, 14], [1, 24, 17], [1, 0, 30]]"
"[2, 2, 2, 1]",C0111,"[[1, 4, 17], [1, 24, 14], [1, 24, 17], [1, 0, 21]]"
"[2, 2, 2, 1]",C1000,"[[1, 27, 17], [1, 7, 14], [1, 7, 17], [1, 0, 30]]"
"[2, 2, 2, 1]",C1001,"[[1, 27, 17], [1, 7, 14], [1, 7, 17], [1, 0, 21]]"
"[2, 2, 2, 1]",C1010,"[[1, 27, 17], [1, 7, 14], [1, 24, 17], [1, 0, 30]]"
"[2, 2, 2, 1]",C1011,"[[1, 27, 17], [1, 7, 14], [1, 24, 17], [1, 0, 21]]"
"[2, 2, 2, 1]",C1100,"[[1, 27, 17], [1, 24, 14], [1, 7, 17], [1, 0, 30]]"
"[2, 2, 2, 1]",C1101,"[[1, 27, 17], [1, 24, 14], [1, 7, 17], [1, 0, 21]]"
"[2, 2, 2, 1]",C1110,"[[1, 27, 17], [1, 24, 14], [1, 24, 17], [1, 0, 30]]"
"[2, 2, 2, 1]",C1111,"[[1, 27, 17], [1, 24, 14], [1, 24, 17], [1, 0, 21]]"
"[2, 2, 2, 2]",C0000,"[[1, 4, 17], [1, 4, 17], [1, 0, 30], [1, 7, 14]]"
"[2, 2, 2, 2]",C0001,"[[1, 4, 17], [1, 4, 17], [1, 0, 30], [1, 24, 14]]"
"[2, 2, 2, 2]",C0010,"[[1, 4, 17], [1, 4, 17], [1, 0, 21], [1, 7, 14]]"
"[2, 2, 2, 2]",C0011,"[[1, 4, 17], [1, 4, 17], [1, 0, 21], [1, 24, 14]]"
"[2, 2, 2, 2]",C0100,"[[1, 4, 17], [1, 27, 17], [1, 0, 30], [1, 7, 14]]"
"[2, 2, 2, 2]",C0101,"[[1, 4, 17], [1, 27, 17], [1, 0, 30], [1, 24, 14]]"
"[2, 2, 2, 2]",C0110,"[[1, 4, 17], [1, 27, 17], [1, 0, 21], [1, 7, 14]]"
"[2, 2, 2, 2]",C0111,"[[1, 4, 17], [1, 27, 17], [1, 0, 21], [1, 24, 14]]"
"[2, 2, 2, 2]",C1000,"[[1, 27, 17], [1, 4, 17], [1, 0, 30], [1, 7, 14]]"
"[2, 2, 2, 2]",C1001,"[[1, 27, 17], [1, 4, 17], [1, 0, 30], [1, 24, 14]]"
"[2, 2, 2, 2]",C1010,"[[1, 27, 17], [1, 4, 17], [1, 0, 21], [1, 7, 14]]"
"[2, 2, 2, 2]",C1011,"[[1, 27, 17], [1, 4, 17], [1, 0, 21], [1, 24, 14]]"
"[2, 2, 2, 2]",C1100,"[[1, 27, 17], [1, 27, 17], [1, 0, 30], [1, 7, 14]]"
"[2, 2, 2, 2]",C1101,"[[1, 27, 17], [1, 27, 17], [1, 0, 30], [1, 24, 14]]"
"[2, 2, 2, 2]",C1110,"[[1, 27, 17], [1, 27, 17], [1, 0, 21], [1, 7, 14]]"
"[2, 2, 2, 2]",C1111,"[[1, 27, 17], [1, 27, 17], [1, 0, 21], [1, 24, 14]]"
