edge_job_id,source_K_index,target_K_index,source_K_exponents,target_K_exponents,generator_index,generator,generator_exponents,generator_artifact_loaded,support_ids_bound,support_binding_count,support_bindings_sha256,ready_for_common_basis_rebase,common_basis_rebased,numeric_edge_matrix_emitted,edge_chain_map_certified,status
0,0,27,"[0,0,0,0]","[1,0,0,0]",0,e0,"[1,0,0,0]",True,True,35,b7ea8a47735070e051ae13dc06dd78501013e2ce4045c1ae90a66ac227ac926b,True,False,False,False,READY_FOR_COMMON_BASIS_REBASE
1,0,9,"[0,0,0,0]","[0,1,0,0]",1,e1,"[0,1,0,0]",True,True,31,f6db9f775c5b258e2c4a9c624d5b8b292a73dbba30ee0f995096b83b66891e18,True,False,False,False,READY_FOR_COMMON_BASIS_REBASE
2,0,3,"[0,0,0,0]","[0,0,1,0]",2,e2,"[0,0,1,0]",True,True,35,3cd8a385a41f7fb8802d9ae5519c1f7fd5f56f5a135760d3eb736a0e99668cad,True,False,False,False,READY_FOR_COMMON_BASIS_REBASE
3,0,1,"[0,0,0,0]","[0,0,0,1]",3,e3,"[0,0,0,1]",True,True,32,8811065f860d540884283b3fecf5de8bf39cf696480bf15708aada275b512658,True,False,False,False,READY_FOR_COMMON_BASIS_REBASE
4,1,28,"[0,0,0,1]","[1,0,0,1]",0,e0,"[1,0,0,0]",True,True,35,b7ea8a47735070e051ae13dc06dd78501013e2ce4045c1ae90a66ac227ac926b,True,False,False,False,READY_FOR_COMMON_BASIS_REBASE
5,1,10,"[0,0,0,1]","[0,1,0,1]",1,e1,"[0,1,0,0]",True,True,31,f6db9f775c5b258e2c4a9c624d5b8b292a73dbba30ee0f995096b83b66891e18,True,False,False,False,READY_FOR_COMMON_BASIS_REBASE
6,1,4,"[0,0,0,1]","[0,0,1,1]",2,e2,"[0,0,1,0]",True,True,35,3cd8a385a41f7fb8802d9ae5519c1f7fd5f56f5a135760d3eb736a0e99668cad,True,False,False,False,READY_FOR_COMMON_BASIS_REBASE
7,1,2,"[0,0,0,1]","[0,0,0,2]",3,e3,"[0,0,0,1]",True,True,32,8811065f860d540884283b3fecf5de8bf39cf696480bf15708aada275b512658,True,False,False,False,READY_FOR_COMMON_BASIS_REBASE
8,2,29,"[0,0,0,2]","[1,0,0,2]",0,e0,"[1,0,0,0]",True,True,35,b7ea8a47735070e051ae13dc06dd78501013e2ce4045c1ae90a66ac227ac926b,True,False,False,False,READY_FOR_COMMON_BASIS_REBASE
9,2,11,"[0,0,0,2]","[0,1,0,2]",1,e1,"[0,1,0,0]",True,True,31,f6db9f775c5b258e2c4a9c624d5b8b292a73dbba30ee0f995096b83b66891e18,True,False,False,False,READY_FOR_COMMON_BASIS_REBASE
10,2,5,"[0,0,0,2]","[0,0,1,2]",2,e2,"[0,0,1,0]",True,True,35,3cd8a385a41f7fb8802d9ae5519c1f7fd5f56f5a135760d3eb736a0e99668cad,True,False,False,False,READY_FOR_COMMON_BASIS_REBASE
11,2,0,"[0,0,0,2]","[0,0,0,0]",3,e3,"[0,0,0,1]",True,True,32,8811065f860d540884283b3fecf5de8bf39cf696480bf15708aada275b512658,True,False,False,False,READY_FOR_COMMON_BASIS_REBASE
12,3,30,"[0,0,1,0]","[1,0,1,0]",0,e0,"[1,0,0,0]",True,True,35,b7ea8a47735070e051ae13dc06dd78501013e2ce4045c1ae90a66ac227ac926b,True,False,False,False,READY_FOR_COMMON_BASIS_REBASE
13,3,12,"[0,0,1,0]","[0,1,1,0]",1,e1,"[0,1,0,0]",True,True,31,f6db9f775c5b258e2c4a9c624d5b8b292a73dbba30ee0f995096b83b66891e18,True,False,False,False,READY_FOR_COMMON_BASIS_REBASE
14,3,6,"[0,0,1,0]","[0,0,2,0]",2,e2,"[0,0,1,0]",True,True,35,3cd8a385a41f7fb8802d9ae5519c1f7fd5f56f5a135760d3eb736a0e99668cad,True,False,False,False,READY_FOR_COMMON_BASIS_REBASE
15,3,4,"[0,0,1,0]","[0,0,1,1]",3,e3,"[0,0,0,1]",True,True,32,8811065f860d540884283b3fecf5de8bf39cf696480bf15708aada275b512658,True,False,False,False,READY_FOR_COMMON_BASIS_REBASE
16,4,31,"[0,0,1,1]","[1,0,1,1]",0,e0,"[1,0,0,0]",True,True,35,b7ea8a47735070e051ae13dc06dd78501013e2ce4045c1ae90a66ac227ac926b,True,False,False,False,READY_FOR_COMMON_BASIS_REBASE
17,4,13,"[0,0,1,1]","[0,1,1,1]",1,e1,"[0,1,0,0]",True,True,31,f6db9f775c5b258e2c4a9c624d5b8b292a73dbba30ee0f995096b83b66891e18,True,False,False,False,READY_FOR_COMMON_BASIS_REBASE
18,4,7,"[0,0,1,1]","[0,0,2,1]",2,e2,"[0,0,1,0]",True,True,35,3cd8a385a41f7fb8802d9ae5519c1f7fd5f56f5a135760d3eb736a0e99668cad,True,False,False,False,READY_FOR_COMMON_BASIS_REBASE
19,4,5,"[0,0,1,1]","[0,0,1,2]",3,e3,"[0,0,0,1]",True,True,32,8811065f860d540884283b3fecf5de8bf39cf696480bf15708aada275b512658,True,False,False,False,READY_FOR_COMMON_BASIS_REBASE
20,5,32,"[0,0,1,2]","[1,0,1,2]",0,e0,"[1,0,0,0]",True,True,35,b7ea8a47735070e051ae13dc06dd78501013e2ce4045c1ae90a66ac227ac926b,True,False,False,False,READY_FOR_COMMON_BASIS_REBASE
21,5,14,"[0,0,1,2]","[0,1,1,2]",1,e1,"[0,1,0,0]",True,True,31,f6db9f775c5b258e2c4a9c624d5b8b292a73dbba30ee0f995096b83b66891e18,True,False,False,False,READY_FOR_COMMON_BASIS_REBASE
22,5,8,"[0,0,1,2]","[0,0,2,2]",2,e2,"[0,0,1,0]",True,True,35,3cd8a385a41f7fb8802d9ae5519c1f7fd5f56f5a135760d3eb736a0e99668cad,True,False,False,False,READY_FOR_COMMON_BASIS_REBASE
23,5,3,"[0,0,1,2]","[0,0,1,0]",3,e3,"[0,0,0,1]",True,True,32,8811065f860d540884283b3fecf5de8bf39cf696480bf15708aada275b512658,True,False,False,False,READY_FOR_COMMON_BASIS_REBASE
24,6,33,"[0,0,2,0]","[1,0,2,0]",0,e0,"[1,0,0,0]",True,True,35,b7ea8a47735070e051ae13dc06dd78501013e2ce4045c1ae90a66ac227ac926b,True,False,False,False,READY_FOR_COMMON_BASIS_REBASE
25,6,15,"[0,0,2,0]","[0,1,2,0]",1,e1,"[0,1,0,0]",True,True,31,f6db9f775c5b258e2c4a9c624d5b8b292a73dbba30ee0f995096b83b66891e18,True,False,False,False,READY_FOR_COMMON_BASIS_REBASE
26,6,0,"[0,0,2,0]","[0,0,0,0]",2,e2,"[0,0,1,0]",True,True,35,3cd8a385a41f7fb8802d9ae5519c1f7fd5f56f5a135760d3eb736a0e99668cad,True,False,False,False,READY_FOR_COMMON_BASIS_REBASE
27,6,7,"[0,0,2,0]","[0,0,2,1]",3,e3,"[0,0,0,1]",True,True,32,8811065f860d540884283b3fecf5de8bf39cf696480bf15708aada275b512658,True,False,False,False,READY_FOR_COMMON_BASIS_REBASE
28,7,34,"[0,0,2,1]","[1,0,2,1]",0,e0,"[1,0,0,0]",True,True,35,b7ea8a47735070e051ae13dc06dd78501013e2ce4045c1ae90a66ac227ac926b,True,False,False,False,READY_FOR_COMMON_BASIS_REBASE
29,7,16,"[0,0,2,1]","[0,1,2,1]",1,e1,"[0,1,0,0]",True,True,31,f6db9f775c5b258e2c4a9c624d5b8b292a73dbba30ee0f995096b83b66891e18,True,False,False,False,READY_FOR_COMMON_BASIS_REBASE
30,7,1,"[0,0,2,1]","[0,0,0,1]",2,e2,"[0,0,1,0]",True,True,35,3cd8a385a41f7fb8802d9ae5519c1f7fd5f56f5a135760d3eb736a0e99668cad,True,False,False,False,READY_FOR_COMMON_BASIS_REBASE
31,7,8,"[0,0,2,1]","[0,0,2,2]",3,e3,"[0,0,0,1]",True,True,32,8811065f860d540884283b3fecf5de8bf39cf696480bf15708aada275b512658,True,False,False,False,READY_FOR_COMMON_BASIS_REBASE
32,8,35,"[0,0,2,2]","[1,0,2,2]",0,e0,"[1,0,0,0]",True,True,35,b7ea8a47735070e051ae13dc06dd78501013e2ce4045c1ae90a66ac227ac926b,True,False,False,False,READY_FOR_COMMON_BASIS_REBASE
33,8,17,"[0,0,2,2]","[0,1,2,2]",1,e1,"[0,1,0,0]",True,True,31,f6db9f775c5b258e2c4a9c624d5b8b292a73dbba30ee0f995096b83b66891e18,True,False,False,False,READY_FOR_COMMON_BASIS_REBASE
34,8,2,"[0,0,2,2]","[0,0,0,2]",2,e2,"[0,0,1,0]",True,True,35,3cd8a385a41f7fb8802d9ae5519c1f7fd5f56f5a135760d3eb736a0e99668cad,True,False,False,False,READY_FOR_COMMON_BASIS_REBASE
35,8,6,"[0,0,2,2]","[0,0,2,0]",3,e3,"[0,0,0,1]",True,True,32,8811065f860d540884283b3fecf5de8bf39cf696480bf15708aada275b512658,True,False,False,False,READY_FOR_COMMON_BASIS_REBASE
36,9,36,"[0,1,0,0]","[1,1,0,0]",0,e0,"[1,0,0,0]",True,True,35,b7ea8a47735070e051ae13dc06dd78501013e2ce4045c1ae90a66ac227ac926b,True,False,False,False,READY_FOR_COMMON_BASIS_REBASE
37,9,18,"[0,1,0,0]","[0,2,0,0]",1,e1,"[0,1,0,0]",True,True,31,f6db9f775c5b258e2c4a9c624d5b8b292a73dbba30ee0f995096b83b66891e18,True,False,False,False,READY_FOR_COMMON_BASIS_REBASE
38,9,12,"[0,1,0,0]","[0,1,1,0]",2,e2,"[0,0,1,0]",True,True,35,3cd8a385a41f7fb8802d9ae5519c1f7fd5f56f5a135760d3eb736a0e99668cad,True,False,False,False,READY_FOR_COMMON_BASIS_REBASE
39,9,10,"[0,1,0,0]","[0,1,0,1]",3,e3,"[0,0,0,1]",True,True,32,8811065f860d540884283b3fecf5de8bf39cf696480bf15708aada275b512658,True,False,False,False,READY_FOR_COMMON_BASIS_REBASE
40,10,37,"[0,1,0,1]","[1,1,0,1]",0,e0,"[1,0,0,0]",True,True,35,b7ea8a47735070e051ae13dc06dd78501013e2ce4045c1ae90a66ac227ac926b,True,False,False,False,READY_FOR_COMMON_BASIS_REBASE
41,10,19,"[0,1,0,1]","[0,2,0,1]",1,e1,"[0,1,0,0]",True,True,31,f6db9f775c5b258e2c4a9c624d5b8b292a73dbba30ee0f995096b83b66891e18,True,False,False,False,READY_FOR_COMMON_BASIS_REBASE
42,10,13,"[0,1,0,1]","[0,1,1,1]",2,e2,"[0,0,1,0]",True,True,35,3cd8a385a41f7fb8802d9ae5519c1f7fd5f56f5a135760d3eb736a0e99668cad,True,False,False,False,READY_FOR_COMMON_BASIS_REBASE
43,10,11,"[0,1,0,1]","[0,1,0,2]",3,e3,"[0,0,0,1]",True,True,32,8811065f860d540884283b3fecf5de8bf39cf696480bf15708aada275b512658,True,False,False,False,READY_FOR_COMMON_BASIS_REBASE
44,11,38,"[0,1,0,2]","[1,1,0,2]",0,e0,"[1,0,0,0]",True,True,35,b7ea8a47735070e051ae13dc06dd78501013e2ce4045c1ae90a66ac227ac926b,True,False,False,False,READY_FOR_COMMON_BASIS_REBASE
45,11,20,"[0,1,0,2]","[0,2,0,2]",1,e1,"[0,1,0,0]",True,True,31,f6db9f775c5b258e2c4a9c624d5b8b292a73dbba30ee0f995096b83b66891e18,True,False,False,False,READY_FOR_COMMON_BASIS_REBASE
46,11,14,"[0,1,0,2]","[0,1,1,2]",2,e2,"[0,0,1,0]",True,True,35,3cd8a385a41f7fb8802d9ae5519c1f7fd5f56f5a135760d3eb736a0e99668cad,True,False,False,False,READY_FOR_COMMON_BASIS_REBASE
47,11,9,"[0,1,0,2]","[0,1,0,0]",3,e3,"[0,0,0,1]",True,True,32,8811065f860d540884283b3fecf5de8bf39cf696480bf15708aada275b512658,True,False,False,False,READY_FOR_COMMON_BASIS_REBASE
48,12,39,"[0,1,1,0]","[1,1,1,0]",0,e0,"[1,0,0,0]",True,True,35,b7ea8a47735070e051ae13dc06dd78501013e2ce4045c1ae90a66ac227ac926b,True,False,False,False,READY_FOR_COMMON_BASIS_REBASE
49,12,21,"[0,1,1,0]","[0,2,1,0]",1,e1,"[0,1,0,0]",True,True,31,f6db9f775c5b258e2c4a9c624d5b8b292a73dbba30ee0f995096b83b66891e18,True,False,False,False,READY_FOR_COMMON_BASIS_REBASE
50,12,15,"[0,1,1,0]","[0,1,2,0]",2,e2,"[0,0,1,0]",True,True,35,3cd8a385a41f7fb8802d9ae5519c1f7fd5f56f5a135760d3eb736a0e99668cad,True,False,False,False,READY_FOR_COMMON_BASIS_REBASE
51,12,13,"[0,1,1,0]","[0,1,1,1]",3,e3,"[0,0,0,1]",True,True,32,8811065f860d540884283b3fecf5de8bf39cf696480bf15708aada275b512658,True,False,False,False,READY_FOR_COMMON_BASIS_REBASE
52,13,40,"[0,1,1,1]","[1,1,1,1]",0,e0,"[1,0,0,0]",True,True,35,b7ea8a47735070e051ae13dc06dd78501013e2ce4045c1ae90a66ac227ac926b,True,False,False,False,READY_FOR_COMMON_BASIS_REBASE
53,13,22,"[0,1,1,1]","[0,2,1,1]",1,e1,"[0,1,0,0]",True,True,31,f6db9f775c5b258e2c4a9c624d5b8b292a73dbba30ee0f995096b83b66891e18,True,False,False,False,READY_FOR_COMMON_BASIS_REBASE
54,13,16,"[0,1,1,1]","[0,1,2,1]",2,e2,"[0,0,1,0]",True,True,35,3cd8a385a41f7fb8802d9ae5519c1f7fd5f56f5a135760d3eb736a0e99668cad,True,False,False,False,READY_FOR_COMMON_BASIS_REBASE
55,13,14,"[0,1,1,1]","[0,1,1,2]",3,e3,"[0,0,0,1]",True,True,32,8811065f860d540884283b3fecf5de8bf39cf696480bf15708aada275b512658,True,False,False,False,READY_FOR_COMMON_BASIS_REBASE
56,14,41,"[0,1,1,2]","[1,1,1,2]",0,e0,"[1,0,0,0]",True,True,35,b7ea8a47735070e051ae13dc06dd78501013e2ce4045c1ae90a66ac227ac926b,True,False,False,False,READY_FOR_COMMON_BASIS_REBASE
57,14,23,"[0,1,1,2]","[0,2,1,2]",1,e1,"[0,1,0,0]",True,True,31,f6db9f775c5b258e2c4a9c624d5b8b292a73dbba30ee0f995096b83b66891e18,True,False,False,False,READY_FOR_COMMON_BASIS_REBASE
58,14,17,"[0,1,1,2]","[0,1,2,2]",2,e2,"[0,0,1,0]",True,True,35,3cd8a385a41f7fb8802d9ae5519c1f7fd5f56f5a135760d3eb736a0e99668cad,True,False,False,False,READY_FOR_COMMON_BASIS_REBASE
59,14,12,"[0,1,1,2]","[0,1,1,0]",3,e3,"[0,0,0,1]",True,True,32,8811065f860d540884283b3fecf5de8bf39cf696480bf15708aada275b512658,True,False,False,False,READY_FOR_COMMON_BASIS_REBASE
60,15,42,"[0,1,2,0]","[1,1,2,0]",0,e0,"[1,0,0,0]",True,True,35,b7ea8a47735070e051ae13dc06dd78501013e2ce4045c1ae90a66ac227ac926b,True,False,False,False,READY_FOR_COMMON_BASIS_REBASE
61,15,24,"[0,1,2,0]","[0,2,2,0]",1,e1,"[0,1,0,0]",True,True,31,f6db9f775c5b258e2c4a9c624d5b8b292a73dbba30ee0f995096b83b66891e18,True,False,False,False,READY_FOR_COMMON_BASIS_REBASE
62,15,9,"[0,1,2,0]","[0,1,0,0]",2,e2,"[0,0,1,0]",True,True,35,3cd8a385a41f7fb8802d9ae5519c1f7fd5f56f5a135760d3eb736a0e99668cad,True,False,False,False,READY_FOR_COMMON_BASIS_REBASE
63,15,16,"[0,1,2,0]","[0,1,2,1]",3,e3,"[0,0,0,1]",True,True,32,8811065f860d540884283b3fecf5de8bf39cf696480bf15708aada275b512658,True,False,False,False,READY_FOR_COMMON_BASIS_REBASE
64,16,43,"[0,1,2,1]","[1,1,2,1]",0,e0,"[1,0,0,0]",True,True,35,b7ea8a47735070e051ae13dc06dd78501013e2ce4045c1ae90a66ac227ac926b,True,False,False,False,READY_FOR_COMMON_BASIS_REBASE
65,16,25,"[0,1,2,1]","[0,2,2,1]",1,e1,"[0,1,0,0]",True,True,31,f6db9f775c5b258e2c4a9c624d5b8b292a73dbba30ee0f995096b83b66891e18,True,False,False,False,READY_FOR_COMMON_BASIS_REBASE
66,16,10,"[0,1,2,1]","[0,1,0,1]",2,e2,"[0,0,1,0]",True,True,35,3cd8a385a41f7fb8802d9ae5519c1f7fd5f56f5a135760d3eb736a0e99668cad,True,False,False,False,READY_FOR_COMMON_BASIS_REBASE
67,16,17,"[0,1,2,1]","[0,1,2,2]",3,e3,"[0,0,0,1]",True,True,32,8811065f860d540884283b3fecf5de8bf39cf696480bf15708aada275b512658,True,False,False,False,READY_FOR_COMMON_BASIS_REBASE
68,17,44,"[0,1,2,2]","[1,1,2,2]",0,e0,"[1,0,0,0]",True,True,35,b7ea8a47735070e051ae13dc06dd78501013e2ce4045c1ae90a66ac227ac926b,True,False,False,False,READY_FOR_COMMON_BASIS_REBASE
69,17,26,"[0,1,2,2]","[0,2,2,2]",1,e1,"[0,1,0,0]",True,True,31,f6db9f775c5b258e2c4a9c624d5b8b292a73dbba30ee0f995096b83b66891e18,True,False,False,False,READY_FOR_COMMON_BASIS_REBASE
70,17,11,"[0,1,2,2]","[0,1,0,2]",2,e2,"[0,0,1,0]",True,True,35,3cd8a385a41f7fb8802d9ae5519c1f7fd5f56f5a135760d3eb736a0e99668cad,True,False,False,False,READY_FOR_COMMON_BASIS_REBASE
71,17,15,"[0,1,2,2]","[0,1,2,0]",3,e3,"[0,0,0,1]",True,True,32,8811065f860d540884283b3fecf5de8bf39cf696480bf15708aada275b512658,True,False,False,False,READY_FOR_COMMON_BASIS_REBASE
72,18,45,"[0,2,0,0]","[1,2,0,0]",0,e0,"[1,0,0,0]",True,True,35,b7ea8a47735070e051ae13dc06dd78501013e2ce4045c1ae90a66ac227ac926b,True,False,False,False,READY_FOR_COMMON_BASIS_REBASE
73,18,0,"[0,2,0,0]","[0,0,0,0]",1,e1,"[0,1,0,0]",True,True,31,f6db9f775c5b258e2c4a9c624d5b8b292a73dbba30ee0f995096b83b66891e18,True,False,False,False,READY_FOR_COMMON_BASIS_REBASE
74,18,21,"[0,2,0,0]","[0,2,1,0]",2,e2,"[0,0,1,0]",True,True,35,3cd8a385a41f7fb8802d9ae5519c1f7fd5f56f5a135760d3eb736a0e99668cad,True,False,False,False,READY_FOR_COMMON_BASIS_REBASE
75,18,19,"[0,2,0,0]","[0,2,0,1]",3,e3,"[0,0,0,1]",True,True,32,8811065f860d540884283b3fecf5de8bf39cf696480bf15708aada275b512658,True,False,False,False,READY_FOR_COMMON_BASIS_REBASE
76,19,46,"[0,2,0,1]","[1,2,0,1]",0,e0,"[1,0,0,0]",True,True,35,b7ea8a47735070e051ae13dc06dd78501013e2ce4045c1ae90a66ac227ac926b,True,False,False,False,READY_FOR_COMMON_BASIS_REBASE
77,19,1,"[0,2,0,1]","[0,0,0,1]",1,e1,"[0,1,0,0]",True,True,31,f6db9f775c5b258e2c4a9c624d5b8b292a73dbba30ee0f995096b83b66891e18,True,False,False,False,READY_FOR_COMMON_BASIS_REBASE
78,19,22,"[0,2,0,1]","[0,2,1,1]",2,e2,"[0,0,1,0]",True,True,35,3cd8a385a41f7fb8802d9ae5519c1f7fd5f56f5a135760d3eb736a0e99668cad,True,False,False,False,READY_FOR_COMMON_BASIS_REBASE
79,19,20,"[0,2,0,1]","[0,2,0,2]",3,e3,"[0,0,0,1]",True,True,32,8811065f860d540884283b3fecf5de8bf39cf696480bf15708aada275b512658,True,False,False,False,READY_FOR_COMMON_BASIS_REBASE
80,20,47,"[0,2,0,2]","[1,2,0,2]",0,e0,"[1,0,0,0]",True,True,35,b7ea8a47735070e051ae13dc06dd78501013e2ce4045c1ae90a66ac227ac926b,True,False,False,False,READY_FOR_COMMON_BASIS_REBASE
81,20,2,"[0,2,0,2]","[0,0,0,2]",1,e1,"[0,1,0,0]",True,True,31,f6db9f775c5b258e2c4a9c624d5b8b292a73dbba30ee0f995096b83b66891e18,True,False,False,False,READY_FOR_COMMON_BASIS_REBASE
82,20,23,"[0,2,0,2]","[0,2,1,2]",2,e2,"[0,0,1,0]",True,True,35,3cd8a385a41f7fb8802d9ae5519c1f7fd5f56f5a135760d3eb736a0e99668cad,True,False,False,False,READY_FOR_COMMON_BASIS_REBASE
83,20,18,"[0,2,0,2]","[0,2,0,0]",3,e3,"[0,0,0,1]",True,True,32,8811065f860d540884283b3fecf5de8bf39cf696480bf15708aada275b512658,True,False,False,False,READY_FOR_COMMON_BASIS_REBASE
84,21,48,"[0,2,1,0]","[1,2,1,0]",0,e0,"[1,0,0,0]",True,True,35,b7ea8a47735070e051ae13dc06dd78501013e2ce4045c1ae90a66ac227ac926b,True,False,False,False,READY_FOR_COMMON_BASIS_REBASE
85,21,3,"[0,2,1,0]","[0,0,1,0]",1,e1,"[0,1,0,0]",True,True,31,f6db9f775c5b258e2c4a9c624d5b8b292a73dbba30ee0f995096b83b66891e18,True,False,False,False,READY_FOR_COMMON_BASIS_REBASE
86,21,24,"[0,2,1,0]","[0,2,2,0]",2,e2,"[0,0,1,0]",True,True,35,3cd8a385a41f7fb8802d9ae5519c1f7fd5f56f5a135760d3eb736a0e99668cad,True,False,False,False,READY_FOR_COMMON_BASIS_REBASE
87,21,22,"[0,2,1,0]","[0,2,1,1]",3,e3,"[0,0,0,1]",True,True,32,8811065f860d540884283b3fecf5de8bf39cf696480bf15708aada275b512658,True,False,False,False,READY_FOR_COMMON_BASIS_REBASE
88,22,49,"[0,2,1,1]","[1,2,1,1]",0,e0,"[1,0,0,0]",True,True,35,b7ea8a47735070e051ae13dc06dd78501013e2ce4045c1ae90a66ac227ac926b,True,False,False,False,READY_FOR_COMMON_BASIS_REBASE
89,22,4,"[0,2,1,1]","[0,0,1,1]",1,e1,"[0,1,0,0]",True,True,31,f6db9f775c5b258e2c4a9c624d5b8b292a73dbba30ee0f995096b83b66891e18,True,False,False,False,READY_FOR_COMMON_BASIS_REBASE
90,22,25,"[0,2,1,1]","[0,2,2,1]",2,e2,"[0,0,1,0]",True,True,35,3cd8a385a41f7fb8802d9ae5519c1f7fd5f56f5a135760d3eb736a0e99668cad,True,False,False,False,READY_FOR_COMMON_BASIS_REBASE
91,22,23,"[0,2,1,1]","[0,2,1,2]",3,e3,"[0,0,0,1]",True,True,32,8811065f860d540884283b3fecf5de8bf39cf696480bf15708aada275b512658,True,False,False,False,READY_FOR_COMMON_BASIS_REBASE
92,23,50,"[0,2,1,2]","[1,2,1,2]",0,e0,"[1,0,0,0]",True,True,35,b7ea8a47735070e051ae13dc06dd78501013e2ce4045c1ae90a66ac227ac926b,True,False,False,False,READY_FOR_COMMON_BASIS_REBASE
93,23,5,"[0,2,1,2]","[0,0,1,2]",1,e1,"[0,1,0,0]",True,True,31,f6db9f775c5b258e2c4a9c624d5b8b292a73dbba30ee0f995096b83b66891e18,True,False,False,False,READY_FOR_COMMON_BASIS_REBASE
94,23,26,"[0,2,1,2]","[0,2,2,2]",2,e2,"[0,0,1,0]",True,True,35,3cd8a385a41f7fb8802d9ae5519c1f7fd5f56f5a135760d3eb736a0e99668cad,True,False,False,False,READY_FOR_COMMON_BASIS_REBASE
95,23,21,"[0,2,1,2]","[0,2,1,0]",3,e3,"[0,0,0,1]",True,True,32,8811065f860d540884283b3fecf5de8bf39cf696480bf15708aada275b512658,True,False,False,False,READY_FOR_COMMON_BASIS_REBASE
96,24,51,"[0,2,2,0]","[1,2,2,0]",0,e0,"[1,0,0,0]",True,True,35,b7ea8a47735070e051ae13dc06dd78501013e2ce4045c1ae90a66ac227ac926b,True,False,False,False,READY_FOR_COMMON_BASIS_REBASE
97,24,6,"[0,2,2,0]","[0,0,2,0]",1,e1,"[0,1,0,0]",True,True,31,f6db9f775c5b258e2c4a9c624d5b8b292a73dbba30ee0f995096b83b66891e18,True,False,False,False,READY_FOR_COMMON_BASIS_REBASE
98,24,18,"[0,2,2,0]","[0,2,0,0]",2,e2,"[0,0,1,0]",True,True,35,3cd8a385a41f7fb8802d9ae5519c1f7fd5f56f5a135760d3eb736a0e99668cad,True,False,False,False,READY_FOR_COMMON_BASIS_REBASE
99,24,25,"[0,2,2,0]","[0,2,2,1]",3,e3,"[0,0,0,1]",True,True,32,8811065f860d540884283b3fecf5de8bf39cf696480bf15708aada275b512658,True,False,False,False,READY_FOR_COMMON_BASIS_REBASE
100,25,52,"[0,2,2,1]","[1,2,2,1]",0,e0,"[1,0,0,0]",True,True,35,b7ea8a47735070e051ae13dc06dd78501013e2ce4045c1ae90a66ac227ac926b,True,False,False,False,READY_FOR_COMMON_BASIS_REBASE
101,25,7,"[0,2,2,1]","[0,0,2,1]",1,e1,"[0,1,0,0]",True,True,31,f6db9f775c5b258e2c4a9c624d5b8b292a73dbba30ee0f995096b83b66891e18,True,False,False,False,READY_FOR_COMMON_BASIS_REBASE
102,25,19,"[0,2,2,1]","[0,2,0,1]",2,e2,"[0,0,1,0]",True,True,35,3cd8a385a41f7fb8802d9ae5519c1f7fd5f56f5a135760d3eb736a0e99668cad,True,False,False,False,READY_FOR_COMMON_BASIS_REBASE
103,25,26,"[0,2,2,1]","[0,2,2,2]",3,e3,"[0,0,0,1]",True,True,32,8811065f860d540884283b3fecf5de8bf39cf696480bf15708aada275b512658,True,False,False,False,READY_FOR_COMMON_BASIS_REBASE
104,26,53,"[0,2,2,2]","[1,2,2,2]",0,e0,"[1,0,0,0]",True,True,35,b7ea8a47735070e051ae13dc06dd78501013e2ce4045c1ae90a66ac227ac926b,True,False,False,False,READY_FOR_COMMON_BASIS_REBASE
105,26,8,"[0,2,2,2]","[0,0,2,2]",1,e1,"[0,1,0,0]",True,True,31,f6db9f775c5b258e2c4a9c624d5b8b292a73dbba30ee0f995096b83b66891e18,True,False,False,False,READY_FOR_COMMON_BASIS_REBASE
106,26,20,"[0,2,2,2]","[0,2,0,2]",2,e2,"[0,0,1,0]",True,True,35,3cd8a385a41f7fb8802d9ae5519c1f7fd5f56f5a135760d3eb736a0e99668cad,True,False,False,False,READY_FOR_COMMON_BASIS_REBASE
107,26,24,"[0,2,2,2]","[0,2,2,0]",3,e3,"[0,0,0,1]",True,True,32,8811065f860d540884283b3fecf5de8bf39cf696480bf15708aada275b512658,True,False,False,False,READY_FOR_COMMON_BASIS_REBASE
108,27,54,"[1,0,0,0]","[2,0,0,0]",0,e0,"[1,0,0,0]",True,True,35,b7ea8a47735070e051ae13dc06dd78501013e2ce4045c1ae90a66ac227ac926b,True,False,False,False,READY_FOR_COMMON_BASIS_REBASE
109,27,36,"[1,0,0,0]","[1,1,0,0]",1,e1,"[0,1,0,0]",True,True,31,f6db9f775c5b258e2c4a9c624d5b8b292a73dbba30ee0f995096b83b66891e18,True,False,False,False,READY_FOR_COMMON_BASIS_REBASE
110,27,30,"[1,0,0,0]","[1,0,1,0]",2,e2,"[0,0,1,0]",True,True,35,3cd8a385a41f7fb8802d9ae5519c1f7fd5f56f5a135760d3eb736a0e99668cad,True,False,False,False,READY_FOR_COMMON_BASIS_REBASE
111,27,28,"[1,0,0,0]","[1,0,0,1]",3,e3,"[0,0,0,1]",True,True,32,8811065f860d540884283b3fecf5de8bf39cf696480bf15708aada275b512658,True,False,False,False,READY_FOR_COMMON_BASIS_REBASE
112,28,55,"[1,0,0,1]","[2,0,0,1]",0,e0,"[1,0,0,0]",True,True,35,b7ea8a47735070e051ae13dc06dd78501013e2ce4045c1ae90a66ac227ac926b,True,False,False,False,READY_FOR_COMMON_BASIS_REBASE
113,28,37,"[1,0,0,1]","[1,1,0,1]",1,e1,"[0,1,0,0]",True,True,31,f6db9f775c5b258e2c4a9c624d5b8b292a73dbba30ee0f995096b83b66891e18,True,False,False,False,READY_FOR_COMMON_BASIS_REBASE
114,28,31,"[1,0,0,1]","[1,0,1,1]",2,e2,"[0,0,1,0]",True,True,35,3cd8a385a41f7fb8802d9ae5519c1f7fd5f56f5a135760d3eb736a0e99668cad,True,False,False,False,READY_FOR_COMMON_BASIS_REBASE
115,28,29,"[1,0,0,1]","[1,0,0,2]",3,e3,"[0,0,0,1]",True,True,32,8811065f860d540884283b3fecf5de8bf39cf696480bf15708aada275b512658,True,False,False,False,READY_FOR_COMMON_BASIS_REBASE
116,29,56,"[1,0,0,2]","[2,0,0,2]",0,e0,"[1,0,0,0]",True,True,35,b7ea8a47735070e051ae13dc06dd78501013e2ce4045c1ae90a66ac227ac926b,True,False,False,False,READY_FOR_COMMON_BASIS_REBASE
117,29,38,"[1,0,0,2]","[1,1,0,2]",1,e1,"[0,1,0,0]",True,True,31,f6db9f775c5b258e2c4a9c624d5b8b292a73dbba30ee0f995096b83b66891e18,True,False,False,False,READY_FOR_COMMON_BASIS_REBASE
118,29,32,"[1,0,0,2]","[1,0,1,2]",2,e2,"[0,0,1,0]",True,True,35,3cd8a385a41f7fb8802d9ae5519c1f7fd5f56f5a135760d3eb736a0e99668cad,True,False,False,False,READY_FOR_COMMON_BASIS_REBASE
119,29,27,"[1,0,0,2]","[1,0,0,0]",3,e3,"[0,0,0,1]",True,True,32,8811065f860d540884283b3fecf5de8bf39cf696480bf15708aada275b512658,True,False,False,False,READY_FOR_COMMON_BASIS_REBASE
120,30,57,"[1,0,1,0]","[2,0,1,0]",0,e0,"[1,0,0,0]",True,True,35,b7ea8a47735070e051ae13dc06dd78501013e2ce4045c1ae90a66ac227ac926b,True,False,False,False,READY_FOR_COMMON_BASIS_REBASE
121,30,39,"[1,0,1,0]","[1,1,1,0]",1,e1,"[0,1,0,0]",True,True,31,f6db9f775c5b258e2c4a9c624d5b8b292a73dbba30ee0f995096b83b66891e18,True,False,False,False,READY_FOR_COMMON_BASIS_REBASE
122,30,33,"[1,0,1,0]","[1,0,2,0]",2,e2,"[0,0,1,0]",True,True,35,3cd8a385a41f7fb8802d9ae5519c1f7fd5f56f5a135760d3eb736a0e99668cad,True,False,False,False,READY_FOR_COMMON_BASIS_REBASE
123,30,31,"[1,0,1,0]","[1,0,1,1]",3,e3,"[0,0,0,1]",True,True,32,8811065f860d540884283b3fecf5de8bf39cf696480bf15708aada275b512658,True,False,False,False,READY_FOR_COMMON_BASIS_REBASE
124,31,58,"[1,0,1,1]","[2,0,1,1]",0,e0,"[1,0,0,0]",True,True,35,b7ea8a47735070e051ae13dc06dd78501013e2ce4045c1ae90a66ac227ac926b,True,False,False,False,READY_FOR_COMMON_BASIS_REBASE
125,31,40,"[1,0,1,1]","[1,1,1,1]",1,e1,"[0,1,0,0]",True,True,31,f6db9f775c5b258e2c4a9c624d5b8b292a73dbba30ee0f995096b83b66891e18,True,False,False,False,READY_FOR_COMMON_BASIS_REBASE
126,31,34,"[1,0,1,1]","[1,0,2,1]",2,e2,"[0,0,1,0]",True,True,35,3cd8a385a41f7fb8802d9ae5519c1f7fd5f56f5a135760d3eb736a0e99668cad,True,False,False,False,READY_FOR_COMMON_BASIS_REBASE
127,31,32,"[1,0,1,1]","[1,0,1,2]",3,e3,"[0,0,0,1]",True,True,32,8811065f860d540884283b3fecf5de8bf39cf696480bf15708aada275b512658,True,False,False,False,READY_FOR_COMMON_BASIS_REBASE
128,32,59,"[1,0,1,2]","[2,0,1,2]",0,e0,"[1,0,0,0]",True,True,35,b7ea8a47735070e051ae13dc06dd78501013e2ce4045c1ae90a66ac227ac926b,True,False,False,False,READY_FOR_COMMON_BASIS_REBASE
129,32,41,"[1,0,1,2]","[1,1,1,2]",1,e1,"[0,1,0,0]",True,True,31,f6db9f775c5b258e2c4a9c624d5b8b292a73dbba30ee0f995096b83b66891e18,True,False,False,False,READY_FOR_COMMON_BASIS_REBASE
130,32,35,"[1,0,1,2]","[1,0,2,2]",2,e2,"[0,0,1,0]",True,True,35,3cd8a385a41f7fb8802d9ae5519c1f7fd5f56f5a135760d3eb736a0e99668cad,True,False,False,False,READY_FOR_COMMON_BASIS_REBASE
131,32,30,"[1,0,1,2]","[1,0,1,0]",3,e3,"[0,0,0,1]",True,True,32,8811065f860d540884283b3fecf5de8bf39cf696480bf15708aada275b512658,True,False,False,False,READY_FOR_COMMON_BASIS_REBASE
132,33,60,"[1,0,2,0]","[2,0,2,0]",0,e0,"[1,0,0,0]",True,True,35,b7ea8a47735070e051ae13dc06dd78501013e2ce4045c1ae90a66ac227ac926b,True,False,False,False,READY_FOR_COMMON_BASIS_REBASE
133,33,42,"[1,0,2,0]","[1,1,2,0]",1,e1,"[0,1,0,0]",True,True,31,f6db9f775c5b258e2c4a9c624d5b8b292a73dbba30ee0f995096b83b66891e18,True,False,False,False,READY_FOR_COMMON_BASIS_REBASE
134,33,27,"[1,0,2,0]","[1,0,0,0]",2,e2,"[0,0,1,0]",True,True,35,3cd8a385a41f7fb8802d9ae5519c1f7fd5f56f5a135760d3eb736a0e99668cad,True,False,False,False,READY_FOR_COMMON_BASIS_REBASE
135,33,34,"[1,0,2,0]","[1,0,2,1]",3,e3,"[0,0,0,1]",True,True,32,8811065f860d540884283b3fecf5de8bf39cf696480bf15708aada275b512658,True,False,False,False,READY_FOR_COMMON_BASIS_REBASE
136,34,61,"[1,0,2,1]","[2,0,2,1]",0,e0,"[1,0,0,0]",True,True,35,b7ea8a47735070e051ae13dc06dd78501013e2ce4045c1ae90a66ac227ac926b,True,False,False,False,READY_FOR_COMMON_BASIS_REBASE
137,34,43,"[1,0,2,1]","[1,1,2,1]",1,e1,"[0,1,0,0]",True,True,31,f6db9f775c5b258e2c4a9c624d5b8b292a73dbba30ee0f995096b83b66891e18,True,False,False,False,READY_FOR_COMMON_BASIS_REBASE
138,34,28,"[1,0,2,1]","[1,0,0,1]",2,e2,"[0,0,1,0]",True,True,35,3cd8a385a41f7fb8802d9ae5519c1f7fd5f56f5a135760d3eb736a0e99668cad,True,False,False,False,READY_FOR_COMMON_BASIS_REBASE
139,34,35,"[1,0,2,1]","[1,0,2,2]",3,e3,"[0,0,0,1]",True,True,32,8811065f860d540884283b3fecf5de8bf39cf696480bf15708aada275b512658,True,False,False,False,READY_FOR_COMMON_BASIS_REBASE
140,35,62,"[1,0,2,2]","[2,0,2,2]",0,e0,"[1,0,0,0]",True,True,35,b7ea8a47735070e051ae13dc06dd78501013e2ce4045c1ae90a66ac227ac926b,True,False,False,False,READY_FOR_COMMON_BASIS_REBASE
141,35,44,"[1,0,2,2]","[1,1,2,2]",1,e1,"[0,1,0,0]",True,True,31,f6db9f775c5b258e2c4a9c624d5b8b292a73dbba30ee0f995096b83b66891e18,True,False,False,False,READY_FOR_COMMON_BASIS_REBASE
142,35,29,"[1,0,2,2]","[1,0,0,2]",2,e2,"[0,0,1,0]",True,True,35,3cd8a385a41f7fb8802d9ae5519c1f7fd5f56f5a135760d3eb736a0e99668cad,True,False,False,False,READY_FOR_COMMON_BASIS_REBASE
143,35,33,"[1,0,2,2]","[1,0,2,0]",3,e3,"[0,0,0,1]",True,True,32,8811065f860d540884283b3fecf5de8bf39cf696480bf15708aada275b512658,True,False,False,False,READY_FOR_COMMON_BASIS_REBASE
144,36,63,"[1,1,0,0]","[2,1,0,0]",0,e0,"[1,0,0,0]",True,True,35,b7ea8a47735070e051ae13dc06dd78501013e2ce4045c1ae90a66ac227ac926b,True,False,False,False,READY_FOR_COMMON_BASIS_REBASE
145,36,45,"[1,1,0,0]","[1,2,0,0]",1,e1,"[0,1,0,0]",True,True,31,f6db9f775c5b258e2c4a9c624d5b8b292a73dbba30ee0f995096b83b66891e18,True,False,False,False,READY_FOR_COMMON_BASIS_REBASE
146,36,39,"[1,1,0,0]","[1,1,1,0]",2,e2,"[0,0,1,0]",True,True,35,3cd8a385a41f7fb8802d9ae5519c1f7fd5f56f5a135760d3eb736a0e99668cad,True,False,False,False,READY_FOR_COMMON_BASIS_REBASE
147,36,37,"[1,1,0,0]","[1,1,0,1]",3,e3,"[0,0,0,1]",True,True,32,8811065f860d540884283b3fecf5de8bf39cf696480bf15708aada275b512658,True,False,False,False,READY_FOR_COMMON_BASIS_REBASE
148,37,64,"[1,1,0,1]","[2,1,0,1]",0,e0,"[1,0,0,0]",True,True,35,b7ea8a47735070e051ae13dc06dd78501013e2ce4045c1ae90a66ac227ac926b,True,False,False,False,READY_FOR_COMMON_BASIS_REBASE
149,37,46,"[1,1,0,1]","[1,2,0,1]",1,e1,"[0,1,0,0]",True,True,31,f6db9f775c5b258e2c4a9c624d5b8b292a73dbba30ee0f995096b83b66891e18,True,False,False,False,READY_FOR_COMMON_BASIS_REBASE
150,37,40,"[1,1,0,1]","[1,1,1,1]",2,e2,"[0,0,1,0]",True,True,35,3cd8a385a41f7fb8802d9ae5519c1f7fd5f56f5a135760d3eb736a0e99668cad,True,False,False,False,READY_FOR_COMMON_BASIS_REBASE
151,37,38,"[1,1,0,1]","[1,1,0,2]",3,e3,"[0,0,0,1]",True,True,32,8811065f860d540884283b3fecf5de8bf39cf696480bf15708aada275b512658,True,False,False,False,READY_FOR_COMMON_BASIS_REBASE
152,38,65,"[1,1,0,2]","[2,1,0,2]",0,e0,"[1,0,0,0]",True,True,35,b7ea8a47735070e051ae13dc06dd78501013e2ce4045c1ae90a66ac227ac926b,True,False,False,False,READY_FOR_COMMON_BASIS_REBASE
153,38,47,"[1,1,0,2]","[1,2,0,2]",1,e1,"[0,1,0,0]",True,True,31,f6db9f775c5b258e2c4a9c624d5b8b292a73dbba30ee0f995096b83b66891e18,True,False,False,False,READY_FOR_COMMON_BASIS_REBASE
154,38,41,"[1,1,0,2]","[1,1,1,2]",2,e2,"[0,0,1,0]",True,True,35,3cd8a385a41f7fb8802d9ae5519c1f7fd5f56f5a135760d3eb736a0e99668cad,True,False,False,False,READY_FOR_COMMON_BASIS_REBASE
155,38,36,"[1,1,0,2]","[1,1,0,0]",3,e3,"[0,0,0,1]",True,True,32,8811065f860d540884283b3fecf5de8bf39cf696480bf15708aada275b512658,True,False,False,False,READY_FOR_COMMON_BASIS_REBASE
156,39,66,"[1,1,1,0]","[2,1,1,0]",0,e0,"[1,0,0,0]",True,True,35,b7ea8a47735070e051ae13dc06dd78501013e2ce4045c1ae90a66ac227ac926b,True,False,False,False,READY_FOR_COMMON_BASIS_REBASE
157,39,48,"[1,1,1,0]","[1,2,1,0]",1,e1,"[0,1,0,0]",True,True,31,f6db9f775c5b258e2c4a9c624d5b8b292a73dbba30ee0f995096b83b66891e18,True,False,False,False,READY_FOR_COMMON_BASIS_REBASE
158,39,42,"[1,1,1,0]","[1,1,2,0]",2,e2,"[0,0,1,0]",True,True,35,3cd8a385a41f7fb8802d9ae5519c1f7fd5f56f5a135760d3eb736a0e99668cad,True,False,False,False,READY_FOR_COMMON_BASIS_REBASE
159,39,40,"[1,1,1,0]","[1,1,1,1]",3,e3,"[0,0,0,1]",True,True,32,8811065f860d540884283b3fecf5de8bf39cf696480bf15708aada275b512658,True,False,False,False,READY_FOR_COMMON_BASIS_REBASE
160,40,67,"[1,1,1,1]","[2,1,1,1]",0,e0,"[1,0,0,0]",True,True,35,b7ea8a47735070e051ae13dc06dd78501013e2ce4045c1ae90a66ac227ac926b,True,False,False,False,READY_FOR_COMMON_BASIS_REBASE
161,40,49,"[1,1,1,1]","[1,2,1,1]",1,e1,"[0,1,0,0]",True,True,31,f6db9f775c5b258e2c4a9c624d5b8b292a73dbba30ee0f995096b83b66891e18,True,False,False,False,READY_FOR_COMMON_BASIS_REBASE
162,40,43,"[1,1,1,1]","[1,1,2,1]",2,e2,"[0,0,1,0]",True,True,35,3cd8a385a41f7fb8802d9ae5519c1f7fd5f56f5a135760d3eb736a0e99668cad,True,False,False,False,READY_FOR_COMMON_BASIS_REBASE
163,40,41,"[1,1,1,1]","[1,1,1,2]",3,e3,"[0,0,0,1]",True,True,32,8811065f860d540884283b3fecf5de8bf39cf696480bf15708aada275b512658,True,False,False,False,READY_FOR_COMMON_BASIS_REBASE
164,41,68,"[1,1,1,2]","[2,1,1,2]",0,e0,"[1,0,0,0]",True,True,35,b7ea8a47735070e051ae13dc06dd78501013e2ce4045c1ae90a66ac227ac926b,True,False,False,False,READY_FOR_COMMON_BASIS_REBASE
165,41,50,"[1,1,1,2]","[1,2,1,2]",1,e1,"[0,1,0,0]",True,True,31,f6db9f775c5b258e2c4a9c624d5b8b292a73dbba30ee0f995096b83b66891e18,True,False,False,False,READY_FOR_COMMON_BASIS_REBASE
166,41,44,"[1,1,1,2]","[1,1,2,2]",2,e2,"[0,0,1,0]",True,True,35,3cd8a385a41f7fb8802d9ae5519c1f7fd5f56f5a135760d3eb736a0e99668cad,True,False,False,False,READY_FOR_COMMON_BASIS_REBASE
167,41,39,"[1,1,1,2]","[1,1,1,0]",3,e3,"[0,0,0,1]",True,True,32,8811065f860d540884283b3fecf5de8bf39cf696480bf15708aada275b512658,True,False,False,False,READY_FOR_COMMON_BASIS_REBASE
168,42,69,"[1,1,2,0]","[2,1,2,0]",0,e0,"[1,0,0,0]",True,True,35,b7ea8a47735070e051ae13dc06dd78501013e2ce4045c1ae90a66ac227ac926b,True,False,False,False,READY_FOR_COMMON_BASIS_REBASE
169,42,51,"[1,1,2,0]","[1,2,2,0]",1,e1,"[0,1,0,0]",True,True,31,f6db9f775c5b258e2c4a9c624d5b8b292a73dbba30ee0f995096b83b66891e18,True,False,False,False,READY_FOR_COMMON_BASIS_REBASE
170,42,36,"[1,1,2,0]","[1,1,0,0]",2,e2,"[0,0,1,0]",True,True,35,3cd8a385a41f7fb8802d9ae5519c1f7fd5f56f5a135760d3eb736a0e99668cad,True,False,False,False,READY_FOR_COMMON_BASIS_REBASE
171,42,43,"[1,1,2,0]","[1,1,2,1]",3,e3,"[0,0,0,1]",True,True,32,8811065f860d540884283b3fecf5de8bf39cf696480bf15708aada275b512658,True,False,False,False,READY_FOR_COMMON_BASIS_REBASE
172,43,70,"[1,1,2,1]","[2,1,2,1]",0,e0,"[1,0,0,0]",True,True,35,b7ea8a47735070e051ae13dc06dd78501013e2ce4045c1ae90a66ac227ac926b,True,False,False,False,READY_FOR_COMMON_BASIS_REBASE
173,43,52,"[1,1,2,1]","[1,2,2,1]",1,e1,"[0,1,0,0]",True,True,31,f6db9f775c5b258e2c4a9c624d5b8b292a73dbba30ee0f995096b83b66891e18,True,False,False,False,READY_FOR_COMMON_BASIS_REBASE
174,43,37,"[1,1,2,1]","[1,1,0,1]",2,e2,"[0,0,1,0]",True,True,35,3cd8a385a41f7fb8802d9ae5519c1f7fd5f56f5a135760d3eb736a0e99668cad,True,False,False,False,READY_FOR_COMMON_BASIS_REBASE
175,43,44,"[1,1,2,1]","[1,1,2,2]",3,e3,"[0,0,0,1]",True,True,32,8811065f860d540884283b3fecf5de8bf39cf696480bf15708aada275b512658,True,False,False,False,READY_FOR_COMMON_BASIS_REBASE
176,44,71,"[1,1,2,2]","[2,1,2,2]",0,e0,"[1,0,0,0]",True,True,35,b7ea8a47735070e051ae13dc06dd78501013e2ce4045c1ae90a66ac227ac926b,True,False,False,False,READY_FOR_COMMON_BASIS_REBASE
177,44,53,"[1,1,2,2]","[1,2,2,2]",1,e1,"[0,1,0,0]",True,True,31,f6db9f775c5b258e2c4a9c624d5b8b292a73dbba30ee0f995096b83b66891e18,True,False,False,False,READY_FOR_COMMON_BASIS_REBASE
178,44,38,"[1,1,2,2]","[1,1,0,2]",2,e2,"[0,0,1,0]",True,True,35,3cd8a385a41f7fb8802d9ae5519c1f7fd5f56f5a135760d3eb736a0e99668cad,True,False,False,False,READY_FOR_COMMON_BASIS_REBASE
179,44,42,"[1,1,2,2]","[1,1,2,0]",3,e3,"[0,0,0,1]",True,True,32,8811065f860d540884283b3fecf5de8bf39cf696480bf15708aada275b512658,True,False,False,False,READY_FOR_COMMON_BASIS_REBASE
180,45,72,"[1,2,0,0]","[2,2,0,0]",0,e0,"[1,0,0,0]",True,True,35,b7ea8a47735070e051ae13dc06dd78501013e2ce4045c1ae90a66ac227ac926b,True,False,False,False,READY_FOR_COMMON_BASIS_REBASE
181,45,27,"[1,2,0,0]","[1,0,0,0]",1,e1,"[0,1,0,0]",True,True,31,f6db9f775c5b258e2c4a9c624d5b8b292a73dbba30ee0f995096b83b66891e18,True,False,False,False,READY_FOR_COMMON_BASIS_REBASE
182,45,48,"[1,2,0,0]","[1,2,1,0]",2,e2,"[0,0,1,0]",True,True,35,3cd8a385a41f7fb8802d9ae5519c1f7fd5f56f5a135760d3eb736a0e99668cad,True,False,False,False,READY_FOR_COMMON_BASIS_REBASE
183,45,46,"[1,2,0,0]","[1,2,0,1]",3,e3,"[0,0,0,1]",True,True,32,8811065f860d540884283b3fecf5de8bf39cf696480bf15708aada275b512658,True,False,False,False,READY_FOR_COMMON_BASIS_REBASE
184,46,73,"[1,2,0,1]","[2,2,0,1]",0,e0,"[1,0,0,0]",True,True,35,b7ea8a47735070e051ae13dc06dd78501013e2ce4045c1ae90a66ac227ac926b,True,False,False,False,READY_FOR_COMMON_BASIS_REBASE
185,46,28,"[1,2,0,1]","[1,0,0,1]",1,e1,"[0,1,0,0]",True,True,31,f6db9f775c5b258e2c4a9c624d5b8b292a73dbba30ee0f995096b83b66891e18,True,False,False,False,READY_FOR_COMMON_BASIS_REBASE
186,46,49,"[1,2,0,1]","[1,2,1,1]",2,e2,"[0,0,1,0]",True,True,35,3cd8a385a41f7fb8802d9ae5519c1f7fd5f56f5a135760d3eb736a0e99668cad,True,False,False,False,READY_FOR_COMMON_BASIS_REBASE
187,46,47,"[1,2,0,1]","[1,2,0,2]",3,e3,"[0,0,0,1]",True,True,32,8811065f860d540884283b3fecf5de8bf39cf696480bf15708aada275b512658,True,False,False,False,READY_FOR_COMMON_BASIS_REBASE
188,47,74,"[1,2,0,2]","[2,2,0,2]",0,e0,"[1,0,0,0]",True,True,35,b7ea8a47735070e051ae13dc06dd78501013e2ce4045c1ae90a66ac227ac926b,True,False,False,False,READY_FOR_COMMON_BASIS_REBASE
189,47,29,"[1,2,0,2]","[1,0,0,2]",1,e1,"[0,1,0,0]",True,True,31,f6db9f775c5b258e2c4a9c624d5b8b292a73dbba30ee0f995096b83b66891e18,True,False,False,False,READY_FOR_COMMON_BASIS_REBASE
190,47,50,"[1,2,0,2]","[1,2,1,2]",2,e2,"[0,0,1,0]",True,True,35,3cd8a385a41f7fb8802d9ae5519c1f7fd5f56f5a135760d3eb736a0e99668cad,True,False,False,False,READY_FOR_COMMON_BASIS_REBASE
191,47,45,"[1,2,0,2]","[1,2,0,0]",3,e3,"[0,0,0,1]",True,True,32,8811065f860d540884283b3fecf5de8bf39cf696480bf15708aada275b512658,True,False,False,False,READY_FOR_COMMON_BASIS_REBASE
192,48,75,"[1,2,1,0]","[2,2,1,0]",0,e0,"[1,0,0,0]",True,True,35,b7ea8a47735070e051ae13dc06dd78501013e2ce4045c1ae90a66ac227ac926b,True,False,False,False,READY_FOR_COMMON_BASIS_REBASE
193,48,30,"[1,2,1,0]","[1,0,1,0]",1,e1,"[0,1,0,0]",True,True,31,f6db9f775c5b258e2c4a9c624d5b8b292a73dbba30ee0f995096b83b66891e18,True,False,False,False,READY_FOR_COMMON_BASIS_REBASE
194,48,51,"[1,2,1,0]","[1,2,2,0]",2,e2,"[0,0,1,0]",True,True,35,3cd8a385a41f7fb8802d9ae5519c1f7fd5f56f5a135760d3eb736a0e99668cad,True,False,False,False,READY_FOR_COMMON_BASIS_REBASE
195,48,49,"[1,2,1,0]","[1,2,1,1]",3,e3,"[0,0,0,1]",True,True,32,8811065f860d540884283b3fecf5de8bf39cf696480bf15708aada275b512658,True,False,False,False,READY_FOR_COMMON_BASIS_REBASE
196,49,76,"[1,2,1,1]","[2,2,1,1]",0,e0,"[1,0,0,0]",True,True,35,b7ea8a47735070e051ae13dc06dd78501013e2ce4045c1ae90a66ac227ac926b,True,False,False,False,READY_FOR_COMMON_BASIS_REBASE
197,49,31,"[1,2,1,1]","[1,0,1,1]",1,e1,"[0,1,0,0]",True,True,31,f6db9f775c5b258e2c4a9c624d5b8b292a73dbba30ee0f995096b83b66891e18,True,False,False,False,READY_FOR_COMMON_BASIS_REBASE
198,49,52,"[1,2,1,1]","[1,2,2,1]",2,e2,"[0,0,1,0]",True,True,35,3cd8a385a41f7fb8802d9ae5519c1f7fd5f56f5a135760d3eb736a0e99668cad,True,False,False,False,READY_FOR_COMMON_BASIS_REBASE
199,49,50,"[1,2,1,1]","[1,2,1,2]",3,e3,"[0,0,0,1]",True,True,32,8811065f860d540884283b3fecf5de8bf39cf696480bf15708aada275b512658,True,False,False,False,READY_FOR_COMMON_BASIS_REBASE
200,50,77,"[1,2,1,2]","[2,2,1,2]",0,e0,"[1,0,0,0]",True,True,35,b7ea8a47735070e051ae13dc06dd78501013e2ce4045c1ae90a66ac227ac926b,True,False,False,False,READY_FOR_COMMON_BASIS_REBASE
201,50,32,"[1,2,1,2]","[1,0,1,2]",1,e1,"[0,1,0,0]",True,True,31,f6db9f775c5b258e2c4a9c624d5b8b292a73dbba30ee0f995096b83b66891e18,True,False,False,False,READY_FOR_COMMON_BASIS_REBASE
202,50,53,"[1,2,1,2]","[1,2,2,2]",2,e2,"[0,0,1,0]",True,True,35,3cd8a385a41f7fb8802d9ae5519c1f7fd5f56f5a135760d3eb736a0e99668cad,True,False,False,False,READY_FOR_COMMON_BASIS_REBASE
203,50,48,"[1,2,1,2]","[1,2,1,0]",3,e3,"[0,0,0,1]",True,True,32,8811065f860d540884283b3fecf5de8bf39cf696480bf15708aada275b512658,True,False,False,False,READY_FOR_COMMON_BASIS_REBASE
204,51,78,"[1,2,2,0]","[2,2,2,0]",0,e0,"[1,0,0,0]",True,True,35,b7ea8a47735070e051ae13dc06dd78501013e2ce4045c1ae90a66ac227ac926b,True,False,False,False,READY_FOR_COMMON_BASIS_REBASE
205,51,33,"[1,2,2,0]","[1,0,2,0]",1,e1,"[0,1,0,0]",True,True,31,f6db9f775c5b258e2c4a9c624d5b8b292a73dbba30ee0f995096b83b66891e18,True,False,False,False,READY_FOR_COMMON_BASIS_REBASE
206,51,45,"[1,2,2,0]","[1,2,0,0]",2,e2,"[0,0,1,0]",True,True,35,3cd8a385a41f7fb8802d9ae5519c1f7fd5f56f5a135760d3eb736a0e99668cad,True,False,False,False,READY_FOR_COMMON_BASIS_REBASE
207,51,52,"[1,2,2,0]","[1,2,2,1]",3,e3,"[0,0,0,1]",True,True,32,8811065f860d540884283b3fecf5de8bf39cf696480bf15708aada275b512658,True,False,False,False,READY_FOR_COMMON_BASIS_REBASE
208,52,79,"[1,2,2,1]","[2,2,2,1]",0,e0,"[1,0,0,0]",True,True,35,b7ea8a47735070e051ae13dc06dd78501013e2ce4045c1ae90a66ac227ac926b,True,False,False,False,READY_FOR_COMMON_BASIS_REBASE
209,52,34,"[1,2,2,1]","[1,0,2,1]",1,e1,"[0,1,0,0]",True,True,31,f6db9f775c5b258e2c4a9c624d5b8b292a73dbba30ee0f995096b83b66891e18,True,False,False,False,READY_FOR_COMMON_BASIS_REBASE
210,52,46,"[1,2,2,1]","[1,2,0,1]",2,e2,"[0,0,1,0]",True,True,35,3cd8a385a41f7fb8802d9ae5519c1f7fd5f56f5a135760d3eb736a0e99668cad,True,False,False,False,READY_FOR_COMMON_BASIS_REBASE
211,52,53,"[1,2,2,1]","[1,2,2,2]",3,e3,"[0,0,0,1]",True,True,32,8811065f860d540884283b3fecf5de8bf39cf696480bf15708aada275b512658,True,False,False,False,READY_FOR_COMMON_BASIS_REBASE
212,53,80,"[1,2,2,2]","[2,2,2,2]",0,e0,"[1,0,0,0]",True,True,35,b7ea8a47735070e051ae13dc06dd78501013e2ce4045c1ae90a66ac227ac926b,True,False,False,False,READY_FOR_COMMON_BASIS_REBASE
213,53,35,"[1,2,2,2]","[1,0,2,2]",1,e1,"[0,1,0,0]",True,True,31,f6db9f775c5b258e2c4a9c624d5b8b292a73dbba30ee0f995096b83b66891e18,True,False,False,False,READY_FOR_COMMON_BASIS_REBASE
214,53,47,"[1,2,2,2]","[1,2,0,2]",2,e2,"[0,0,1,0]",True,True,35,3cd8a385a41f7fb8802d9ae5519c1f7fd5f56f5a135760d3eb736a0e99668cad,True,False,False,False,READY_FOR_COMMON_BASIS_REBASE
215,53,51,"[1,2,2,2]","[1,2,2,0]",3,e3,"[0,0,0,1]",True,True,32,8811065f860d540884283b3fecf5de8bf39cf696480bf15708aada275b512658,True,False,False,False,READY_FOR_COMMON_BASIS_REBASE
216,54,0,"[2,0,0,0]","[0,0,0,0]",0,e0,"[1,0,0,0]",True,True,35,b7ea8a47735070e051ae13dc06dd78501013e2ce4045c1ae90a66ac227ac926b,True,False,False,False,READY_FOR_COMMON_BASIS_REBASE
217,54,63,"[2,0,0,0]","[2,1,0,0]",1,e1,"[0,1,0,0]",True,True,31,f6db9f775c5b258e2c4a9c624d5b8b292a73dbba30ee0f995096b83b66891e18,True,False,False,False,READY_FOR_COMMON_BASIS_REBASE
218,54,57,"[2,0,0,0]","[2,0,1,0]",2,e2,"[0,0,1,0]",True,True,35,3cd8a385a41f7fb8802d9ae5519c1f7fd5f56f5a135760d3eb736a0e99668cad,True,False,False,False,READY_FOR_COMMON_BASIS_REBASE
219,54,55,"[2,0,0,0]","[2,0,0,1]",3,e3,"[0,0,0,1]",True,True,32,8811065f860d540884283b3fecf5de8bf39cf696480bf15708aada275b512658,True,False,False,False,READY_FOR_COMMON_BASIS_REBASE
220,55,1,"[2,0,0,1]","[0,0,0,1]",0,e0,"[1,0,0,0]",True,True,35,b7ea8a47735070e051ae13dc06dd78501013e2ce4045c1ae90a66ac227ac926b,True,False,False,False,READY_FOR_COMMON_BASIS_REBASE
221,55,64,"[2,0,0,1]","[2,1,0,1]",1,e1,"[0,1,0,0]",True,True,31,f6db9f775c5b258e2c4a9c624d5b8b292a73dbba30ee0f995096b83b66891e18,True,False,False,False,READY_FOR_COMMON_BASIS_REBASE
222,55,58,"[2,0,0,1]","[2,0,1,1]",2,e2,"[0,0,1,0]",True,True,35,3cd8a385a41f7fb8802d9ae5519c1f7fd5f56f5a135760d3eb736a0e99668cad,True,False,False,False,READY_FOR_COMMON_BASIS_REBASE
223,55,56,"[2,0,0,1]","[2,0,0,2]",3,e3,"[0,0,0,1]",True,True,32,8811065f860d540884283b3fecf5de8bf39cf696480bf15708aada275b512658,True,False,False,False,READY_FOR_COMMON_BASIS_REBASE
224,56,2,"[2,0,0,2]","[0,0,0,2]",0,e0,"[1,0,0,0]",True,True,35,b7ea8a47735070e051ae13dc06dd78501013e2ce4045c1ae90a66ac227ac926b,True,False,False,False,READY_FOR_COMMON_BASIS_REBASE
225,56,65,"[2,0,0,2]","[2,1,0,2]",1,e1,"[0,1,0,0]",True,True,31,f6db9f775c5b258e2c4a9c624d5b8b292a73dbba30ee0f995096b83b66891e18,True,False,False,False,READY_FOR_COMMON_BASIS_REBASE
226,56,59,"[2,0,0,2]","[2,0,1,2]",2,e2,"[0,0,1,0]",True,True,35,3cd8a385a41f7fb8802d9ae5519c1f7fd5f56f5a135760d3eb736a0e99668cad,True,False,False,False,READY_FOR_COMMON_BASIS_REBASE
227,56,54,"[2,0,0,2]","[2,0,0,0]",3,e3,"[0,0,0,1]",True,True,32,8811065f860d540884283b3fecf5de8bf39cf696480bf15708aada275b512658,True,False,False,False,READY_FOR_COMMON_BASIS_REBASE
228,57,3,"[2,0,1,0]","[0,0,1,0]",0,e0,"[1,0,0,0]",True,True,35,b7ea8a47735070e051ae13dc06dd78501013e2ce4045c1ae90a66ac227ac926b,True,False,False,False,READY_FOR_COMMON_BASIS_REBASE
229,57,66,"[2,0,1,0]","[2,1,1,0]",1,e1,"[0,1,0,0]",True,True,31,f6db9f775c5b258e2c4a9c624d5b8b292a73dbba30ee0f995096b83b66891e18,True,False,False,False,READY_FOR_COMMON_BASIS_REBASE
230,57,60,"[2,0,1,0]","[2,0,2,0]",2,e2,"[0,0,1,0]",True,True,35,3cd8a385a41f7fb8802d9ae5519c1f7fd5f56f5a135760d3eb736a0e99668cad,True,False,False,False,READY_FOR_COMMON_BASIS_REBASE
231,57,58,"[2,0,1,0]","[2,0,1,1]",3,e3,"[0,0,0,1]",True,True,32,8811065f860d540884283b3fecf5de8bf39cf696480bf15708aada275b512658,True,False,False,False,READY_FOR_COMMON_BASIS_REBASE
232,58,4,"[2,0,1,1]","[0,0,1,1]",0,e0,"[1,0,0,0]",True,True,35,b7ea8a47735070e051ae13dc06dd78501013e2ce4045c1ae90a66ac227ac926b,True,False,False,False,READY_FOR_COMMON_BASIS_REBASE
233,58,67,"[2,0,1,1]","[2,1,1,1]",1,e1,"[0,1,0,0]",True,True,31,f6db9f775c5b258e2c4a9c624d5b8b292a73dbba30ee0f995096b83b66891e18,True,False,False,False,READY_FOR_COMMON_BASIS_REBASE
234,58,61,"[2,0,1,1]","[2,0,2,1]",2,e2,"[0,0,1,0]",True,True,35,3cd8a385a41f7fb8802d9ae5519c1f7fd5f56f5a135760d3eb736a0e99668cad,True,False,False,False,READY_FOR_COMMON_BASIS_REBASE
235,58,59,"[2,0,1,1]","[2,0,1,2]",3,e3,"[0,0,0,1]",True,True,32,8811065f860d540884283b3fecf5de8bf39cf696480bf15708aada275b512658,True,False,False,False,READY_FOR_COMMON_BASIS_REBASE
236,59,5,"[2,0,1,2]","[0,0,1,2]",0,e0,"[1,0,0,0]",True,True,35,b7ea8a47735070e051ae13dc06dd78501013e2ce4045c1ae90a66ac227ac926b,True,False,False,False,READY_FOR_COMMON_BASIS_REBASE
237,59,68,"[2,0,1,2]","[2,1,1,2]",1,e1,"[0,1,0,0]",True,True,31,f6db9f775c5b258e2c4a9c624d5b8b292a73dbba30ee0f995096b83b66891e18,True,False,False,False,READY_FOR_COMMON_BASIS_REBASE
238,59,62,"[2,0,1,2]","[2,0,2,2]",2,e2,"[0,0,1,0]",True,True,35,3cd8a385a41f7fb8802d9ae5519c1f7fd5f56f5a135760d3eb736a0e99668cad,True,False,False,False,READY_FOR_COMMON_BASIS_REBASE
239,59,57,"[2,0,1,2]","[2,0,1,0]",3,e3,"[0,0,0,1]",True,True,32,8811065f860d540884283b3fecf5de8bf39cf696480bf15708aada275b512658,True,False,False,False,READY_FOR_COMMON_BASIS_REBASE
240,60,6,"[2,0,2,0]","[0,0,2,0]",0,e0,"[1,0,0,0]",True,True,35,b7ea8a47735070e051ae13dc06dd78501013e2ce4045c1ae90a66ac227ac926b,True,False,False,False,READY_FOR_COMMON_BASIS_REBASE
241,60,69,"[2,0,2,0]","[2,1,2,0]",1,e1,"[0,1,0,0]",True,True,31,f6db9f775c5b258e2c4a9c624d5b8b292a73dbba30ee0f995096b83b66891e18,True,False,False,False,READY_FOR_COMMON_BASIS_REBASE
242,60,54,"[2,0,2,0]","[2,0,0,0]",2,e2,"[0,0,1,0]",True,True,35,3cd8a385a41f7fb8802d9ae5519c1f7fd5f56f5a135760d3eb736a0e99668cad,True,False,False,False,READY_FOR_COMMON_BASIS_REBASE
243,60,61,"[2,0,2,0]","[2,0,2,1]",3,e3,"[0,0,0,1]",True,True,32,8811065f860d540884283b3fecf5de8bf39cf696480bf15708aada275b512658,True,False,False,False,READY_FOR_COMMON_BASIS_REBASE
244,61,7,"[2,0,2,1]","[0,0,2,1]",0,e0,"[1,0,0,0]",True,True,35,b7ea8a47735070e051ae13dc06dd78501013e2ce4045c1ae90a66ac227ac926b,True,False,False,False,READY_FOR_COMMON_BASIS_REBASE
245,61,70,"[2,0,2,1]","[2,1,2,1]",1,e1,"[0,1,0,0]",True,True,31,f6db9f775c5b258e2c4a9c624d5b8b292a73dbba30ee0f995096b83b66891e18,True,False,False,False,READY_FOR_COMMON_BASIS_REBASE
246,61,55,"[2,0,2,1]","[2,0,0,1]",2,e2,"[0,0,1,0]",True,True,35,3cd8a385a41f7fb8802d9ae5519c1f7fd5f56f5a135760d3eb736a0e99668cad,True,False,False,False,READY_FOR_COMMON_BASIS_REBASE
247,61,62,"[2,0,2,1]","[2,0,2,2]",3,e3,"[0,0,0,1]",True,True,32,8811065f860d540884283b3fecf5de8bf39cf696480bf15708aada275b512658,True,False,False,False,READY_FOR_COMMON_BASIS_REBASE
248,62,8,"[2,0,2,2]","[0,0,2,2]",0,e0,"[1,0,0,0]",True,True,35,b7ea8a47735070e051ae13dc06dd78501013e2ce4045c1ae90a66ac227ac926b,True,False,False,False,READY_FOR_COMMON_BASIS_REBASE
249,62,71,"[2,0,2,2]","[2,1,2,2]",1,e1,"[0,1,0,0]",True,True,31,f6db9f775c5b258e2c4a9c624d5b8b292a73dbba30ee0f995096b83b66891e18,True,False,False,False,READY_FOR_COMMON_BASIS_REBASE
250,62,56,"[2,0,2,2]","[2,0,0,2]",2,e2,"[0,0,1,0]",True,True,35,3cd8a385a41f7fb8802d9ae5519c1f7fd5f56f5a135760d3eb736a0e99668cad,True,False,False,False,READY_FOR_COMMON_BASIS_REBASE
251,62,60,"[2,0,2,2]","[2,0,2,0]",3,e3,"[0,0,0,1]",True,True,32,8811065f860d540884283b3fecf5de8bf39cf696480bf15708aada275b512658,True,False,False,False,READY_FOR_COMMON_BASIS_REBASE
252,63,9,"[2,1,0,0]","[0,1,0,0]",0,e0,"[1,0,0,0]",True,True,35,b7ea8a47735070e051ae13dc06dd78501013e2ce4045c1ae90a66ac227ac926b,True,False,False,False,READY_FOR_COMMON_BASIS_REBASE
253,63,72,"[2,1,0,0]","[2,2,0,0]",1,e1,"[0,1,0,0]",True,True,31,f6db9f775c5b258e2c4a9c624d5b8b292a73dbba30ee0f995096b83b66891e18,True,False,False,False,READY_FOR_COMMON_BASIS_REBASE
254,63,66,"[2,1,0,0]","[2,1,1,0]",2,e2,"[0,0,1,0]",True,True,35,3cd8a385a41f7fb8802d9ae5519c1f7fd5f56f5a135760d3eb736a0e99668cad,True,False,False,False,READY_FOR_COMMON_BASIS_REBASE
255,63,64,"[2,1,0,0]","[2,1,0,1]",3,e3,"[0,0,0,1]",True,True,32,8811065f860d540884283b3fecf5de8bf39cf696480bf15708aada275b512658,True,False,False,False,READY_FOR_COMMON_BASIS_REBASE
256,64,10,"[2,1,0,1]","[0,1,0,1]",0,e0,"[1,0,0,0]",True,True,35,b7ea8a47735070e051ae13dc06dd78501013e2ce4045c1ae90a66ac227ac926b,True,False,False,False,READY_FOR_COMMON_BASIS_REBASE
257,64,73,"[2,1,0,1]","[2,2,0,1]",1,e1,"[0,1,0,0]",True,True,31,f6db9f775c5b258e2c4a9c624d5b8b292a73dbba30ee0f995096b83b66891e18,True,False,False,False,READY_FOR_COMMON_BASIS_REBASE
258,64,67,"[2,1,0,1]","[2,1,1,1]",2,e2,"[0,0,1,0]",True,True,35,3cd8a385a41f7fb8802d9ae5519c1f7fd5f56f5a135760d3eb736a0e99668cad,True,False,False,False,READY_FOR_COMMON_BASIS_REBASE
259,64,65,"[2,1,0,1]","[2,1,0,2]",3,e3,"[0,0,0,1]",True,True,32,8811065f860d540884283b3fecf5de8bf39cf696480bf15708aada275b512658,True,False,False,False,READY_FOR_COMMON_BASIS_REBASE
260,65,11,"[2,1,0,2]","[0,1,0,2]",0,e0,"[1,0,0,0]",True,True,35,b7ea8a47735070e051ae13dc06dd78501013e2ce4045c1ae90a66ac227ac926b,True,False,False,False,READY_FOR_COMMON_BASIS_REBASE
261,65,74,"[2,1,0,2]","[2,2,0,2]",1,e1,"[0,1,0,0]",True,True,31,f6db9f775c5b258e2c4a9c624d5b8b292a73dbba30ee0f995096b83b66891e18,True,False,False,False,READY_FOR_COMMON_BASIS_REBASE
262,65,68,"[2,1,0,2]","[2,1,1,2]",2,e2,"[0,0,1,0]",True,True,35,3cd8a385a41f7fb8802d9ae5519c1f7fd5f56f5a135760d3eb736a0e99668cad,True,False,False,False,READY_FOR_COMMON_BASIS_REBASE
263,65,63,"[2,1,0,2]","[2,1,0,0]",3,e3,"[0,0,0,1]",True,True,32,8811065f860d540884283b3fecf5de8bf39cf696480bf15708aada275b512658,True,False,False,False,READY_FOR_COMMON_BASIS_REBASE
264,66,12,"[2,1,1,0]","[0,1,1,0]",0,e0,"[1,0,0,0]",True,True,35,b7ea8a47735070e051ae13dc06dd78501013e2ce4045c1ae90a66ac227ac926b,True,False,False,False,READY_FOR_COMMON_BASIS_REBASE
265,66,75,"[2,1,1,0]","[2,2,1,0]",1,e1,"[0,1,0,0]",True,True,31,f6db9f775c5b258e2c4a9c624d5b8b292a73dbba30ee0f995096b83b66891e18,True,False,False,False,READY_FOR_COMMON_BASIS_REBASE
266,66,69,"[2,1,1,0]","[2,1,2,0]",2,e2,"[0,0,1,0]",True,True,35,3cd8a385a41f7fb8802d9ae5519c1f7fd5f56f5a135760d3eb736a0e99668cad,True,False,False,False,READY_FOR_COMMON_BASIS_REBASE
267,66,67,"[2,1,1,0]","[2,1,1,1]",3,e3,"[0,0,0,1]",True,True,32,8811065f860d540884283b3fecf5de8bf39cf696480bf15708aada275b512658,True,False,False,False,READY_FOR_COMMON_BASIS_REBASE
268,67,13,"[2,1,1,1]","[0,1,1,1]",0,e0,"[1,0,0,0]",True,True,35,b7ea8a47735070e051ae13dc06dd78501013e2ce4045c1ae90a66ac227ac926b,True,False,False,False,READY_FOR_COMMON_BASIS_REBASE
269,67,76,"[2,1,1,1]","[2,2,1,1]",1,e1,"[0,1,0,0]",True,True,31,f6db9f775c5b258e2c4a9c624d5b8b292a73dbba30ee0f995096b83b66891e18,True,False,False,False,READY_FOR_COMMON_BASIS_REBASE
270,67,70,"[2,1,1,1]","[2,1,2,1]",2,e2,"[0,0,1,0]",True,True,35,3cd8a385a41f7fb8802d9ae5519c1f7fd5f56f5a135760d3eb736a0e99668cad,True,False,False,False,READY_FOR_COMMON_BASIS_REBASE
271,67,68,"[2,1,1,1]","[2,1,1,2]",3,e3,"[0,0,0,1]",True,True,32,8811065f860d540884283b3fecf5de8bf39cf696480bf15708aada275b512658,True,False,False,False,READY_FOR_COMMON_BASIS_REBASE
272,68,14,"[2,1,1,2]","[0,1,1,2]",0,e0,"[1,0,0,0]",True,True,35,b7ea8a47735070e051ae13dc06dd78501013e2ce4045c1ae90a66ac227ac926b,True,False,False,False,READY_FOR_COMMON_BASIS_REBASE
273,68,77,"[2,1,1,2]","[2,2,1,2]",1,e1,"[0,1,0,0]",True,True,31,f6db9f775c5b258e2c4a9c624d5b8b292a73dbba30ee0f995096b83b66891e18,True,False,False,False,READY_FOR_COMMON_BASIS_REBASE
274,68,71,"[2,1,1,2]","[2,1,2,2]",2,e2,"[0,0,1,0]",True,True,35,3cd8a385a41f7fb8802d9ae5519c1f7fd5f56f5a135760d3eb736a0e99668cad,True,False,False,False,READY_FOR_COMMON_BASIS_REBASE
275,68,66,"[2,1,1,2]","[2,1,1,0]",3,e3,"[0,0,0,1]",True,True,32,8811065f860d540884283b3fecf5de8bf39cf696480bf15708aada275b512658,True,False,False,False,READY_FOR_COMMON_BASIS_REBASE
276,69,15,"[2,1,2,0]","[0,1,2,0]",0,e0,"[1,0,0,0]",True,True,35,b7ea8a47735070e051ae13dc06dd78501013e2ce4045c1ae90a66ac227ac926b,True,False,False,False,READY_FOR_COMMON_BASIS_REBASE
277,69,78,"[2,1,2,0]","[2,2,2,0]",1,e1,"[0,1,0,0]",True,True,31,f6db9f775c5b258e2c4a9c624d5b8b292a73dbba30ee0f995096b83b66891e18,True,False,False,False,READY_FOR_COMMON_BASIS_REBASE
278,69,63,"[2,1,2,0]","[2,1,0,0]",2,e2,"[0,0,1,0]",True,True,35,3cd8a385a41f7fb8802d9ae5519c1f7fd5f56f5a135760d3eb736a0e99668cad,True,False,False,False,READY_FOR_COMMON_BASIS_REBASE
279,69,70,"[2,1,2,0]","[2,1,2,1]",3,e3,"[0,0,0,1]",True,True,32,8811065f860d540884283b3fecf5de8bf39cf696480bf15708aada275b512658,True,False,False,False,READY_FOR_COMMON_BASIS_REBASE
280,70,16,"[2,1,2,1]","[0,1,2,1]",0,e0,"[1,0,0,0]",True,True,35,b7ea8a47735070e051ae13dc06dd78501013e2ce4045c1ae90a66ac227ac926b,True,False,False,False,READY_FOR_COMMON_BASIS_REBASE
281,70,79,"[2,1,2,1]","[2,2,2,1]",1,e1,"[0,1,0,0]",True,True,31,f6db9f775c5b258e2c4a9c624d5b8b292a73dbba30ee0f995096b83b66891e18,True,False,False,False,READY_FOR_COMMON_BASIS_REBASE
282,70,64,"[2,1,2,1]","[2,1,0,1]",2,e2,"[0,0,1,0]",True,True,35,3cd8a385a41f7fb8802d9ae5519c1f7fd5f56f5a135760d3eb736a0e99668cad,True,False,False,False,READY_FOR_COMMON_BASIS_REBASE
283,70,71,"[2,1,2,1]","[2,1,2,2]",3,e3,"[0,0,0,1]",True,True,32,8811065f860d540884283b3fecf5de8bf39cf696480bf15708aada275b512658,True,False,False,False,READY_FOR_COMMON_BASIS_REBASE
284,71,17,"[2,1,2,2]","[0,1,2,2]",0,e0,"[1,0,0,0]",True,True,35,b7ea8a47735070e051ae13dc06dd78501013e2ce4045c1ae90a66ac227ac926b,True,False,False,False,READY_FOR_COMMON_BASIS_REBASE
285,71,80,"[2,1,2,2]","[2,2,2,2]",1,e1,"[0,1,0,0]",True,True,31,f6db9f775c5b258e2c4a9c624d5b8b292a73dbba30ee0f995096b83b66891e18,True,False,False,False,READY_FOR_COMMON_BASIS_REBASE
286,71,65,"[2,1,2,2]","[2,1,0,2]",2,e2,"[0,0,1,0]",True,True,35,3cd8a385a41f7fb8802d9ae5519c1f7fd5f56f5a135760d3eb736a0e99668cad,True,False,False,False,READY_FOR_COMMON_BASIS_REBASE
287,71,69,"[2,1,2,2]","[2,1,2,0]",3,e3,"[0,0,0,1]",True,True,32,8811065f860d540884283b3fecf5de8bf39cf696480bf15708aada275b512658,True,False,False,False,READY_FOR_COMMON_BASIS_REBASE
288,72,18,"[2,2,0,0]","[0,2,0,0]",0,e0,"[1,0,0,0]",True,True,35,b7ea8a47735070e051ae13dc06dd78501013e2ce4045c1ae90a66ac227ac926b,True,False,False,False,READY_FOR_COMMON_BASIS_REBASE
289,72,54,"[2,2,0,0]","[2,0,0,0]",1,e1,"[0,1,0,0]",True,True,31,f6db9f775c5b258e2c4a9c624d5b8b292a73dbba30ee0f995096b83b66891e18,True,False,False,False,READY_FOR_COMMON_BASIS_REBASE
290,72,75,"[2,2,0,0]","[2,2,1,0]",2,e2,"[0,0,1,0]",True,True,35,3cd8a385a41f7fb8802d9ae5519c1f7fd5f56f5a135760d3eb736a0e99668cad,True,False,False,False,READY_FOR_COMMON_BASIS_REBASE
291,72,73,"[2,2,0,0]","[2,2,0,1]",3,e3,"[0,0,0,1]",True,True,32,8811065f860d540884283b3fecf5de8bf39cf696480bf15708aada275b512658,True,False,False,False,READY_FOR_COMMON_BASIS_REBASE
292,73,19,"[2,2,0,1]","[0,2,0,1]",0,e0,"[1,0,0,0]",True,True,35,b7ea8a47735070e051ae13dc06dd78501013e2ce4045c1ae90a66ac227ac926b,True,False,False,False,READY_FOR_COMMON_BASIS_REBASE
293,73,55,"[2,2,0,1]","[2,0,0,1]",1,e1,"[0,1,0,0]",True,True,31,f6db9f775c5b258e2c4a9c624d5b8b292a73dbba30ee0f995096b83b66891e18,True,False,False,False,READY_FOR_COMMON_BASIS_REBASE
294,73,76,"[2,2,0,1]","[2,2,1,1]",2,e2,"[0,0,1,0]",True,True,35,3cd8a385a41f7fb8802d9ae5519c1f7fd5f56f5a135760d3eb736a0e99668cad,True,False,False,False,READY_FOR_COMMON_BASIS_REBASE
295,73,74,"[2,2,0,1]","[2,2,0,2]",3,e3,"[0,0,0,1]",True,True,32,8811065f860d540884283b3fecf5de8bf39cf696480bf15708aada275b512658,True,False,False,False,READY_FOR_COMMON_BASIS_REBASE
296,74,20,"[2,2,0,2]","[0,2,0,2]",0,e0,"[1,0,0,0]",True,True,35,b7ea8a47735070e051ae13dc06dd78501013e2ce4045c1ae90a66ac227ac926b,True,False,False,False,READY_FOR_COMMON_BASIS_REBASE
297,74,56,"[2,2,0,2]","[2,0,0,2]",1,e1,"[0,1,0,0]",True,True,31,f6db9f775c5b258e2c4a9c624d5b8b292a73dbba30ee0f995096b83b66891e18,True,False,False,False,READY_FOR_COMMON_BASIS_REBASE
298,74,77,"[2,2,0,2]","[2,2,1,2]",2,e2,"[0,0,1,0]",True,True,35,3cd8a385a41f7fb8802d9ae5519c1f7fd5f56f5a135760d3eb736a0e99668cad,True,False,False,False,READY_FOR_COMMON_BASIS_REBASE
299,74,72,"[2,2,0,2]","[2,2,0,0]",3,e3,"[0,0,0,1]",True,True,32,8811065f860d540884283b3fecf5de8bf39cf696480bf15708aada275b512658,True,False,False,False,READY_FOR_COMMON_BASIS_REBASE
300,75,21,"[2,2,1,0]","[0,2,1,0]",0,e0,"[1,0,0,0]",True,True,35,b7ea8a47735070e051ae13dc06dd78501013e2ce4045c1ae90a66ac227ac926b,True,False,False,False,READY_FOR_COMMON_BASIS_REBASE
301,75,57,"[2,2,1,0]","[2,0,1,0]",1,e1,"[0,1,0,0]",True,True,31,f6db9f775c5b258e2c4a9c624d5b8b292a73dbba30ee0f995096b83b66891e18,True,False,False,False,READY_FOR_COMMON_BASIS_REBASE
302,75,78,"[2,2,1,0]","[2,2,2,0]",2,e2,"[0,0,1,0]",True,True,35,3cd8a385a41f7fb8802d9ae5519c1f7fd5f56f5a135760d3eb736a0e99668cad,True,False,False,False,READY_FOR_COMMON_BASIS_REBASE
303,75,76,"[2,2,1,0]","[2,2,1,1]",3,e3,"[0,0,0,1]",True,True,32,8811065f860d540884283b3fecf5de8bf39cf696480bf15708aada275b512658,True,False,False,False,READY_FOR_COMMON_BASIS_REBASE
304,76,22,"[2,2,1,1]","[0,2,1,1]",0,e0,"[1,0,0,0]",True,True,35,b7ea8a47735070e051ae13dc06dd78501013e2ce4045c1ae90a66ac227ac926b,True,False,False,False,READY_FOR_COMMON_BASIS_REBASE
305,76,58,"[2,2,1,1]","[2,0,1,1]",1,e1,"[0,1,0,0]",True,True,31,f6db9f775c5b258e2c4a9c624d5b8b292a73dbba30ee0f995096b83b66891e18,True,False,False,False,READY_FOR_COMMON_BASIS_REBASE
306,76,79,"[2,2,1,1]","[2,2,2,1]",2,e2,"[0,0,1,0]",True,True,35,3cd8a385a41f7fb8802d9ae5519c1f7fd5f56f5a135760d3eb736a0e99668cad,True,False,False,False,READY_FOR_COMMON_BASIS_REBASE
307,76,77,"[2,2,1,1]","[2,2,1,2]",3,e3,"[0,0,0,1]",True,True,32,8811065f860d540884283b3fecf5de8bf39cf696480bf15708aada275b512658,True,False,False,False,READY_FOR_COMMON_BASIS_REBASE
308,77,23,"[2,2,1,2]","[0,2,1,2]",0,e0,"[1,0,0,0]",True,True,35,b7ea8a47735070e051ae13dc06dd78501013e2ce4045c1ae90a66ac227ac926b,True,False,False,False,READY_FOR_COMMON_BASIS_REBASE
309,77,59,"[2,2,1,2]","[2,0,1,2]",1,e1,"[0,1,0,0]",True,True,31,f6db9f775c5b258e2c4a9c624d5b8b292a73dbba30ee0f995096b83b66891e18,True,False,False,False,READY_FOR_COMMON_BASIS_REBASE
310,77,80,"[2,2,1,2]","[2,2,2,2]",2,e2,"[0,0,1,0]",True,True,35,3cd8a385a41f7fb8802d9ae5519c1f7fd5f56f5a135760d3eb736a0e99668cad,True,False,False,False,READY_FOR_COMMON_BASIS_REBASE
311,77,75,"[2,2,1,2]","[2,2,1,0]",3,e3,"[0,0,0,1]",True,True,32,8811065f860d540884283b3fecf5de8bf39cf696480bf15708aada275b512658,True,False,False,False,READY_FOR_COMMON_BASIS_REBASE
312,78,24,"[2,2,2,0]","[0,2,2,0]",0,e0,"[1,0,0,0]",True,True,35,b7ea8a47735070e051ae13dc06dd78501013e2ce4045c1ae90a66ac227ac926b,True,False,False,False,READY_FOR_COMMON_BASIS_REBASE
313,78,60,"[2,2,2,0]","[2,0,2,0]",1,e1,"[0,1,0,0]",True,True,31,f6db9f775c5b258e2c4a9c624d5b8b292a73dbba30ee0f995096b83b66891e18,True,False,False,False,READY_FOR_COMMON_BASIS_REBASE
314,78,72,"[2,2,2,0]","[2,2,0,0]",2,e2,"[0,0,1,0]",True,True,35,3cd8a385a41f7fb8802d9ae5519c1f7fd5f56f5a135760d3eb736a0e99668cad,True,False,False,False,READY_FOR_COMMON_BASIS_REBASE
315,78,79,"[2,2,2,0]","[2,2,2,1]",3,e3,"[0,0,0,1]",True,True,32,8811065f860d540884283b3fecf5de8bf39cf696480bf15708aada275b512658,True,False,False,False,READY_FOR_COMMON_BASIS_REBASE
316,79,25,"[2,2,2,1]","[0,2,2,1]",0,e0,"[1,0,0,0]",True,True,35,b7ea8a47735070e051ae13dc06dd78501013e2ce4045c1ae90a66ac227ac926b,True,False,False,False,READY_FOR_COMMON_BASIS_REBASE
317,79,61,"[2,2,2,1]","[2,0,2,1]",1,e1,"[0,1,0,0]",True,True,31,f6db9f775c5b258e2c4a9c624d5b8b292a73dbba30ee0f995096b83b66891e18,True,False,False,False,READY_FOR_COMMON_BASIS_REBASE
318,79,73,"[2,2,2,1]","[2,2,0,1]",2,e2,"[0,0,1,0]",True,True,35,3cd8a385a41f7fb8802d9ae5519c1f7fd5f56f5a135760d3eb736a0e99668cad,True,False,False,False,READY_FOR_COMMON_BASIS_REBASE
319,79,80,"[2,2,2,1]","[2,2,2,2]",3,e3,"[0,0,0,1]",True,True,32,8811065f860d540884283b3fecf5de8bf39cf696480bf15708aada275b512658,True,False,False,False,READY_FOR_COMMON_BASIS_REBASE
320,80,26,"[2,2,2,2]","[0,2,2,2]",0,e0,"[1,0,0,0]",True,True,35,b7ea8a47735070e051ae13dc06dd78501013e2ce4045c1ae90a66ac227ac926b,True,False,False,False,READY_FOR_COMMON_BASIS_REBASE
321,80,62,"[2,2,2,2]","[2,0,2,2]",1,e1,"[0,1,0,0]",True,True,31,f6db9f775c5b258e2c4a9c624d5b8b292a73dbba30ee0f995096b83b66891e18,True,False,False,False,READY_FOR_COMMON_BASIS_REBASE
322,80,74,"[2,2,2,2]","[2,2,0,2]",2,e2,"[0,0,1,0]",True,True,35,3cd8a385a41f7fb8802d9ae5519c1f7fd5f56f5a135760d3eb736a0e99668cad,True,False,False,False,READY_FOR_COMMON_BASIS_REBASE
323,80,78,"[2,2,2,2]","[2,2,2,0]",3,e3,"[0,0,0,1]",True,True,32,8811065f860d540884283b3fecf5de8bf39cf696480bf15708aada275b512658,True,False,False,False,READY_FOR_COMMON_BASIS_REBASE
