square_id,base_K_index,base_K_exponents,left_generator_index,right_generator_index,left_generator,right_generator,endpoint_K_index,endpoint_K_exponents,left_then_right_edge_job_ids,right_then_left_edge_job_ids,generator_templates_available,common_basis_compositions_emitted,strict_equality_computed,chain_homotopy_emitted,coherence_closed,status
0,0,"[0,0,0,0]",0,1,e0,e1,36,"[1,1,0,0]","[0,109]","[1,36]",True,False,False,False,False,OPEN_COMMON_BASIS_COMPOSITIONS_NOT_EMITTED
1,0,"[0,0,0,0]",0,2,e0,e2,30,"[1,0,1,0]","[0,110]","[2,12]",True,False,False,False,False,OPEN_COMMON_BASIS_COMPOSITIONS_NOT_EMITTED
2,0,"[0,0,0,0]",0,3,e0,e3,28,"[1,0,0,1]","[0,111]","[3,4]",True,False,False,False,False,OPEN_COMMON_BASIS_COMPOSITIONS_NOT_EMITTED
3,0,"[0,0,0,0]",1,2,e1,e2,12,"[0,1,1,0]","[1,38]","[2,13]",True,False,False,False,False,OPEN_COMMON_BASIS_COMPOSITIONS_NOT_EMITTED
4,0,"[0,0,0,0]",1,3,e1,e3,10,"[0,1,0,1]","[1,39]","[3,5]",True,False,False,False,False,OPEN_COMMON_BASIS_COMPOSITIONS_NOT_EMITTED
5,0,"[0,0,0,0]",2,3,e2,e3,4,"[0,0,1,1]","[2,15]","[3,6]",True,False,False,False,False,OPEN_COMMON_BASIS_COMPOSITIONS_NOT_EMITTED
6,1,"[0,0,0,1]",0,1,e0,e1,37,"[1,1,0,1]","[4,113]","[5,40]",True,False,False,False,False,OPEN_COMMON_BASIS_COMPOSITIONS_NOT_EMITTED
7,1,"[0,0,0,1]",0,2,e0,e2,31,"[1,0,1,1]","[4,114]","[6,16]",True,False,False,False,False,OPEN_COMMON_BASIS_COMPOSITIONS_NOT_EMITTED
8,1,"[0,0,0,1]",0,3,e0,e3,29,"[1,0,0,2]","[4,115]","[7,8]",True,False,False,False,False,OPEN_COMMON_BASIS_COMPOSITIONS_NOT_EMITTED
9,1,"[0,0,0,1]",1,2,e1,e2,13,"[0,1,1,1]","[5,42]","[6,17]",True,False,False,False,False,OPEN_COMMON_BASIS_COMPOSITIONS_NOT_EMITTED
10,1,"[0,0,0,1]",1,3,e1,e3,11,"[0,1,0,2]","[5,43]","[7,9]",True,False,False,False,False,OPEN_COMMON_BASIS_COMPOSITIONS_NOT_EMITTED
11,1,"[0,0,0,1]",2,3,e2,e3,5,"[0,0,1,2]","[6,19]","[7,10]",True,False,False,False,False,OPEN_COMMON_BASIS_COMPOSITIONS_NOT_EMITTED
12,2,"[0,0,0,2]",0,1,e0,e1,38,"[1,1,0,2]","[8,117]","[9,44]",True,False,False,False,False,OPEN_COMMON_BASIS_COMPOSITIONS_NOT_EMITTED
13,2,"[0,0,0,2]",0,2,e0,e2,32,"[1,0,1,2]","[8,118]","[10,20]",True,False,False,False,False,OPEN_COMMON_BASIS_COMPOSITIONS_NOT_EMITTED
14,2,"[0,0,0,2]",0,3,e0,e3,27,"[1,0,0,0]","[8,119]","[11,0]",True,False,False,False,False,OPEN_COMMON_BASIS_COMPOSITIONS_NOT_EMITTED
15,2,"[0,0,0,2]",1,2,e1,e2,14,"[0,1,1,2]","[9,46]","[10,21]",True,False,False,False,False,OPEN_COMMON_BASIS_COMPOSITIONS_NOT_EMITTED
16,2,"[0,0,0,2]",1,3,e1,e3,9,"[0,1,0,0]","[9,47]","[11,1]",True,False,False,False,False,OPEN_COMMON_BASIS_COMPOSITIONS_NOT_EMITTED
17,2,"[0,0,0,2]",2,3,e2,e3,3,"[0,0,1,0]","[10,23]","[11,2]",True,False,False,False,False,OPEN_COMMON_BASIS_COMPOSITIONS_NOT_EMITTED
18,3,"[0,0,1,0]",0,1,e0,e1,39,"[1,1,1,0]","[12,121]","[13,48]",True,False,False,False,False,OPEN_COMMON_BASIS_COMPOSITIONS_NOT_EMITTED
19,3,"[0,0,1,0]",0,2,e0,e2,33,"[1,0,2,0]","[12,122]","[14,24]",True,False,False,False,False,OPEN_COMMON_BASIS_COMPOSITIONS_NOT_EMITTED
20,3,"[0,0,1,0]",0,3,e0,e3,31,"[1,0,1,1]","[12,123]","[15,16]",True,False,False,False,False,OPEN_COMMON_BASIS_COMPOSITIONS_NOT_EMITTED
21,3,"[0,0,1,0]",1,2,e1,e2,15,"[0,1,2,0]","[13,50]","[14,25]",True,False,False,False,False,OPEN_COMMON_BASIS_COMPOSITIONS_NOT_EMITTED
22,3,"[0,0,1,0]",1,3,e1,e3,13,"[0,1,1,1]","[13,51]","[15,17]",True,False,False,False,False,OPEN_COMMON_BASIS_COMPOSITIONS_NOT_EMITTED
23,3,"[0,0,1,0]",2,3,e2,e3,7,"[0,0,2,1]","[14,27]","[15,18]",True,False,False,False,False,OPEN_COMMON_BASIS_COMPOSITIONS_NOT_EMITTED
24,4,"[0,0,1,1]",0,1,e0,e1,40,"[1,1,1,1]","[16,125]","[17,52]",True,False,False,False,False,OPEN_COMMON_BASIS_COMPOSITIONS_NOT_EMITTED
25,4,"[0,0,1,1]",0,2,e0,e2,34,"[1,0,2,1]","[16,126]","[18,28]",True,False,False,False,False,OPEN_COMMON_BASIS_COMPOSITIONS_NOT_EMITTED
26,4,"[0,0,1,1]",0,3,e0,e3,32,"[1,0,1,2]","[16,127]","[19,20]",True,False,False,False,False,OPEN_COMMON_BASIS_COMPOSITIONS_NOT_EMITTED
27,4,"[0,0,1,1]",1,2,e1,e2,16,"[0,1,2,1]","[17,54]","[18,29]",True,False,False,False,False,OPEN_COMMON_BASIS_COMPOSITIONS_NOT_EMITTED
28,4,"[0,0,1,1]",1,3,e1,e3,14,"[0,1,1,2]","[17,55]","[19,21]",True,False,False,False,False,OPEN_COMMON_BASIS_COMPOSITIONS_NOT_EMITTED
29,4,"[0,0,1,1]",2,3,e2,e3,8,"[0,0,2,2]","[18,31]","[19,22]",True,False,False,False,False,OPEN_COMMON_BASIS_COMPOSITIONS_NOT_EMITTED
30,5,"[0,0,1,2]",0,1,e0,e1,41,"[1,1,1,2]","[20,129]","[21,56]",True,False,False,False,False,OPEN_COMMON_BASIS_COMPOSITIONS_NOT_EMITTED
31,5,"[0,0,1,2]",0,2,e0,e2,35,"[1,0,2,2]","[20,130]","[22,32]",True,False,False,False,False,OPEN_COMMON_BASIS_COMPOSITIONS_NOT_EMITTED
32,5,"[0,0,1,2]",0,3,e0,e3,30,"[1,0,1,0]","[20,131]","[23,12]",True,False,False,False,False,OPEN_COMMON_BASIS_COMPOSITIONS_NOT_EMITTED
33,5,"[0,0,1,2]",1,2,e1,e2,17,"[0,1,2,2]","[21,58]","[22,33]",True,False,False,False,False,OPEN_COMMON_BASIS_COMPOSITIONS_NOT_EMITTED
34,5,"[0,0,1,2]",1,3,e1,e3,12,"[0,1,1,0]","[21,59]","[23,13]",True,False,False,False,False,OPEN_COMMON_BASIS_COMPOSITIONS_NOT_EMITTED
35,5,"[0,0,1,2]",2,3,e2,e3,6,"[0,0,2,0]","[22,35]","[23,14]",True,False,False,False,False,OPEN_COMMON_BASIS_COMPOSITIONS_NOT_EMITTED
36,6,"[0,0,2,0]",0,1,e0,e1,42,"[1,1,2,0]","[24,133]","[25,60]",True,False,False,False,False,OPEN_COMMON_BASIS_COMPOSITIONS_NOT_EMITTED
37,6,"[0,0,2,0]",0,2,e0,e2,27,"[1,0,0,0]","[24,134]","[26,0]",True,False,False,False,False,OPEN_COMMON_BASIS_COMPOSITIONS_NOT_EMITTED
38,6,"[0,0,2,0]",0,3,e0,e3,34,"[1,0,2,1]","[24,135]","[27,28]",True,False,False,False,False,OPEN_COMMON_BASIS_COMPOSITIONS_NOT_EMITTED
39,6,"[0,0,2,0]",1,2,e1,e2,9,"[0,1,0,0]","[25,62]","[26,1]",True,False,False,False,False,OPEN_COMMON_BASIS_COMPOSITIONS_NOT_EMITTED
40,6,"[0,0,2,0]",1,3,e1,e3,16,"[0,1,2,1]","[25,63]","[27,29]",True,False,False,False,False,OPEN_COMMON_BASIS_COMPOSITIONS_NOT_EMITTED
41,6,"[0,0,2,0]",2,3,e2,e3,1,"[0,0,0,1]","[26,3]","[27,30]",True,False,False,False,False,OPEN_COMMON_BASIS_COMPOSITIONS_NOT_EMITTED
42,7,"[0,0,2,1]",0,1,e0,e1,43,"[1,1,2,1]","[28,137]","[29,64]",True,False,False,False,False,OPEN_COMMON_BASIS_COMPOSITIONS_NOT_EMITTED
43,7,"[0,0,2,1]",0,2,e0,e2,28,"[1,0,0,1]","[28,138]","[30,4]",True,False,False,False,False,OPEN_COMMON_BASIS_COMPOSITIONS_NOT_EMITTED
44,7,"[0,0,2,1]",0,3,e0,e3,35,"[1,0,2,2]","[28,139]","[31,32]",True,False,False,False,False,OPEN_COMMON_BASIS_COMPOSITIONS_NOT_EMITTED
45,7,"[0,0,2,1]",1,2,e1,e2,10,"[0,1,0,1]","[29,66]","[30,5]",True,False,False,False,False,OPEN_COMMON_BASIS_COMPOSITIONS_NOT_EMITTED
46,7,"[0,0,2,1]",1,3,e1,e3,17,"[0,1,2,2]","[29,67]","[31,33]",True,False,False,False,False,OPEN_COMMON_BASIS_COMPOSITIONS_NOT_EMITTED
47,7,"[0,0,2,1]",2,3,e2,e3,2,"[0,0,0,2]","[30,7]","[31,34]",True,False,False,False,False,OPEN_COMMON_BASIS_COMPOSITIONS_NOT_EMITTED
48,8,"[0,0,2,2]",0,1,e0,e1,44,"[1,1,2,2]","[32,141]","[33,68]",True,False,False,False,False,OPEN_COMMON_BASIS_COMPOSITIONS_NOT_EMITTED
49,8,"[0,0,2,2]",0,2,e0,e2,29,"[1,0,0,2]","[32,142]","[34,8]",True,False,False,False,False,OPEN_COMMON_BASIS_COMPOSITIONS_NOT_EMITTED
50,8,"[0,0,2,2]",0,3,e0,e3,33,"[1,0,2,0]","[32,143]","[35,24]",True,False,False,False,False,OPEN_COMMON_BASIS_COMPOSITIONS_NOT_EMITTED
51,8,"[0,0,2,2]",1,2,e1,e2,11,"[0,1,0,2]","[33,70]","[34,9]",True,False,False,False,False,OPEN_COMMON_BASIS_COMPOSITIONS_NOT_EMITTED
52,8,"[0,0,2,2]",1,3,e1,e3,15,"[0,1,2,0]","[33,71]","[35,25]",True,False,False,False,False,OPEN_COMMON_BASIS_COMPOSITIONS_NOT_EMITTED
53,8,"[0,0,2,2]",2,3,e2,e3,0,"[0,0,0,0]","[34,11]","[35,26]",True,False,False,False,False,OPEN_COMMON_BASIS_COMPOSITIONS_NOT_EMITTED
54,9,"[0,1,0,0]",0,1,e0,e1,45,"[1,2,0,0]","[36,145]","[37,72]",True,False,False,False,False,OPEN_COMMON_BASIS_COMPOSITIONS_NOT_EMITTED
55,9,"[0,1,0,0]",0,2,e0,e2,39,"[1,1,1,0]","[36,146]","[38,48]",True,False,False,False,False,OPEN_COMMON_BASIS_COMPOSITIONS_NOT_EMITTED
56,9,"[0,1,0,0]",0,3,e0,e3,37,"[1,1,0,1]","[36,147]","[39,40]",True,False,False,False,False,OPEN_COMMON_BASIS_COMPOSITIONS_NOT_EMITTED
57,9,"[0,1,0,0]",1,2,e1,e2,21,"[0,2,1,0]","[37,74]","[38,49]",True,False,False,False,False,OPEN_COMMON_BASIS_COMPOSITIONS_NOT_EMITTED
58,9,"[0,1,0,0]",1,3,e1,e3,19,"[0,2,0,1]","[37,75]","[39,41]",True,False,False,False,False,OPEN_COMMON_BASIS_COMPOSITIONS_NOT_EMITTED
59,9,"[0,1,0,0]",2,3,e2,e3,13,"[0,1,1,1]","[38,51]","[39,42]",True,False,False,False,False,OPEN_COMMON_BASIS_COMPOSITIONS_NOT_EMITTED
60,10,"[0,1,0,1]",0,1,e0,e1,46,"[1,2,0,1]","[40,149]","[41,76]",True,False,False,False,False,OPEN_COMMON_BASIS_COMPOSITIONS_NOT_EMITTED
61,10,"[0,1,0,1]",0,2,e0,e2,40,"[1,1,1,1]","[40,150]","[42,52]",True,False,False,False,False,OPEN_COMMON_BASIS_COMPOSITIONS_NOT_EMITTED
62,10,"[0,1,0,1]",0,3,e0,e3,38,"[1,1,0,2]","[40,151]","[43,44]",True,False,False,False,False,OPEN_COMMON_BASIS_COMPOSITIONS_NOT_EMITTED
63,10,"[0,1,0,1]",1,2,e1,e2,22,"[0,2,1,1]","[41,78]","[42,53]",True,False,False,False,False,OPEN_COMMON_BASIS_COMPOSITIONS_NOT_EMITTED
64,10,"[0,1,0,1]",1,3,e1,e3,20,"[0,2,0,2]","[41,79]","[43,45]",True,False,False,False,False,OPEN_COMMON_BASIS_COMPOSITIONS_NOT_EMITTED
65,10,"[0,1,0,1]",2,3,e2,e3,14,"[0,1,1,2]","[42,55]","[43,46]",True,False,False,False,False,OPEN_COMMON_BASIS_COMPOSITIONS_NOT_EMITTED
66,11,"[0,1,0,2]",0,1,e0,e1,47,"[1,2,0,2]","[44,153]","[45,80]",True,False,False,False,False,OPEN_COMMON_BASIS_COMPOSITIONS_NOT_EMITTED
67,11,"[0,1,0,2]",0,2,e0,e2,41,"[1,1,1,2]","[44,154]","[46,56]",True,False,False,False,False,OPEN_COMMON_BASIS_COMPOSITIONS_NOT_EMITTED
68,11,"[0,1,0,2]",0,3,e0,e3,36,"[1,1,0,0]","[44,155]","[47,36]",True,False,False,False,False,OPEN_COMMON_BASIS_COMPOSITIONS_NOT_EMITTED
69,11,"[0,1,0,2]",1,2,e1,e2,23,"[0,2,1,2]","[45,82]","[46,57]",True,False,False,False,False,OPEN_COMMON_BASIS_COMPOSITIONS_NOT_EMITTED
70,11,"[0,1,0,2]",1,3,e1,e3,18,"[0,2,0,0]","[45,83]","[47,37]",True,False,False,False,False,OPEN_COMMON_BASIS_COMPOSITIONS_NOT_EMITTED
71,11,"[0,1,0,2]",2,3,e2,e3,12,"[0,1,1,0]","[46,59]","[47,38]",True,False,False,False,False,OPEN_COMMON_BASIS_COMPOSITIONS_NOT_EMITTED
72,12,"[0,1,1,0]",0,1,e0,e1,48,"[1,2,1,0]","[48,157]","[49,84]",True,False,False,False,False,OPEN_COMMON_BASIS_COMPOSITIONS_NOT_EMITTED
73,12,"[0,1,1,0]",0,2,e0,e2,42,"[1,1,2,0]","[48,158]","[50,60]",True,False,False,False,False,OPEN_COMMON_BASIS_COMPOSITIONS_NOT_EMITTED
74,12,"[0,1,1,0]",0,3,e0,e3,40,"[1,1,1,1]","[48,159]","[51,52]",True,False,False,False,False,OPEN_COMMON_BASIS_COMPOSITIONS_NOT_EMITTED
75,12,"[0,1,1,0]",1,2,e1,e2,24,"[0,2,2,0]","[49,86]","[50,61]",True,False,False,False,False,OPEN_COMMON_BASIS_COMPOSITIONS_NOT_EMITTED
76,12,"[0,1,1,0]",1,3,e1,e3,22,"[0,2,1,1]","[49,87]","[51,53]",True,False,False,False,False,OPEN_COMMON_BASIS_COMPOSITIONS_NOT_EMITTED
77,12,"[0,1,1,0]",2,3,e2,e3,16,"[0,1,2,1]","[50,63]","[51,54]",True,False,False,False,False,OPEN_COMMON_BASIS_COMPOSITIONS_NOT_EMITTED
78,13,"[0,1,1,1]",0,1,e0,e1,49,"[1,2,1,1]","[52,161]","[53,88]",True,False,False,False,False,OPEN_COMMON_BASIS_COMPOSITIONS_NOT_EMITTED
79,13,"[0,1,1,1]",0,2,e0,e2,43,"[1,1,2,1]","[52,162]","[54,64]",True,False,False,False,False,OPEN_COMMON_BASIS_COMPOSITIONS_NOT_EMITTED
80,13,"[0,1,1,1]",0,3,e0,e3,41,"[1,1,1,2]","[52,163]","[55,56]",True,False,False,False,False,OPEN_COMMON_BASIS_COMPOSITIONS_NOT_EMITTED
81,13,"[0,1,1,1]",1,2,e1,e2,25,"[0,2,2,1]","[53,90]","[54,65]",True,False,False,False,False,OPEN_COMMON_BASIS_COMPOSITIONS_NOT_EMITTED
82,13,"[0,1,1,1]",1,3,e1,e3,23,"[0,2,1,2]","[53,91]","[55,57]",True,False,False,False,False,OPEN_COMMON_BASIS_COMPOSITIONS_NOT_EMITTED
83,13,"[0,1,1,1]",2,3,e2,e3,17,"[0,1,2,2]","[54,67]","[55,58]",True,False,False,False,False,OPEN_COMMON_BASIS_COMPOSITIONS_NOT_EMITTED
84,14,"[0,1,1,2]",0,1,e0,e1,50,"[1,2,1,2]","[56,165]","[57,92]",True,False,False,False,False,OPEN_COMMON_BASIS_COMPOSITIONS_NOT_EMITTED
85,14,"[0,1,1,2]",0,2,e0,e2,44,"[1,1,2,2]","[56,166]","[58,68]",True,False,False,False,False,OPEN_COMMON_BASIS_COMPOSITIONS_NOT_EMITTED
86,14,"[0,1,1,2]",0,3,e0,e3,39,"[1,1,1,0]","[56,167]","[59,48]",True,False,False,False,False,OPEN_COMMON_BASIS_COMPOSITIONS_NOT_EMITTED
87,14,"[0,1,1,2]",1,2,e1,e2,26,"[0,2,2,2]","[57,94]","[58,69]",True,False,False,False,False,OPEN_COMMON_BASIS_COMPOSITIONS_NOT_EMITTED
88,14,"[0,1,1,2]",1,3,e1,e3,21,"[0,2,1,0]","[57,95]","[59,49]",True,False,False,False,False,OPEN_COMMON_BASIS_COMPOSITIONS_NOT_EMITTED
89,14,"[0,1,1,2]",2,3,e2,e3,15,"[0,1,2,0]","[58,71]","[59,50]",True,False,False,False,False,OPEN_COMMON_BASIS_COMPOSITIONS_NOT_EMITTED
90,15,"[0,1,2,0]",0,1,e0,e1,51,"[1,2,2,0]","[60,169]","[61,96]",True,False,False,False,False,OPEN_COMMON_BASIS_COMPOSITIONS_NOT_EMITTED
91,15,"[0,1,2,0]",0,2,e0,e2,36,"[1,1,0,0]","[60,170]","[62,36]",True,False,False,False,False,OPEN_COMMON_BASIS_COMPOSITIONS_NOT_EMITTED
92,15,"[0,1,2,0]",0,3,e0,e3,43,"[1,1,2,1]","[60,171]","[63,64]",True,False,False,False,False,OPEN_COMMON_BASIS_COMPOSITIONS_NOT_EMITTED
93,15,"[0,1,2,0]",1,2,e1,e2,18,"[0,2,0,0]","[61,98]","[62,37]",True,False,False,False,False,OPEN_COMMON_BASIS_COMPOSITIONS_NOT_EMITTED
94,15,"[0,1,2,0]",1,3,e1,e3,25,"[0,2,2,1]","[61,99]","[63,65]",True,False,False,False,False,OPEN_COMMON_BASIS_COMPOSITIONS_NOT_EMITTED
95,15,"[0,1,2,0]",2,3,e2,e3,10,"[0,1,0,1]","[62,39]","[63,66]",True,False,False,False,False,OPEN_COMMON_BASIS_COMPOSITIONS_NOT_EMITTED
96,16,"[0,1,2,1]",0,1,e0,e1,52,"[1,2,2,1]","[64,173]","[65,100]",True,False,False,False,False,OPEN_COMMON_BASIS_COMPOSITIONS_NOT_EMITTED
97,16,"[0,1,2,1]",0,2,e0,e2,37,"[1,1,0,1]","[64,174]","[66,40]",True,False,False,False,False,OPEN_COMMON_BASIS_COMPOSITIONS_NOT_EMITTED
98,16,"[0,1,2,1]",0,3,e0,e3,44,"[1,1,2,2]","[64,175]","[67,68]",True,False,False,False,False,OPEN_COMMON_BASIS_COMPOSITIONS_NOT_EMITTED
99,16,"[0,1,2,1]",1,2,e1,e2,19,"[0,2,0,1]","[65,102]","[66,41]",True,False,False,False,False,OPEN_COMMON_BASIS_COMPOSITIONS_NOT_EMITTED
100,16,"[0,1,2,1]",1,3,e1,e3,26,"[0,2,2,2]","[65,103]","[67,69]",True,False,False,False,False,OPEN_COMMON_BASIS_COMPOSITIONS_NOT_EMITTED
101,16,"[0,1,2,1]",2,3,e2,e3,11,"[0,1,0,2]","[66,43]","[67,70]",True,False,False,False,False,OPEN_COMMON_BASIS_COMPOSITIONS_NOT_EMITTED
102,17,"[0,1,2,2]",0,1,e0,e1,53,"[1,2,2,2]","[68,177]","[69,104]",True,False,False,False,False,OPEN_COMMON_BASIS_COMPOSITIONS_NOT_EMITTED
103,17,"[0,1,2,2]",0,2,e0,e2,38,"[1,1,0,2]","[68,178]","[70,44]",True,False,False,False,False,OPEN_COMMON_BASIS_COMPOSITIONS_NOT_EMITTED
104,17,"[0,1,2,2]",0,3,e0,e3,42,"[1,1,2,0]","[68,179]","[71,60]",True,False,False,False,False,OPEN_COMMON_BASIS_COMPOSITIONS_NOT_EMITTED
105,17,"[0,1,2,2]",1,2,e1,e2,20,"[0,2,0,2]","[69,106]","[70,45]",True,False,False,False,False,OPEN_COMMON_BASIS_COMPOSITIONS_NOT_EMITTED
106,17,"[0,1,2,2]",1,3,e1,e3,24,"[0,2,2,0]","[69,107]","[71,61]",True,False,False,False,False,OPEN_COMMON_BASIS_COMPOSITIONS_NOT_EMITTED
107,17,"[0,1,2,2]",2,3,e2,e3,9,"[0,1,0,0]","[70,47]","[71,62]",True,False,False,False,False,OPEN_COMMON_BASIS_COMPOSITIONS_NOT_EMITTED
108,18,"[0,2,0,0]",0,1,e0,e1,27,"[1,0,0,0]","[72,181]","[73,0]",True,False,False,False,False,OPEN_COMMON_BASIS_COMPOSITIONS_NOT_EMITTED
109,18,"[0,2,0,0]",0,2,e0,e2,48,"[1,2,1,0]","[72,182]","[74,84]",True,False,False,False,False,OPEN_COMMON_BASIS_COMPOSITIONS_NOT_EMITTED
110,18,"[0,2,0,0]",0,3,e0,e3,46,"[1,2,0,1]","[72,183]","[75,76]",True,False,False,False,False,OPEN_COMMON_BASIS_COMPOSITIONS_NOT_EMITTED
111,18,"[0,2,0,0]",1,2,e1,e2,3,"[0,0,1,0]","[73,2]","[74,85]",True,False,False,False,False,OPEN_COMMON_BASIS_COMPOSITIONS_NOT_EMITTED
112,18,"[0,2,0,0]",1,3,e1,e3,1,"[0,0,0,1]","[73,3]","[75,77]",True,False,False,False,False,OPEN_COMMON_BASIS_COMPOSITIONS_NOT_EMITTED
113,18,"[0,2,0,0]",2,3,e2,e3,22,"[0,2,1,1]","[74,87]","[75,78]",True,False,False,False,False,OPEN_COMMON_BASIS_COMPOSITIONS_NOT_EMITTED
114,19,"[0,2,0,1]",0,1,e0,e1,28,"[1,0,0,1]","[76,185]","[77,4]",True,False,False,False,False,OPEN_COMMON_BASIS_COMPOSITIONS_NOT_EMITTED
115,19,"[0,2,0,1]",0,2,e0,e2,49,"[1,2,1,1]","[76,186]","[78,88]",True,False,False,False,False,OPEN_COMMON_BASIS_COMPOSITIONS_NOT_EMITTED
116,19,"[0,2,0,1]",0,3,e0,e3,47,"[1,2,0,2]","[76,187]","[79,80]",True,False,False,False,False,OPEN_COMMON_BASIS_COMPOSITIONS_NOT_EMITTED
117,19,"[0,2,0,1]",1,2,e1,e2,4,"[0,0,1,1]","[77,6]","[78,89]",True,False,False,False,False,OPEN_COMMON_BASIS_COMPOSITIONS_NOT_EMITTED
118,19,"[0,2,0,1]",1,3,e1,e3,2,"[0,0,0,2]","[77,7]","[79,81]",True,False,False,False,False,OPEN_COMMON_BASIS_COMPOSITIONS_NOT_EMITTED
119,19,"[0,2,0,1]",2,3,e2,e3,23,"[0,2,1,2]","[78,91]","[79,82]",True,False,False,False,False,OPEN_COMMON_BASIS_COMPOSITIONS_NOT_EMITTED
120,20,"[0,2,0,2]",0,1,e0,e1,29,"[1,0,0,2]","[80,189]","[81,8]",True,False,False,False,False,OPEN_COMMON_BASIS_COMPOSITIONS_NOT_EMITTED
121,20,"[0,2,0,2]",0,2,e0,e2,50,"[1,2,1,2]","[80,190]","[82,92]",True,False,False,False,False,OPEN_COMMON_BASIS_COMPOSITIONS_NOT_EMITTED
122,20,"[0,2,0,2]",0,3,e0,e3,45,"[1,2,0,0]","[80,191]","[83,72]",True,False,False,False,False,OPEN_COMMON_BASIS_COMPOSITIONS_NOT_EMITTED
123,20,"[0,2,0,2]",1,2,e1,e2,5,"[0,0,1,2]","[81,10]","[82,93]",True,False,False,False,False,OPEN_COMMON_BASIS_COMPOSITIONS_NOT_EMITTED
124,20,"[0,2,0,2]",1,3,e1,e3,0,"[0,0,0,0]","[81,11]","[83,73]",True,False,False,False,False,OPEN_COMMON_BASIS_COMPOSITIONS_NOT_EMITTED
125,20,"[0,2,0,2]",2,3,e2,e3,21,"[0,2,1,0]","[82,95]","[83,74]",True,False,False,False,False,OPEN_COMMON_BASIS_COMPOSITIONS_NOT_EMITTED
126,21,"[0,2,1,0]",0,1,e0,e1,30,"[1,0,1,0]","[84,193]","[85,12]",True,False,False,False,False,OPEN_COMMON_BASIS_COMPOSITIONS_NOT_EMITTED
127,21,"[0,2,1,0]",0,2,e0,e2,51,"[1,2,2,0]","[84,194]","[86,96]",True,False,False,False,False,OPEN_COMMON_BASIS_COMPOSITIONS_NOT_EMITTED
128,21,"[0,2,1,0]",0,3,e0,e3,49,"[1,2,1,1]","[84,195]","[87,88]",True,False,False,False,False,OPEN_COMMON_BASIS_COMPOSITIONS_NOT_EMITTED
129,21,"[0,2,1,0]",1,2,e1,e2,6,"[0,0,2,0]","[85,14]","[86,97]",True,False,False,False,False,OPEN_COMMON_BASIS_COMPOSITIONS_NOT_EMITTED
130,21,"[0,2,1,0]",1,3,e1,e3,4,"[0,0,1,1]","[85,15]","[87,89]",True,False,False,False,False,OPEN_COMMON_BASIS_COMPOSITIONS_NOT_EMITTED
131,21,"[0,2,1,0]",2,3,e2,e3,25,"[0,2,2,1]","[86,99]","[87,90]",True,False,False,False,False,OPEN_COMMON_BASIS_COMPOSITIONS_NOT_EMITTED
132,22,"[0,2,1,1]",0,1,e0,e1,31,"[1,0,1,1]","[88,197]","[89,16]",True,False,False,False,False,OPEN_COMMON_BASIS_COMPOSITIONS_NOT_EMITTED
133,22,"[0,2,1,1]",0,2,e0,e2,52,"[1,2,2,1]","[88,198]","[90,100]",True,False,False,False,False,OPEN_COMMON_BASIS_COMPOSITIONS_NOT_EMITTED
134,22,"[0,2,1,1]",0,3,e0,e3,50,"[1,2,1,2]","[88,199]","[91,92]",True,False,False,False,False,OPEN_COMMON_BASIS_COMPOSITIONS_NOT_EMITTED
135,22,"[0,2,1,1]",1,2,e1,e2,7,"[0,0,2,1]","[89,18]","[90,101]",True,False,False,False,False,OPEN_COMMON_BASIS_COMPOSITIONS_NOT_EMITTED
136,22,"[0,2,1,1]",1,3,e1,e3,5,"[0,0,1,2]","[89,19]","[91,93]",True,False,False,False,False,OPEN_COMMON_BASIS_COMPOSITIONS_NOT_EMITTED
137,22,"[0,2,1,1]",2,3,e2,e3,26,"[0,2,2,2]","[90,103]","[91,94]",True,False,False,False,False,OPEN_COMMON_BASIS_COMPOSITIONS_NOT_EMITTED
138,23,"[0,2,1,2]",0,1,e0,e1,32,"[1,0,1,2]","[92,201]","[93,20]",True,False,False,False,False,OPEN_COMMON_BASIS_COMPOSITIONS_NOT_EMITTED
139,23,"[0,2,1,2]",0,2,e0,e2,53,"[1,2,2,2]","[92,202]","[94,104]",True,False,False,False,False,OPEN_COMMON_BASIS_COMPOSITIONS_NOT_EMITTED
140,23,"[0,2,1,2]",0,3,e0,e3,48,"[1,2,1,0]","[92,203]","[95,84]",True,False,False,False,False,OPEN_COMMON_BASIS_COMPOSITIONS_NOT_EMITTED
141,23,"[0,2,1,2]",1,2,e1,e2,8,"[0,0,2,2]","[93,22]","[94,105]",True,False,False,False,False,OPEN_COMMON_BASIS_COMPOSITIONS_NOT_EMITTED
142,23,"[0,2,1,2]",1,3,e1,e3,3,"[0,0,1,0]","[93,23]","[95,85]",True,False,False,False,False,OPEN_COMMON_BASIS_COMPOSITIONS_NOT_EMITTED
143,23,"[0,2,1,2]",2,3,e2,e3,24,"[0,2,2,0]","[94,107]","[95,86]",True,False,False,False,False,OPEN_COMMON_BASIS_COMPOSITIONS_NOT_EMITTED
144,24,"[0,2,2,0]",0,1,e0,e1,33,"[1,0,2,0]","[96,205]","[97,24]",True,False,False,False,False,OPEN_COMMON_BASIS_COMPOSITIONS_NOT_EMITTED
145,24,"[0,2,2,0]",0,2,e0,e2,45,"[1,2,0,0]","[96,206]","[98,72]",True,False,False,False,False,OPEN_COMMON_BASIS_COMPOSITIONS_NOT_EMITTED
146,24,"[0,2,2,0]",0,3,e0,e3,52,"[1,2,2,1]","[96,207]","[99,100]",True,False,False,False,False,OPEN_COMMON_BASIS_COMPOSITIONS_NOT_EMITTED
147,24,"[0,2,2,0]",1,2,e1,e2,0,"[0,0,0,0]","[97,26]","[98,73]",True,False,False,False,False,OPEN_COMMON_BASIS_COMPOSITIONS_NOT_EMITTED
148,24,"[0,2,2,0]",1,3,e1,e3,7,"[0,0,2,1]","[97,27]","[99,101]",True,False,False,False,False,OPEN_COMMON_BASIS_COMPOSITIONS_NOT_EMITTED
149,24,"[0,2,2,0]",2,3,e2,e3,19,"[0,2,0,1]","[98,75]","[99,102]",True,False,False,False,False,OPEN_COMMON_BASIS_COMPOSITIONS_NOT_EMITTED
150,25,"[0,2,2,1]",0,1,e0,e1,34,"[1,0,2,1]","[100,209]","[101,28]",True,False,False,False,False,OPEN_COMMON_BASIS_COMPOSITIONS_NOT_EMITTED
151,25,"[0,2,2,1]",0,2,e0,e2,46,"[1,2,0,1]","[100,210]","[102,76]",True,False,False,False,False,OPEN_COMMON_BASIS_COMPOSITIONS_NOT_EMITTED
152,25,"[0,2,2,1]",0,3,e0,e3,53,"[1,2,2,2]","[100,211]","[103,104]",True,False,False,False,False,OPEN_COMMON_BASIS_COMPOSITIONS_NOT_EMITTED
153,25,"[0,2,2,1]",1,2,e1,e2,1,"[0,0,0,1]","[101,30]","[102,77]",True,False,False,False,False,OPEN_COMMON_BASIS_COMPOSITIONS_NOT_EMITTED
154,25,"[0,2,2,1]",1,3,e1,e3,8,"[0,0,2,2]","[101,31]","[103,105]",True,False,False,False,False,OPEN_COMMON_BASIS_COMPOSITIONS_NOT_EMITTED
155,25,"[0,2,2,1]",2,3,e2,e3,20,"[0,2,0,2]","[102,79]","[103,106]",True,False,False,False,False,OPEN_COMMON_BASIS_COMPOSITIONS_NOT_EMITTED
156,26,"[0,2,2,2]",0,1,e0,e1,35,"[1,0,2,2]","[104,213]","[105,32]",True,False,False,False,False,OPEN_COMMON_BASIS_COMPOSITIONS_NOT_EMITTED
157,26,"[0,2,2,2]",0,2,e0,e2,47,"[1,2,0,2]","[104,214]","[106,80]",True,False,False,False,False,OPEN_COMMON_BASIS_COMPOSITIONS_NOT_EMITTED
158,26,"[0,2,2,2]",0,3,e0,e3,51,"[1,2,2,0]","[104,215]","[107,96]",True,False,False,False,False,OPEN_COMMON_BASIS_COMPOSITIONS_NOT_EMITTED
159,26,"[0,2,2,2]",1,2,e1,e2,2,"[0,0,0,2]","[105,34]","[106,81]",True,False,False,False,False,OPEN_COMMON_BASIS_COMPOSITIONS_NOT_EMITTED
160,26,"[0,2,2,2]",1,3,e1,e3,6,"[0,0,2,0]","[105,35]","[107,97]",True,False,False,False,False,OPEN_COMMON_BASIS_COMPOSITIONS_NOT_EMITTED
161,26,"[0,2,2,2]",2,3,e2,e3,18,"[0,2,0,0]","[106,83]","[107,98]",True,False,False,False,False,OPEN_COMMON_BASIS_COMPOSITIONS_NOT_EMITTED
162,27,"[1,0,0,0]",0,1,e0,e1,63,"[2,1,0,0]","[108,217]","[109,144]",True,False,False,False,False,OPEN_COMMON_BASIS_COMPOSITIONS_NOT_EMITTED
163,27,"[1,0,0,0]",0,2,e0,e2,57,"[2,0,1,0]","[108,218]","[110,120]",True,False,False,False,False,OPEN_COMMON_BASIS_COMPOSITIONS_NOT_EMITTED
164,27,"[1,0,0,0]",0,3,e0,e3,55,"[2,0,0,1]","[108,219]","[111,112]",True,False,False,False,False,OPEN_COMMON_BASIS_COMPOSITIONS_NOT_EMITTED
165,27,"[1,0,0,0]",1,2,e1,e2,39,"[1,1,1,0]","[109,146]","[110,121]",True,False,False,False,False,OPEN_COMMON_BASIS_COMPOSITIONS_NOT_EMITTED
166,27,"[1,0,0,0]",1,3,e1,e3,37,"[1,1,0,1]","[109,147]","[111,113]",True,False,False,False,False,OPEN_COMMON_BASIS_COMPOSITIONS_NOT_EMITTED
167,27,"[1,0,0,0]",2,3,e2,e3,31,"[1,0,1,1]","[110,123]","[111,114]",True,False,False,False,False,OPEN_COMMON_BASIS_COMPOSITIONS_NOT_EMITTED
168,28,"[1,0,0,1]",0,1,e0,e1,64,"[2,1,0,1]","[112,221]","[113,148]",True,False,False,False,False,OPEN_COMMON_BASIS_COMPOSITIONS_NOT_EMITTED
169,28,"[1,0,0,1]",0,2,e0,e2,58,"[2,0,1,1]","[112,222]","[114,124]",True,False,False,False,False,OPEN_COMMON_BASIS_COMPOSITIONS_NOT_EMITTED
170,28,"[1,0,0,1]",0,3,e0,e3,56,"[2,0,0,2]","[112,223]","[115,116]",True,False,False,False,False,OPEN_COMMON_BASIS_COMPOSITIONS_NOT_EMITTED
171,28,"[1,0,0,1]",1,2,e1,e2,40,"[1,1,1,1]","[113,150]","[114,125]",True,False,False,False,False,OPEN_COMMON_BASIS_COMPOSITIONS_NOT_EMITTED
172,28,"[1,0,0,1]",1,3,e1,e3,38,"[1,1,0,2]","[113,151]","[115,117]",True,False,False,False,False,OPEN_COMMON_BASIS_COMPOSITIONS_NOT_EMITTED
173,28,"[1,0,0,1]",2,3,e2,e3,32,"[1,0,1,2]","[114,127]","[115,118]",True,False,False,False,False,OPEN_COMMON_BASIS_COMPOSITIONS_NOT_EMITTED
174,29,"[1,0,0,2]",0,1,e0,e1,65,"[2,1,0,2]","[116,225]","[117,152]",True,False,False,False,False,OPEN_COMMON_BASIS_COMPOSITIONS_NOT_EMITTED
175,29,"[1,0,0,2]",0,2,e0,e2,59,"[2,0,1,2]","[116,226]","[118,128]",True,False,False,False,False,OPEN_COMMON_BASIS_COMPOSITIONS_NOT_EMITTED
176,29,"[1,0,0,2]",0,3,e0,e3,54,"[2,0,0,0]","[116,227]","[119,108]",True,False,False,False,False,OPEN_COMMON_BASIS_COMPOSITIONS_NOT_EMITTED
177,29,"[1,0,0,2]",1,2,e1,e2,41,"[1,1,1,2]","[117,154]","[118,129]",True,False,False,False,False,OPEN_COMMON_BASIS_COMPOSITIONS_NOT_EMITTED
178,29,"[1,0,0,2]",1,3,e1,e3,36,"[1,1,0,0]","[117,155]","[119,109]",True,False,False,False,False,OPEN_COMMON_BASIS_COMPOSITIONS_NOT_EMITTED
179,29,"[1,0,0,2]",2,3,e2,e3,30,"[1,0,1,0]","[118,131]","[119,110]",True,False,False,False,False,OPEN_COMMON_BASIS_COMPOSITIONS_NOT_EMITTED
180,30,"[1,0,1,0]",0,1,e0,e1,66,"[2,1,1,0]","[120,229]","[121,156]",True,False,False,False,False,OPEN_COMMON_BASIS_COMPOSITIONS_NOT_EMITTED
181,30,"[1,0,1,0]",0,2,e0,e2,60,"[2,0,2,0]","[120,230]","[122,132]",True,False,False,False,False,OPEN_COMMON_BASIS_COMPOSITIONS_NOT_EMITTED
182,30,"[1,0,1,0]",0,3,e0,e3,58,"[2,0,1,1]","[120,231]","[123,124]",True,False,False,False,False,OPEN_COMMON_BASIS_COMPOSITIONS_NOT_EMITTED
183,30,"[1,0,1,0]",1,2,e1,e2,42,"[1,1,2,0]","[121,158]","[122,133]",True,False,False,False,False,OPEN_COMMON_BASIS_COMPOSITIONS_NOT_EMITTED
184,30,"[1,0,1,0]",1,3,e1,e3,40,"[1,1,1,1]","[121,159]","[123,125]",True,False,False,False,False,OPEN_COMMON_BASIS_COMPOSITIONS_NOT_EMITTED
185,30,"[1,0,1,0]",2,3,e2,e3,34,"[1,0,2,1]","[122,135]","[123,126]",True,False,False,False,False,OPEN_COMMON_BASIS_COMPOSITIONS_NOT_EMITTED
186,31,"[1,0,1,1]",0,1,e0,e1,67,"[2,1,1,1]","[124,233]","[125,160]",True,False,False,False,False,OPEN_COMMON_BASIS_COMPOSITIONS_NOT_EMITTED
187,31,"[1,0,1,1]",0,2,e0,e2,61,"[2,0,2,1]","[124,234]","[126,136]",True,False,False,False,False,OPEN_COMMON_BASIS_COMPOSITIONS_NOT_EMITTED
188,31,"[1,0,1,1]",0,3,e0,e3,59,"[2,0,1,2]","[124,235]","[127,128]",True,False,False,False,False,OPEN_COMMON_BASIS_COMPOSITIONS_NOT_EMITTED
189,31,"[1,0,1,1]",1,2,e1,e2,43,"[1,1,2,1]","[125,162]","[126,137]",True,False,False,False,False,OPEN_COMMON_BASIS_COMPOSITIONS_NOT_EMITTED
190,31,"[1,0,1,1]",1,3,e1,e3,41,"[1,1,1,2]","[125,163]","[127,129]",True,False,False,False,False,OPEN_COMMON_BASIS_COMPOSITIONS_NOT_EMITTED
191,31,"[1,0,1,1]",2,3,e2,e3,35,"[1,0,2,2]","[126,139]","[127,130]",True,False,False,False,False,OPEN_COMMON_BASIS_COMPOSITIONS_NOT_EMITTED
192,32,"[1,0,1,2]",0,1,e0,e1,68,"[2,1,1,2]","[128,237]","[129,164]",True,False,False,False,False,OPEN_COMMON_BASIS_COMPOSITIONS_NOT_EMITTED
193,32,"[1,0,1,2]",0,2,e0,e2,62,"[2,0,2,2]","[128,238]","[130,140]",True,False,False,False,False,OPEN_COMMON_BASIS_COMPOSITIONS_NOT_EMITTED
194,32,"[1,0,1,2]",0,3,e0,e3,57,"[2,0,1,0]","[128,239]","[131,120]",True,False,False,False,False,OPEN_COMMON_BASIS_COMPOSITIONS_NOT_EMITTED
195,32,"[1,0,1,2]",1,2,e1,e2,44,"[1,1,2,2]","[129,166]","[130,141]",True,False,False,False,False,OPEN_COMMON_BASIS_COMPOSITIONS_NOT_EMITTED
196,32,"[1,0,1,2]",1,3,e1,e3,39,"[1,1,1,0]","[129,167]","[131,121]",True,False,False,False,False,OPEN_COMMON_BASIS_COMPOSITIONS_NOT_EMITTED
197,32,"[1,0,1,2]",2,3,e2,e3,33,"[1,0,2,0]","[130,143]","[131,122]",True,False,False,False,False,OPEN_COMMON_BASIS_COMPOSITIONS_NOT_EMITTED
198,33,"[1,0,2,0]",0,1,e0,e1,69,"[2,1,2,0]","[132,241]","[133,168]",True,False,False,False,False,OPEN_COMMON_BASIS_COMPOSITIONS_NOT_EMITTED
199,33,"[1,0,2,0]",0,2,e0,e2,54,"[2,0,0,0]","[132,242]","[134,108]",True,False,False,False,False,OPEN_COMMON_BASIS_COMPOSITIONS_NOT_EMITTED
200,33,"[1,0,2,0]",0,3,e0,e3,61,"[2,0,2,1]","[132,243]","[135,136]",True,False,False,False,False,OPEN_COMMON_BASIS_COMPOSITIONS_NOT_EMITTED
201,33,"[1,0,2,0]",1,2,e1,e2,36,"[1,1,0,0]","[133,170]","[134,109]",True,False,False,False,False,OPEN_COMMON_BASIS_COMPOSITIONS_NOT_EMITTED
202,33,"[1,0,2,0]",1,3,e1,e3,43,"[1,1,2,1]","[133,171]","[135,137]",True,False,False,False,False,OPEN_COMMON_BASIS_COMPOSITIONS_NOT_EMITTED
203,33,"[1,0,2,0]",2,3,e2,e3,28,"[1,0,0,1]","[134,111]","[135,138]",True,False,False,False,False,OPEN_COMMON_BASIS_COMPOSITIONS_NOT_EMITTED
204,34,"[1,0,2,1]",0,1,e0,e1,70,"[2,1,2,1]","[136,245]","[137,172]",True,False,False,False,False,OPEN_COMMON_BASIS_COMPOSITIONS_NOT_EMITTED
205,34,"[1,0,2,1]",0,2,e0,e2,55,"[2,0,0,1]","[136,246]","[138,112]",True,False,False,False,False,OPEN_COMMON_BASIS_COMPOSITIONS_NOT_EMITTED
206,34,"[1,0,2,1]",0,3,e0,e3,62,"[2,0,2,2]","[136,247]","[139,140]",True,False,False,False,False,OPEN_COMMON_BASIS_COMPOSITIONS_NOT_EMITTED
207,34,"[1,0,2,1]",1,2,e1,e2,37,"[1,1,0,1]","[137,174]","[138,113]",True,False,False,False,False,OPEN_COMMON_BASIS_COMPOSITIONS_NOT_EMITTED
208,34,"[1,0,2,1]",1,3,e1,e3,44,"[1,1,2,2]","[137,175]","[139,141]",True,False,False,False,False,OPEN_COMMON_BASIS_COMPOSITIONS_NOT_EMITTED
209,34,"[1,0,2,1]",2,3,e2,e3,29,"[1,0,0,2]","[138,115]","[139,142]",True,False,False,False,False,OPEN_COMMON_BASIS_COMPOSITIONS_NOT_EMITTED
210,35,"[1,0,2,2]",0,1,e0,e1,71,"[2,1,2,2]","[140,249]","[141,176]",True,False,False,False,False,OPEN_COMMON_BASIS_COMPOSITIONS_NOT_EMITTED
211,35,"[1,0,2,2]",0,2,e0,e2,56,"[2,0,0,2]","[140,250]","[142,116]",True,False,False,False,False,OPEN_COMMON_BASIS_COMPOSITIONS_NOT_EMITTED
212,35,"[1,0,2,2]",0,3,e0,e3,60,"[2,0,2,0]","[140,251]","[143,132]",True,False,False,False,False,OPEN_COMMON_BASIS_COMPOSITIONS_NOT_EMITTED
213,35,"[1,0,2,2]",1,2,e1,e2,38,"[1,1,0,2]","[141,178]","[142,117]",True,False,False,False,False,OPEN_COMMON_BASIS_COMPOSITIONS_NOT_EMITTED
214,35,"[1,0,2,2]",1,3,e1,e3,42,"[1,1,2,0]","[141,179]","[143,133]",True,False,False,False,False,OPEN_COMMON_BASIS_COMPOSITIONS_NOT_EMITTED
215,35,"[1,0,2,2]",2,3,e2,e3,27,"[1,0,0,0]","[142,119]","[143,134]",True,False,False,False,False,OPEN_COMMON_BASIS_COMPOSITIONS_NOT_EMITTED
216,36,"[1,1,0,0]",0,1,e0,e1,72,"[2,2,0,0]","[144,253]","[145,180]",True,False,False,False,False,OPEN_COMMON_BASIS_COMPOSITIONS_NOT_EMITTED
217,36,"[1,1,0,0]",0,2,e0,e2,66,"[2,1,1,0]","[144,254]","[146,156]",True,False,False,False,False,OPEN_COMMON_BASIS_COMPOSITIONS_NOT_EMITTED
218,36,"[1,1,0,0]",0,3,e0,e3,64,"[2,1,0,1]","[144,255]","[147,148]",True,False,False,False,False,OPEN_COMMON_BASIS_COMPOSITIONS_NOT_EMITTED
219,36,"[1,1,0,0]",1,2,e1,e2,48,"[1,2,1,0]","[145,182]","[146,157]",True,False,False,False,False,OPEN_COMMON_BASIS_COMPOSITIONS_NOT_EMITTED
220,36,"[1,1,0,0]",1,3,e1,e3,46,"[1,2,0,1]","[145,183]","[147,149]",True,False,False,False,False,OPEN_COMMON_BASIS_COMPOSITIONS_NOT_EMITTED
221,36,"[1,1,0,0]",2,3,e2,e3,40,"[1,1,1,1]","[146,159]","[147,150]",True,False,False,False,False,OPEN_COMMON_BASIS_COMPOSITIONS_NOT_EMITTED
222,37,"[1,1,0,1]",0,1,e0,e1,73,"[2,2,0,1]","[148,257]","[149,184]",True,False,False,False,False,OPEN_COMMON_BASIS_COMPOSITIONS_NOT_EMITTED
223,37,"[1,1,0,1]",0,2,e0,e2,67,"[2,1,1,1]","[148,258]","[150,160]",True,False,False,False,False,OPEN_COMMON_BASIS_COMPOSITIONS_NOT_EMITTED
224,37,"[1,1,0,1]",0,3,e0,e3,65,"[2,1,0,2]","[148,259]","[151,152]",True,False,False,False,False,OPEN_COMMON_BASIS_COMPOSITIONS_NOT_EMITTED
225,37,"[1,1,0,1]",1,2,e1,e2,49,"[1,2,1,1]","[149,186]","[150,161]",True,False,False,False,False,OPEN_COMMON_BASIS_COMPOSITIONS_NOT_EMITTED
226,37,"[1,1,0,1]",1,3,e1,e3,47,"[1,2,0,2]","[149,187]","[151,153]",True,False,False,False,False,OPEN_COMMON_BASIS_COMPOSITIONS_NOT_EMITTED
227,37,"[1,1,0,1]",2,3,e2,e3,41,"[1,1,1,2]","[150,163]","[151,154]",True,False,False,False,False,OPEN_COMMON_BASIS_COMPOSITIONS_NOT_EMITTED
228,38,"[1,1,0,2]",0,1,e0,e1,74,"[2,2,0,2]","[152,261]","[153,188]",True,False,False,False,False,OPEN_COMMON_BASIS_COMPOSITIONS_NOT_EMITTED
229,38,"[1,1,0,2]",0,2,e0,e2,68,"[2,1,1,2]","[152,262]","[154,164]",True,False,False,False,False,OPEN_COMMON_BASIS_COMPOSITIONS_NOT_EMITTED
230,38,"[1,1,0,2]",0,3,e0,e3,63,"[2,1,0,0]","[152,263]","[155,144]",True,False,False,False,False,OPEN_COMMON_BASIS_COMPOSITIONS_NOT_EMITTED
231,38,"[1,1,0,2]",1,2,e1,e2,50,"[1,2,1,2]","[153,190]","[154,165]",True,False,False,False,False,OPEN_COMMON_BASIS_COMPOSITIONS_NOT_EMITTED
232,38,"[1,1,0,2]",1,3,e1,e3,45,"[1,2,0,0]","[153,191]","[155,145]",True,False,False,False,False,OPEN_COMMON_BASIS_COMPOSITIONS_NOT_EMITTED
233,38,"[1,1,0,2]",2,3,e2,e3,39,"[1,1,1,0]","[154,167]","[155,146]",True,False,False,False,False,OPEN_COMMON_BASIS_COMPOSITIONS_NOT_EMITTED
234,39,"[1,1,1,0]",0,1,e0,e1,75,"[2,2,1,0]","[156,265]","[157,192]",True,False,False,False,False,OPEN_COMMON_BASIS_COMPOSITIONS_NOT_EMITTED
235,39,"[1,1,1,0]",0,2,e0,e2,69,"[2,1,2,0]","[156,266]","[158,168]",True,False,False,False,False,OPEN_COMMON_BASIS_COMPOSITIONS_NOT_EMITTED
236,39,"[1,1,1,0]",0,3,e0,e3,67,"[2,1,1,1]","[156,267]","[159,160]",True,False,False,False,False,OPEN_COMMON_BASIS_COMPOSITIONS_NOT_EMITTED
237,39,"[1,1,1,0]",1,2,e1,e2,51,"[1,2,2,0]","[157,194]","[158,169]",True,False,False,False,False,OPEN_COMMON_BASIS_COMPOSITIONS_NOT_EMITTED
238,39,"[1,1,1,0]",1,3,e1,e3,49,"[1,2,1,1]","[157,195]","[159,161]",True,False,False,False,False,OPEN_COMMON_BASIS_COMPOSITIONS_NOT_EMITTED
239,39,"[1,1,1,0]",2,3,e2,e3,43,"[1,1,2,1]","[158,171]","[159,162]",True,False,False,False,False,OPEN_COMMON_BASIS_COMPOSITIONS_NOT_EMITTED
240,40,"[1,1,1,1]",0,1,e0,e1,76,"[2,2,1,1]","[160,269]","[161,196]",True,False,False,False,False,OPEN_COMMON_BASIS_COMPOSITIONS_NOT_EMITTED
241,40,"[1,1,1,1]",0,2,e0,e2,70,"[2,1,2,1]","[160,270]","[162,172]",True,False,False,False,False,OPEN_COMMON_BASIS_COMPOSITIONS_NOT_EMITTED
242,40,"[1,1,1,1]",0,3,e0,e3,68,"[2,1,1,2]","[160,271]","[163,164]",True,False,False,False,False,OPEN_COMMON_BASIS_COMPOSITIONS_NOT_EMITTED
243,40,"[1,1,1,1]",1,2,e1,e2,52,"[1,2,2,1]","[161,198]","[162,173]",True,False,False,False,False,OPEN_COMMON_BASIS_COMPOSITIONS_NOT_EMITTED
244,40,"[1,1,1,1]",1,3,e1,e3,50,"[1,2,1,2]","[161,199]","[163,165]",True,False,False,False,False,OPEN_COMMON_BASIS_COMPOSITIONS_NOT_EMITTED
245,40,"[1,1,1,1]",2,3,e2,e3,44,"[1,1,2,2]","[162,175]","[163,166]",True,False,False,False,False,OPEN_COMMON_BASIS_COMPOSITIONS_NOT_EMITTED
246,41,"[1,1,1,2]",0,1,e0,e1,77,"[2,2,1,2]","[164,273]","[165,200]",True,False,False,False,False,OPEN_COMMON_BASIS_COMPOSITIONS_NOT_EMITTED
247,41,"[1,1,1,2]",0,2,e0,e2,71,"[2,1,2,2]","[164,274]","[166,176]",True,False,False,False,False,OPEN_COMMON_BASIS_COMPOSITIONS_NOT_EMITTED
248,41,"[1,1,1,2]",0,3,e0,e3,66,"[2,1,1,0]","[164,275]","[167,156]",True,False,False,False,False,OPEN_COMMON_BASIS_COMPOSITIONS_NOT_EMITTED
249,41,"[1,1,1,2]",1,2,e1,e2,53,"[1,2,2,2]","[165,202]","[166,177]",True,False,False,False,False,OPEN_COMMON_BASIS_COMPOSITIONS_NOT_EMITTED
250,41,"[1,1,1,2]",1,3,e1,e3,48,"[1,2,1,0]","[165,203]","[167,157]",True,False,False,False,False,OPEN_COMMON_BASIS_COMPOSITIONS_NOT_EMITTED
251,41,"[1,1,1,2]",2,3,e2,e3,42,"[1,1,2,0]","[166,179]","[167,158]",True,False,False,False,False,OPEN_COMMON_BASIS_COMPOSITIONS_NOT_EMITTED
252,42,"[1,1,2,0]",0,1,e0,e1,78,"[2,2,2,0]","[168,277]","[169,204]",True,False,False,False,False,OPEN_COMMON_BASIS_COMPOSITIONS_NOT_EMITTED
253,42,"[1,1,2,0]",0,2,e0,e2,63,"[2,1,0,0]","[168,278]","[170,144]",True,False,False,False,False,OPEN_COMMON_BASIS_COMPOSITIONS_NOT_EMITTED
254,42,"[1,1,2,0]",0,3,e0,e3,70,"[2,1,2,1]","[168,279]","[171,172]",True,False,False,False,False,OPEN_COMMON_BASIS_COMPOSITIONS_NOT_EMITTED
255,42,"[1,1,2,0]",1,2,e1,e2,45,"[1,2,0,0]","[169,206]","[170,145]",True,False,False,False,False,OPEN_COMMON_BASIS_COMPOSITIONS_NOT_EMITTED
256,42,"[1,1,2,0]",1,3,e1,e3,52,"[1,2,2,1]","[169,207]","[171,173]",True,False,False,False,False,OPEN_COMMON_BASIS_COMPOSITIONS_NOT_EMITTED
257,42,"[1,1,2,0]",2,3,e2,e3,37,"[1,1,0,1]","[170,147]","[171,174]",True,False,False,False,False,OPEN_COMMON_BASIS_COMPOSITIONS_NOT_EMITTED
258,43,"[1,1,2,1]",0,1,e0,e1,79,"[2,2,2,1]","[172,281]","[173,208]",True,False,False,False,False,OPEN_COMMON_BASIS_COMPOSITIONS_NOT_EMITTED
259,43,"[1,1,2,1]",0,2,e0,e2,64,"[2,1,0,1]","[172,282]","[174,148]",True,False,False,False,False,OPEN_COMMON_BASIS_COMPOSITIONS_NOT_EMITTED
260,43,"[1,1,2,1]",0,3,e0,e3,71,"[2,1,2,2]","[172,283]","[175,176]",True,False,False,False,False,OPEN_COMMON_BASIS_COMPOSITIONS_NOT_EMITTED
261,43,"[1,1,2,1]",1,2,e1,e2,46,"[1,2,0,1]","[173,210]","[174,149]",True,False,False,False,False,OPEN_COMMON_BASIS_COMPOSITIONS_NOT_EMITTED
262,43,"[1,1,2,1]",1,3,e1,e3,53,"[1,2,2,2]","[173,211]","[175,177]",True,False,False,False,False,OPEN_COMMON_BASIS_COMPOSITIONS_NOT_EMITTED
263,43,"[1,1,2,1]",2,3,e2,e3,38,"[1,1,0,2]","[174,151]","[175,178]",True,False,False,False,False,OPEN_COMMON_BASIS_COMPOSITIONS_NOT_EMITTED
264,44,"[1,1,2,2]",0,1,e0,e1,80,"[2,2,2,2]","[176,285]","[177,212]",True,False,False,False,False,OPEN_COMMON_BASIS_COMPOSITIONS_NOT_EMITTED
265,44,"[1,1,2,2]",0,2,e0,e2,65,"[2,1,0,2]","[176,286]","[178,152]",True,False,False,False,False,OPEN_COMMON_BASIS_COMPOSITIONS_NOT_EMITTED
266,44,"[1,1,2,2]",0,3,e0,e3,69,"[2,1,2,0]","[176,287]","[179,168]",True,False,False,False,False,OPEN_COMMON_BASIS_COMPOSITIONS_NOT_EMITTED
267,44,"[1,1,2,2]",1,2,e1,e2,47,"[1,2,0,2]","[177,214]","[178,153]",True,False,False,False,False,OPEN_COMMON_BASIS_COMPOSITIONS_NOT_EMITTED
268,44,"[1,1,2,2]",1,3,e1,e3,51,"[1,2,2,0]","[177,215]","[179,169]",True,False,False,False,False,OPEN_COMMON_BASIS_COMPOSITIONS_NOT_EMITTED
269,44,"[1,1,2,2]",2,3,e2,e3,36,"[1,1,0,0]","[178,155]","[179,170]",True,False,False,False,False,OPEN_COMMON_BASIS_COMPOSITIONS_NOT_EMITTED
270,45,"[1,2,0,0]",0,1,e0,e1,54,"[2,0,0,0]","[180,289]","[181,108]",True,False,False,False,False,OPEN_COMMON_BASIS_COMPOSITIONS_NOT_EMITTED
271,45,"[1,2,0,0]",0,2,e0,e2,75,"[2,2,1,0]","[180,290]","[182,192]",True,False,False,False,False,OPEN_COMMON_BASIS_COMPOSITIONS_NOT_EMITTED
272,45,"[1,2,0,0]",0,3,e0,e3,73,"[2,2,0,1]","[180,291]","[183,184]",True,False,False,False,False,OPEN_COMMON_BASIS_COMPOSITIONS_NOT_EMITTED
273,45,"[1,2,0,0]",1,2,e1,e2,30,"[1,0,1,0]","[181,110]","[182,193]",True,False,False,False,False,OPEN_COMMON_BASIS_COMPOSITIONS_NOT_EMITTED
274,45,"[1,2,0,0]",1,3,e1,e3,28,"[1,0,0,1]","[181,111]","[183,185]",True,False,False,False,False,OPEN_COMMON_BASIS_COMPOSITIONS_NOT_EMITTED
275,45,"[1,2,0,0]",2,3,e2,e3,49,"[1,2,1,1]","[182,195]","[183,186]",True,False,False,False,False,OPEN_COMMON_BASIS_COMPOSITIONS_NOT_EMITTED
276,46,"[1,2,0,1]",0,1,e0,e1,55,"[2,0,0,1]","[184,293]","[185,112]",True,False,False,False,False,OPEN_COMMON_BASIS_COMPOSITIONS_NOT_EMITTED
277,46,"[1,2,0,1]",0,2,e0,e2,76,"[2,2,1,1]","[184,294]","[186,196]",True,False,False,False,False,OPEN_COMMON_BASIS_COMPOSITIONS_NOT_EMITTED
278,46,"[1,2,0,1]",0,3,e0,e3,74,"[2,2,0,2]","[184,295]","[187,188]",True,False,False,False,False,OPEN_COMMON_BASIS_COMPOSITIONS_NOT_EMITTED
279,46,"[1,2,0,1]",1,2,e1,e2,31,"[1,0,1,1]","[185,114]","[186,197]",True,False,False,False,False,OPEN_COMMON_BASIS_COMPOSITIONS_NOT_EMITTED
280,46,"[1,2,0,1]",1,3,e1,e3,29,"[1,0,0,2]","[185,115]","[187,189]",True,False,False,False,False,OPEN_COMMON_BASIS_COMPOSITIONS_NOT_EMITTED
281,46,"[1,2,0,1]",2,3,e2,e3,50,"[1,2,1,2]","[186,199]","[187,190]",True,False,False,False,False,OPEN_COMMON_BASIS_COMPOSITIONS_NOT_EMITTED
282,47,"[1,2,0,2]",0,1,e0,e1,56,"[2,0,0,2]","[188,297]","[189,116]",True,False,False,False,False,OPEN_COMMON_BASIS_COMPOSITIONS_NOT_EMITTED
283,47,"[1,2,0,2]",0,2,e0,e2,77,"[2,2,1,2]","[188,298]","[190,200]",True,False,False,False,False,OPEN_COMMON_BASIS_COMPOSITIONS_NOT_EMITTED
284,47,"[1,2,0,2]",0,3,e0,e3,72,"[2,2,0,0]","[188,299]","[191,180]",True,False,False,False,False,OPEN_COMMON_BASIS_COMPOSITIONS_NOT_EMITTED
285,47,"[1,2,0,2]",1,2,e1,e2,32,"[1,0,1,2]","[189,118]","[190,201]",True,False,False,False,False,OPEN_COMMON_BASIS_COMPOSITIONS_NOT_EMITTED
286,47,"[1,2,0,2]",1,3,e1,e3,27,"[1,0,0,0]","[189,119]","[191,181]",True,False,False,False,False,OPEN_COMMON_BASIS_COMPOSITIONS_NOT_EMITTED
287,47,"[1,2,0,2]",2,3,e2,e3,48,"[1,2,1,0]","[190,203]","[191,182]",True,False,False,False,False,OPEN_COMMON_BASIS_COMPOSITIONS_NOT_EMITTED
288,48,"[1,2,1,0]",0,1,e0,e1,57,"[2,0,1,0]","[192,301]","[193,120]",True,False,False,False,False,OPEN_COMMON_BASIS_COMPOSITIONS_NOT_EMITTED
289,48,"[1,2,1,0]",0,2,e0,e2,78,"[2,2,2,0]","[192,302]","[194,204]",True,False,False,False,False,OPEN_COMMON_BASIS_COMPOSITIONS_NOT_EMITTED
290,48,"[1,2,1,0]",0,3,e0,e3,76,"[2,2,1,1]","[192,303]","[195,196]",True,False,False,False,False,OPEN_COMMON_BASIS_COMPOSITIONS_NOT_EMITTED
291,48,"[1,2,1,0]",1,2,e1,e2,33,"[1,0,2,0]","[193,122]","[194,205]",True,False,False,False,False,OPEN_COMMON_BASIS_COMPOSITIONS_NOT_EMITTED
292,48,"[1,2,1,0]",1,3,e1,e3,31,"[1,0,1,1]","[193,123]","[195,197]",True,False,False,False,False,OPEN_COMMON_BASIS_COMPOSITIONS_NOT_EMITTED
293,48,"[1,2,1,0]",2,3,e2,e3,52,"[1,2,2,1]","[194,207]","[195,198]",True,False,False,False,False,OPEN_COMMON_BASIS_COMPOSITIONS_NOT_EMITTED
294,49,"[1,2,1,1]",0,1,e0,e1,58,"[2,0,1,1]","[196,305]","[197,124]",True,False,False,False,False,OPEN_COMMON_BASIS_COMPOSITIONS_NOT_EMITTED
295,49,"[1,2,1,1]",0,2,e0,e2,79,"[2,2,2,1]","[196,306]","[198,208]",True,False,False,False,False,OPEN_COMMON_BASIS_COMPOSITIONS_NOT_EMITTED
296,49,"[1,2,1,1]",0,3,e0,e3,77,"[2,2,1,2]","[196,307]","[199,200]",True,False,False,False,False,OPEN_COMMON_BASIS_COMPOSITIONS_NOT_EMITTED
297,49,"[1,2,1,1]",1,2,e1,e2,34,"[1,0,2,1]","[197,126]","[198,209]",True,False,False,False,False,OPEN_COMMON_BASIS_COMPOSITIONS_NOT_EMITTED
298,49,"[1,2,1,1]",1,3,e1,e3,32,"[1,0,1,2]","[197,127]","[199,201]",True,False,False,False,False,OPEN_COMMON_BASIS_COMPOSITIONS_NOT_EMITTED
299,49,"[1,2,1,1]",2,3,e2,e3,53,"[1,2,2,2]","[198,211]","[199,202]",True,False,False,False,False,OPEN_COMMON_BASIS_COMPOSITIONS_NOT_EMITTED
300,50,"[1,2,1,2]",0,1,e0,e1,59,"[2,0,1,2]","[200,309]","[201,128]",True,False,False,False,False,OPEN_COMMON_BASIS_COMPOSITIONS_NOT_EMITTED
301,50,"[1,2,1,2]",0,2,e0,e2,80,"[2,2,2,2]","[200,310]","[202,212]",True,False,False,False,False,OPEN_COMMON_BASIS_COMPOSITIONS_NOT_EMITTED
302,50,"[1,2,1,2]",0,3,e0,e3,75,"[2,2,1,0]","[200,311]","[203,192]",True,False,False,False,False,OPEN_COMMON_BASIS_COMPOSITIONS_NOT_EMITTED
303,50,"[1,2,1,2]",1,2,e1,e2,35,"[1,0,2,2]","[201,130]","[202,213]",True,False,False,False,False,OPEN_COMMON_BASIS_COMPOSITIONS_NOT_EMITTED
304,50,"[1,2,1,2]",1,3,e1,e3,30,"[1,0,1,0]","[201,131]","[203,193]",True,False,False,False,False,OPEN_COMMON_BASIS_COMPOSITIONS_NOT_EMITTED
305,50,"[1,2,1,2]",2,3,e2,e3,51,"[1,2,2,0]","[202,215]","[203,194]",True,False,False,False,False,OPEN_COMMON_BASIS_COMPOSITIONS_NOT_EMITTED
306,51,"[1,2,2,0]",0,1,e0,e1,60,"[2,0,2,0]","[204,313]","[205,132]",True,False,False,False,False,OPEN_COMMON_BASIS_COMPOSITIONS_NOT_EMITTED
307,51,"[1,2,2,0]",0,2,e0,e2,72,"[2,2,0,0]","[204,314]","[206,180]",True,False,False,False,False,OPEN_COMMON_BASIS_COMPOSITIONS_NOT_EMITTED
308,51,"[1,2,2,0]",0,3,e0,e3,79,"[2,2,2,1]","[204,315]","[207,208]",True,False,False,False,False,OPEN_COMMON_BASIS_COMPOSITIONS_NOT_EMITTED
309,51,"[1,2,2,0]",1,2,e1,e2,27,"[1,0,0,0]","[205,134]","[206,181]",True,False,False,False,False,OPEN_COMMON_BASIS_COMPOSITIONS_NOT_EMITTED
310,51,"[1,2,2,0]",1,3,e1,e3,34,"[1,0,2,1]","[205,135]","[207,209]",True,False,False,False,False,OPEN_COMMON_BASIS_COMPOSITIONS_NOT_EMITTED
311,51,"[1,2,2,0]",2,3,e2,e3,46,"[1,2,0,1]","[206,183]","[207,210]",True,False,False,False,False,OPEN_COMMON_BASIS_COMPOSITIONS_NOT_EMITTED
312,52,"[1,2,2,1]",0,1,e0,e1,61,"[2,0,2,1]","[208,317]","[209,136]",True,False,False,False,False,OPEN_COMMON_BASIS_COMPOSITIONS_NOT_EMITTED
313,52,"[1,2,2,1]",0,2,e0,e2,73,"[2,2,0,1]","[208,318]","[210,184]",True,False,False,False,False,OPEN_COMMON_BASIS_COMPOSITIONS_NOT_EMITTED
314,52,"[1,2,2,1]",0,3,e0,e3,80,"[2,2,2,2]","[208,319]","[211,212]",True,False,False,False,False,OPEN_COMMON_BASIS_COMPOSITIONS_NOT_EMITTED
315,52,"[1,2,2,1]",1,2,e1,e2,28,"[1,0,0,1]","[209,138]","[210,185]",True,False,False,False,False,OPEN_COMMON_BASIS_COMPOSITIONS_NOT_EMITTED
316,52,"[1,2,2,1]",1,3,e1,e3,35,"[1,0,2,2]","[209,139]","[211,213]",True,False,False,False,False,OPEN_COMMON_BASIS_COMPOSITIONS_NOT_EMITTED
317,52,"[1,2,2,1]",2,3,e2,e3,47,"[1,2,0,2]","[210,187]","[211,214]",True,False,False,False,False,OPEN_COMMON_BASIS_COMPOSITIONS_NOT_EMITTED
318,53,"[1,2,2,2]",0,1,e0,e1,62,"[2,0,2,2]","[212,321]","[213,140]",True,False,False,False,False,OPEN_COMMON_BASIS_COMPOSITIONS_NOT_EMITTED
319,53,"[1,2,2,2]",0,2,e0,e2,74,"[2,2,0,2]","[212,322]","[214,188]",True,False,False,False,False,OPEN_COMMON_BASIS_COMPOSITIONS_NOT_EMITTED
320,53,"[1,2,2,2]",0,3,e0,e3,78,"[2,2,2,0]","[212,323]","[215,204]",True,False,False,False,False,OPEN_COMMON_BASIS_COMPOSITIONS_NOT_EMITTED
321,53,"[1,2,2,2]",1,2,e1,e2,29,"[1,0,0,2]","[213,142]","[214,189]",True,False,False,False,False,OPEN_COMMON_BASIS_COMPOSITIONS_NOT_EMITTED
322,53,"[1,2,2,2]",1,3,e1,e3,33,"[1,0,2,0]","[213,143]","[215,205]",True,False,False,False,False,OPEN_COMMON_BASIS_COMPOSITIONS_NOT_EMITTED
323,53,"[1,2,2,2]",2,3,e2,e3,45,"[1,2,0,0]","[214,191]","[215,206]",True,False,False,False,False,OPEN_COMMON_BASIS_COMPOSITIONS_NOT_EMITTED
324,54,"[2,0,0,0]",0,1,e0,e1,9,"[0,1,0,0]","[216,1]","[217,252]",True,False,False,False,False,OPEN_COMMON_BASIS_COMPOSITIONS_NOT_EMITTED
325,54,"[2,0,0,0]",0,2,e0,e2,3,"[0,0,1,0]","[216,2]","[218,228]",True,False,False,False,False,OPEN_COMMON_BASIS_COMPOSITIONS_NOT_EMITTED
326,54,"[2,0,0,0]",0,3,e0,e3,1,"[0,0,0,1]","[216,3]","[219,220]",True,False,False,False,False,OPEN_COMMON_BASIS_COMPOSITIONS_NOT_EMITTED
327,54,"[2,0,0,0]",1,2,e1,e2,66,"[2,1,1,0]","[217,254]","[218,229]",True,False,False,False,False,OPEN_COMMON_BASIS_COMPOSITIONS_NOT_EMITTED
328,54,"[2,0,0,0]",1,3,e1,e3,64,"[2,1,0,1]","[217,255]","[219,221]",True,False,False,False,False,OPEN_COMMON_BASIS_COMPOSITIONS_NOT_EMITTED
329,54,"[2,0,0,0]",2,3,e2,e3,58,"[2,0,1,1]","[218,231]","[219,222]",True,False,False,False,False,OPEN_COMMON_BASIS_COMPOSITIONS_NOT_EMITTED
330,55,"[2,0,0,1]",0,1,e0,e1,10,"[0,1,0,1]","[220,5]","[221,256]",True,False,False,False,False,OPEN_COMMON_BASIS_COMPOSITIONS_NOT_EMITTED
331,55,"[2,0,0,1]",0,2,e0,e2,4,"[0,0,1,1]","[220,6]","[222,232]",True,False,False,False,False,OPEN_COMMON_BASIS_COMPOSITIONS_NOT_EMITTED
332,55,"[2,0,0,1]",0,3,e0,e3,2,"[0,0,0,2]","[220,7]","[223,224]",True,False,False,False,False,OPEN_COMMON_BASIS_COMPOSITIONS_NOT_EMITTED
333,55,"[2,0,0,1]",1,2,e1,e2,67,"[2,1,1,1]","[221,258]","[222,233]",True,False,False,False,False,OPEN_COMMON_BASIS_COMPOSITIONS_NOT_EMITTED
334,55,"[2,0,0,1]",1,3,e1,e3,65,"[2,1,0,2]","[221,259]","[223,225]",True,False,False,False,False,OPEN_COMMON_BASIS_COMPOSITIONS_NOT_EMITTED
335,55,"[2,0,0,1]",2,3,e2,e3,59,"[2,0,1,2]","[222,235]","[223,226]",True,False,False,False,False,OPEN_COMMON_BASIS_COMPOSITIONS_NOT_EMITTED
336,56,"[2,0,0,2]",0,1,e0,e1,11,"[0,1,0,2]","[224,9]","[225,260]",True,False,False,False,False,OPEN_COMMON_BASIS_COMPOSITIONS_NOT_EMITTED
337,56,"[2,0,0,2]",0,2,e0,e2,5,"[0,0,1,2]","[224,10]","[226,236]",True,False,False,False,False,OPEN_COMMON_BASIS_COMPOSITIONS_NOT_EMITTED
338,56,"[2,0,0,2]",0,3,e0,e3,0,"[0,0,0,0]","[224,11]","[227,216]",True,False,False,False,False,OPEN_COMMON_BASIS_COMPOSITIONS_NOT_EMITTED
339,56,"[2,0,0,2]",1,2,e1,e2,68,"[2,1,1,2]","[225,262]","[226,237]",True,False,False,False,False,OPEN_COMMON_BASIS_COMPOSITIONS_NOT_EMITTED
340,56,"[2,0,0,2]",1,3,e1,e3,63,"[2,1,0,0]","[225,263]","[227,217]",True,False,False,False,False,OPEN_COMMON_BASIS_COMPOSITIONS_NOT_EMITTED
341,56,"[2,0,0,2]",2,3,e2,e3,57,"[2,0,1,0]","[226,239]","[227,218]",True,False,False,False,False,OPEN_COMMON_BASIS_COMPOSITIONS_NOT_EMITTED
342,57,"[2,0,1,0]",0,1,e0,e1,12,"[0,1,1,0]","[228,13]","[229,264]",True,False,False,False,False,OPEN_COMMON_BASIS_COMPOSITIONS_NOT_EMITTED
343,57,"[2,0,1,0]",0,2,e0,e2,6,"[0,0,2,0]","[228,14]","[230,240]",True,False,False,False,False,OPEN_COMMON_BASIS_COMPOSITIONS_NOT_EMITTED
344,57,"[2,0,1,0]",0,3,e0,e3,4,"[0,0,1,1]","[228,15]","[231,232]",True,False,False,False,False,OPEN_COMMON_BASIS_COMPOSITIONS_NOT_EMITTED
345,57,"[2,0,1,0]",1,2,e1,e2,69,"[2,1,2,0]","[229,266]","[230,241]",True,False,False,False,False,OPEN_COMMON_BASIS_COMPOSITIONS_NOT_EMITTED
346,57,"[2,0,1,0]",1,3,e1,e3,67,"[2,1,1,1]","[229,267]","[231,233]",True,False,False,False,False,OPEN_COMMON_BASIS_COMPOSITIONS_NOT_EMITTED
347,57,"[2,0,1,0]",2,3,e2,e3,61,"[2,0,2,1]","[230,243]","[231,234]",True,False,False,False,False,OPEN_COMMON_BASIS_COMPOSITIONS_NOT_EMITTED
348,58,"[2,0,1,1]",0,1,e0,e1,13,"[0,1,1,1]","[232,17]","[233,268]",True,False,False,False,False,OPEN_COMMON_BASIS_COMPOSITIONS_NOT_EMITTED
349,58,"[2,0,1,1]",0,2,e0,e2,7,"[0,0,2,1]","[232,18]","[234,244]",True,False,False,False,False,OPEN_COMMON_BASIS_COMPOSITIONS_NOT_EMITTED
350,58,"[2,0,1,1]",0,3,e0,e3,5,"[0,0,1,2]","[232,19]","[235,236]",True,False,False,False,False,OPEN_COMMON_BASIS_COMPOSITIONS_NOT_EMITTED
351,58,"[2,0,1,1]",1,2,e1,e2,70,"[2,1,2,1]","[233,270]","[234,245]",True,False,False,False,False,OPEN_COMMON_BASIS_COMPOSITIONS_NOT_EMITTED
352,58,"[2,0,1,1]",1,3,e1,e3,68,"[2,1,1,2]","[233,271]","[235,237]",True,False,False,False,False,OPEN_COMMON_BASIS_COMPOSITIONS_NOT_EMITTED
353,58,"[2,0,1,1]",2,3,e2,e3,62,"[2,0,2,2]","[234,247]","[235,238]",True,False,False,False,False,OPEN_COMMON_BASIS_COMPOSITIONS_NOT_EMITTED
354,59,"[2,0,1,2]",0,1,e0,e1,14,"[0,1,1,2]","[236,21]","[237,272]",True,False,False,False,False,OPEN_COMMON_BASIS_COMPOSITIONS_NOT_EMITTED
355,59,"[2,0,1,2]",0,2,e0,e2,8,"[0,0,2,2]","[236,22]","[238,248]",True,False,False,False,False,OPEN_COMMON_BASIS_COMPOSITIONS_NOT_EMITTED
356,59,"[2,0,1,2]",0,3,e0,e3,3,"[0,0,1,0]","[236,23]","[239,228]",True,False,False,False,False,OPEN_COMMON_BASIS_COMPOSITIONS_NOT_EMITTED
357,59,"[2,0,1,2]",1,2,e1,e2,71,"[2,1,2,2]","[237,274]","[238,249]",True,False,False,False,False,OPEN_COMMON_BASIS_COMPOSITIONS_NOT_EMITTED
358,59,"[2,0,1,2]",1,3,e1,e3,66,"[2,1,1,0]","[237,275]","[239,229]",True,False,False,False,False,OPEN_COMMON_BASIS_COMPOSITIONS_NOT_EMITTED
359,59,"[2,0,1,2]",2,3,e2,e3,60,"[2,0,2,0]","[238,251]","[239,230]",True,False,False,False,False,OPEN_COMMON_BASIS_COMPOSITIONS_NOT_EMITTED
360,60,"[2,0,2,0]",0,1,e0,e1,15,"[0,1,2,0]","[240,25]","[241,276]",True,False,False,False,False,OPEN_COMMON_BASIS_COMPOSITIONS_NOT_EMITTED
361,60,"[2,0,2,0]",0,2,e0,e2,0,"[0,0,0,0]","[240,26]","[242,216]",True,False,False,False,False,OPEN_COMMON_BASIS_COMPOSITIONS_NOT_EMITTED
362,60,"[2,0,2,0]",0,3,e0,e3,7,"[0,0,2,1]","[240,27]","[243,244]",True,False,False,False,False,OPEN_COMMON_BASIS_COMPOSITIONS_NOT_EMITTED
363,60,"[2,0,2,0]",1,2,e1,e2,63,"[2,1,0,0]","[241,278]","[242,217]",True,False,False,False,False,OPEN_COMMON_BASIS_COMPOSITIONS_NOT_EMITTED
364,60,"[2,0,2,0]",1,3,e1,e3,70,"[2,1,2,1]","[241,279]","[243,245]",True,False,False,False,False,OPEN_COMMON_BASIS_COMPOSITIONS_NOT_EMITTED
365,60,"[2,0,2,0]",2,3,e2,e3,55,"[2,0,0,1]","[242,219]","[243,246]",True,False,False,False,False,OPEN_COMMON_BASIS_COMPOSITIONS_NOT_EMITTED
366,61,"[2,0,2,1]",0,1,e0,e1,16,"[0,1,2,1]","[244,29]","[245,280]",True,False,False,False,False,OPEN_COMMON_BASIS_COMPOSITIONS_NOT_EMITTED
367,61,"[2,0,2,1]",0,2,e0,e2,1,"[0,0,0,1]","[244,30]","[246,220]",True,False,False,False,False,OPEN_COMMON_BASIS_COMPOSITIONS_NOT_EMITTED
368,61,"[2,0,2,1]",0,3,e0,e3,8,"[0,0,2,2]","[244,31]","[247,248]",True,False,False,False,False,OPEN_COMMON_BASIS_COMPOSITIONS_NOT_EMITTED
369,61,"[2,0,2,1]",1,2,e1,e2,64,"[2,1,0,1]","[245,282]","[246,221]",True,False,False,False,False,OPEN_COMMON_BASIS_COMPOSITIONS_NOT_EMITTED
370,61,"[2,0,2,1]",1,3,e1,e3,71,"[2,1,2,2]","[245,283]","[247,249]",True,False,False,False,False,OPEN_COMMON_BASIS_COMPOSITIONS_NOT_EMITTED
371,61,"[2,0,2,1]",2,3,e2,e3,56,"[2,0,0,2]","[246,223]","[247,250]",True,False,False,False,False,OPEN_COMMON_BASIS_COMPOSITIONS_NOT_EMITTED
372,62,"[2,0,2,2]",0,1,e0,e1,17,"[0,1,2,2]","[248,33]","[249,284]",True,False,False,False,False,OPEN_COMMON_BASIS_COMPOSITIONS_NOT_EMITTED
373,62,"[2,0,2,2]",0,2,e0,e2,2,"[0,0,0,2]","[248,34]","[250,224]",True,False,False,False,False,OPEN_COMMON_BASIS_COMPOSITIONS_NOT_EMITTED
374,62,"[2,0,2,2]",0,3,e0,e3,6,"[0,0,2,0]","[248,35]","[251,240]",True,False,False,False,False,OPEN_COMMON_BASIS_COMPOSITIONS_NOT_EMITTED
375,62,"[2,0,2,2]",1,2,e1,e2,65,"[2,1,0,2]","[249,286]","[250,225]",True,False,False,False,False,OPEN_COMMON_BASIS_COMPOSITIONS_NOT_EMITTED
376,62,"[2,0,2,2]",1,3,e1,e3,69,"[2,1,2,0]","[249,287]","[251,241]",True,False,False,False,False,OPEN_COMMON_BASIS_COMPOSITIONS_NOT_EMITTED
377,62,"[2,0,2,2]",2,3,e2,e3,54,"[2,0,0,0]","[250,227]","[251,242]",True,False,False,False,False,OPEN_COMMON_BASIS_COMPOSITIONS_NOT_EMITTED
378,63,"[2,1,0,0]",0,1,e0,e1,18,"[0,2,0,0]","[252,37]","[253,288]",True,False,False,False,False,OPEN_COMMON_BASIS_COMPOSITIONS_NOT_EMITTED
379,63,"[2,1,0,0]",0,2,e0,e2,12,"[0,1,1,0]","[252,38]","[254,264]",True,False,False,False,False,OPEN_COMMON_BASIS_COMPOSITIONS_NOT_EMITTED
380,63,"[2,1,0,0]",0,3,e0,e3,10,"[0,1,0,1]","[252,39]","[255,256]",True,False,False,False,False,OPEN_COMMON_BASIS_COMPOSITIONS_NOT_EMITTED
381,63,"[2,1,0,0]",1,2,e1,e2,75,"[2,2,1,0]","[253,290]","[254,265]",True,False,False,False,False,OPEN_COMMON_BASIS_COMPOSITIONS_NOT_EMITTED
382,63,"[2,1,0,0]",1,3,e1,e3,73,"[2,2,0,1]","[253,291]","[255,257]",True,False,False,False,False,OPEN_COMMON_BASIS_COMPOSITIONS_NOT_EMITTED
383,63,"[2,1,0,0]",2,3,e2,e3,67,"[2,1,1,1]","[254,267]","[255,258]",True,False,False,False,False,OPEN_COMMON_BASIS_COMPOSITIONS_NOT_EMITTED
384,64,"[2,1,0,1]",0,1,e0,e1,19,"[0,2,0,1]","[256,41]","[257,292]",True,False,False,False,False,OPEN_COMMON_BASIS_COMPOSITIONS_NOT_EMITTED
385,64,"[2,1,0,1]",0,2,e0,e2,13,"[0,1,1,1]","[256,42]","[258,268]",True,False,False,False,False,OPEN_COMMON_BASIS_COMPOSITIONS_NOT_EMITTED
386,64,"[2,1,0,1]",0,3,e0,e3,11,"[0,1,0,2]","[256,43]","[259,260]",True,False,False,False,False,OPEN_COMMON_BASIS_COMPOSITIONS_NOT_EMITTED
387,64,"[2,1,0,1]",1,2,e1,e2,76,"[2,2,1,1]","[257,294]","[258,269]",True,False,False,False,False,OPEN_COMMON_BASIS_COMPOSITIONS_NOT_EMITTED
388,64,"[2,1,0,1]",1,3,e1,e3,74,"[2,2,0,2]","[257,295]","[259,261]",True,False,False,False,False,OPEN_COMMON_BASIS_COMPOSITIONS_NOT_EMITTED
389,64,"[2,1,0,1]",2,3,e2,e3,68,"[2,1,1,2]","[258,271]","[259,262]",True,False,False,False,False,OPEN_COMMON_BASIS_COMPOSITIONS_NOT_EMITTED
390,65,"[2,1,0,2]",0,1,e0,e1,20,"[0,2,0,2]","[260,45]","[261,296]",True,False,False,False,False,OPEN_COMMON_BASIS_COMPOSITIONS_NOT_EMITTED
391,65,"[2,1,0,2]",0,2,e0,e2,14,"[0,1,1,2]","[260,46]","[262,272]",True,False,False,False,False,OPEN_COMMON_BASIS_COMPOSITIONS_NOT_EMITTED
392,65,"[2,1,0,2]",0,3,e0,e3,9,"[0,1,0,0]","[260,47]","[263,252]",True,False,False,False,False,OPEN_COMMON_BASIS_COMPOSITIONS_NOT_EMITTED
393,65,"[2,1,0,2]",1,2,e1,e2,77,"[2,2,1,2]","[261,298]","[262,273]",True,False,False,False,False,OPEN_COMMON_BASIS_COMPOSITIONS_NOT_EMITTED
394,65,"[2,1,0,2]",1,3,e1,e3,72,"[2,2,0,0]","[261,299]","[263,253]",True,False,False,False,False,OPEN_COMMON_BASIS_COMPOSITIONS_NOT_EMITTED
395,65,"[2,1,0,2]",2,3,e2,e3,66,"[2,1,1,0]","[262,275]","[263,254]",True,False,False,False,False,OPEN_COMMON_BASIS_COMPOSITIONS_NOT_EMITTED
396,66,"[2,1,1,0]",0,1,e0,e1,21,"[0,2,1,0]","[264,49]","[265,300]",True,False,False,False,False,OPEN_COMMON_BASIS_COMPOSITIONS_NOT_EMITTED
397,66,"[2,1,1,0]",0,2,e0,e2,15,"[0,1,2,0]","[264,50]","[266,276]",True,False,False,False,False,OPEN_COMMON_BASIS_COMPOSITIONS_NOT_EMITTED
398,66,"[2,1,1,0]",0,3,e0,e3,13,"[0,1,1,1]","[264,51]","[267,268]",True,False,False,False,False,OPEN_COMMON_BASIS_COMPOSITIONS_NOT_EMITTED
399,66,"[2,1,1,0]",1,2,e1,e2,78,"[2,2,2,0]","[265,302]","[266,277]",True,False,False,False,False,OPEN_COMMON_BASIS_COMPOSITIONS_NOT_EMITTED
400,66,"[2,1,1,0]",1,3,e1,e3,76,"[2,2,1,1]","[265,303]","[267,269]",True,False,False,False,False,OPEN_COMMON_BASIS_COMPOSITIONS_NOT_EMITTED
401,66,"[2,1,1,0]",2,3,e2,e3,70,"[2,1,2,1]","[266,279]","[267,270]",True,False,False,False,False,OPEN_COMMON_BASIS_COMPOSITIONS_NOT_EMITTED
402,67,"[2,1,1,1]",0,1,e0,e1,22,"[0,2,1,1]","[268,53]","[269,304]",True,False,False,False,False,OPEN_COMMON_BASIS_COMPOSITIONS_NOT_EMITTED
403,67,"[2,1,1,1]",0,2,e0,e2,16,"[0,1,2,1]","[268,54]","[270,280]",True,False,False,False,False,OPEN_COMMON_BASIS_COMPOSITIONS_NOT_EMITTED
404,67,"[2,1,1,1]",0,3,e0,e3,14,"[0,1,1,2]","[268,55]","[271,272]",True,False,False,False,False,OPEN_COMMON_BASIS_COMPOSITIONS_NOT_EMITTED
405,67,"[2,1,1,1]",1,2,e1,e2,79,"[2,2,2,1]","[269,306]","[270,281]",True,False,False,False,False,OPEN_COMMON_BASIS_COMPOSITIONS_NOT_EMITTED
406,67,"[2,1,1,1]",1,3,e1,e3,77,"[2,2,1,2]","[269,307]","[271,273]",True,False,False,False,False,OPEN_COMMON_BASIS_COMPOSITIONS_NOT_EMITTED
407,67,"[2,1,1,1]",2,3,e2,e3,71,"[2,1,2,2]","[270,283]","[271,274]",True,False,False,False,False,OPEN_COMMON_BASIS_COMPOSITIONS_NOT_EMITTED
408,68,"[2,1,1,2]",0,1,e0,e1,23,"[0,2,1,2]","[272,57]","[273,308]",True,False,False,False,False,OPEN_COMMON_BASIS_COMPOSITIONS_NOT_EMITTED
409,68,"[2,1,1,2]",0,2,e0,e2,17,"[0,1,2,2]","[272,58]","[274,284]",True,False,False,False,False,OPEN_COMMON_BASIS_COMPOSITIONS_NOT_EMITTED
410,68,"[2,1,1,2]",0,3,e0,e3,12,"[0,1,1,0]","[272,59]","[275,264]",True,False,False,False,False,OPEN_COMMON_BASIS_COMPOSITIONS_NOT_EMITTED
411,68,"[2,1,1,2]",1,2,e1,e2,80,"[2,2,2,2]","[273,310]","[274,285]",True,False,False,False,False,OPEN_COMMON_BASIS_COMPOSITIONS_NOT_EMITTED
412,68,"[2,1,1,2]",1,3,e1,e3,75,"[2,2,1,0]","[273,311]","[275,265]",True,False,False,False,False,OPEN_COMMON_BASIS_COMPOSITIONS_NOT_EMITTED
413,68,"[2,1,1,2]",2,3,e2,e3,69,"[2,1,2,0]","[274,287]","[275,266]",True,False,False,False,False,OPEN_COMMON_BASIS_COMPOSITIONS_NOT_EMITTED
414,69,"[2,1,2,0]",0,1,e0,e1,24,"[0,2,2,0]","[276,61]","[277,312]",True,False,False,False,False,OPEN_COMMON_BASIS_COMPOSITIONS_NOT_EMITTED
415,69,"[2,1,2,0]",0,2,e0,e2,9,"[0,1,0,0]","[276,62]","[278,252]",True,False,False,False,False,OPEN_COMMON_BASIS_COMPOSITIONS_NOT_EMITTED
416,69,"[2,1,2,0]",0,3,e0,e3,16,"[0,1,2,1]","[276,63]","[279,280]",True,False,False,False,False,OPEN_COMMON_BASIS_COMPOSITIONS_NOT_EMITTED
417,69,"[2,1,2,0]",1,2,e1,e2,72,"[2,2,0,0]","[277,314]","[278,253]",True,False,False,False,False,OPEN_COMMON_BASIS_COMPOSITIONS_NOT_EMITTED
418,69,"[2,1,2,0]",1,3,e1,e3,79,"[2,2,2,1]","[277,315]","[279,281]",True,False,False,False,False,OPEN_COMMON_BASIS_COMPOSITIONS_NOT_EMITTED
419,69,"[2,1,2,0]",2,3,e2,e3,64,"[2,1,0,1]","[278,255]","[279,282]",True,False,False,False,False,OPEN_COMMON_BASIS_COMPOSITIONS_NOT_EMITTED
420,70,"[2,1,2,1]",0,1,e0,e1,25,"[0,2,2,1]","[280,65]","[281,316]",True,False,False,False,False,OPEN_COMMON_BASIS_COMPOSITIONS_NOT_EMITTED
421,70,"[2,1,2,1]",0,2,e0,e2,10,"[0,1,0,1]","[280,66]","[282,256]",True,False,False,False,False,OPEN_COMMON_BASIS_COMPOSITIONS_NOT_EMITTED
422,70,"[2,1,2,1]",0,3,e0,e3,17,"[0,1,2,2]","[280,67]","[283,284]",True,False,False,False,False,OPEN_COMMON_BASIS_COMPOSITIONS_NOT_EMITTED
423,70,"[2,1,2,1]",1,2,e1,e2,73,"[2,2,0,1]","[281,318]","[282,257]",True,False,False,False,False,OPEN_COMMON_BASIS_COMPOSITIONS_NOT_EMITTED
424,70,"[2,1,2,1]",1,3,e1,e3,80,"[2,2,2,2]","[281,319]","[283,285]",True,False,False,False,False,OPEN_COMMON_BASIS_COMPOSITIONS_NOT_EMITTED
425,70,"[2,1,2,1]",2,3,e2,e3,65,"[2,1,0,2]","[282,259]","[283,286]",True,False,False,False,False,OPEN_COMMON_BASIS_COMPOSITIONS_NOT_EMITTED
426,71,"[2,1,2,2]",0,1,e0,e1,26,"[0,2,2,2]","[284,69]","[285,320]",True,False,False,False,False,OPEN_COMMON_BASIS_COMPOSITIONS_NOT_EMITTED
427,71,"[2,1,2,2]",0,2,e0,e2,11,"[0,1,0,2]","[284,70]","[286,260]",True,False,False,False,False,OPEN_COMMON_BASIS_COMPOSITIONS_NOT_EMITTED
428,71,"[2,1,2,2]",0,3,e0,e3,15,"[0,1,2,0]","[284,71]","[287,276]",True,False,False,False,False,OPEN_COMMON_BASIS_COMPOSITIONS_NOT_EMITTED
429,71,"[2,1,2,2]",1,2,e1,e2,74,"[2,2,0,2]","[285,322]","[286,261]",True,False,False,False,False,OPEN_COMMON_BASIS_COMPOSITIONS_NOT_EMITTED
430,71,"[2,1,2,2]",1,3,e1,e3,78,"[2,2,2,0]","[285,323]","[287,277]",True,False,False,False,False,OPEN_COMMON_BASIS_COMPOSITIONS_NOT_EMITTED
431,71,"[2,1,2,2]",2,3,e2,e3,63,"[2,1,0,0]","[286,263]","[287,278]",True,False,False,False,False,OPEN_COMMON_BASIS_COMPOSITIONS_NOT_EMITTED
432,72,"[2,2,0,0]",0,1,e0,e1,0,"[0,0,0,0]","[288,73]","[289,216]",True,False,False,False,False,OPEN_COMMON_BASIS_COMPOSITIONS_NOT_EMITTED
433,72,"[2,2,0,0]",0,2,e0,e2,21,"[0,2,1,0]","[288,74]","[290,300]",True,False,False,False,False,OPEN_COMMON_BASIS_COMPOSITIONS_NOT_EMITTED
434,72,"[2,2,0,0]",0,3,e0,e3,19,"[0,2,0,1]","[288,75]","[291,292]",True,False,False,False,False,OPEN_COMMON_BASIS_COMPOSITIONS_NOT_EMITTED
435,72,"[2,2,0,0]",1,2,e1,e2,57,"[2,0,1,0]","[289,218]","[290,301]",True,False,False,False,False,OPEN_COMMON_BASIS_COMPOSITIONS_NOT_EMITTED
436,72,"[2,2,0,0]",1,3,e1,e3,55,"[2,0,0,1]","[289,219]","[291,293]",True,False,False,False,False,OPEN_COMMON_BASIS_COMPOSITIONS_NOT_EMITTED
437,72,"[2,2,0,0]",2,3,e2,e3,76,"[2,2,1,1]","[290,303]","[291,294]",True,False,False,False,False,OPEN_COMMON_BASIS_COMPOSITIONS_NOT_EMITTED
438,73,"[2,2,0,1]",0,1,e0,e1,1,"[0,0,0,1]","[292,77]","[293,220]",True,False,False,False,False,OPEN_COMMON_BASIS_COMPOSITIONS_NOT_EMITTED
439,73,"[2,2,0,1]",0,2,e0,e2,22,"[0,2,1,1]","[292,78]","[294,304]",True,False,False,False,False,OPEN_COMMON_BASIS_COMPOSITIONS_NOT_EMITTED
440,73,"[2,2,0,1]",0,3,e0,e3,20,"[0,2,0,2]","[292,79]","[295,296]",True,False,False,False,False,OPEN_COMMON_BASIS_COMPOSITIONS_NOT_EMITTED
441,73,"[2,2,0,1]",1,2,e1,e2,58,"[2,0,1,1]","[293,222]","[294,305]",True,False,False,False,False,OPEN_COMMON_BASIS_COMPOSITIONS_NOT_EMITTED
442,73,"[2,2,0,1]",1,3,e1,e3,56,"[2,0,0,2]","[293,223]","[295,297]",True,False,False,False,False,OPEN_COMMON_BASIS_COMPOSITIONS_NOT_EMITTED
443,73,"[2,2,0,1]",2,3,e2,e3,77,"[2,2,1,2]","[294,307]","[295,298]",True,False,False,False,False,OPEN_COMMON_BASIS_COMPOSITIONS_NOT_EMITTED
444,74,"[2,2,0,2]",0,1,e0,e1,2,"[0,0,0,2]","[296,81]","[297,224]",True,False,False,False,False,OPEN_COMMON_BASIS_COMPOSITIONS_NOT_EMITTED
445,74,"[2,2,0,2]",0,2,e0,e2,23,"[0,2,1,2]","[296,82]","[298,308]",True,False,False,False,False,OPEN_COMMON_BASIS_COMPOSITIONS_NOT_EMITTED
446,74,"[2,2,0,2]",0,3,e0,e3,18,"[0,2,0,0]","[296,83]","[299,288]",True,False,False,False,False,OPEN_COMMON_BASIS_COMPOSITIONS_NOT_EMITTED
447,74,"[2,2,0,2]",1,2,e1,e2,59,"[2,0,1,2]","[297,226]","[298,309]",True,False,False,False,False,OPEN_COMMON_BASIS_COMPOSITIONS_NOT_EMITTED
448,74,"[2,2,0,2]",1,3,e1,e3,54,"[2,0,0,0]","[297,227]","[299,289]",True,False,False,False,False,OPEN_COMMON_BASIS_COMPOSITIONS_NOT_EMITTED
449,74,"[2,2,0,2]",2,3,e2,e3,75,"[2,2,1,0]","[298,311]","[299,290]",True,False,False,False,False,OPEN_COMMON_BASIS_COMPOSITIONS_NOT_EMITTED
450,75,"[2,2,1,0]",0,1,e0,e1,3,"[0,0,1,0]","[300,85]","[301,228]",True,False,False,False,False,OPEN_COMMON_BASIS_COMPOSITIONS_NOT_EMITTED
451,75,"[2,2,1,0]",0,2,e0,e2,24,"[0,2,2,0]","[300,86]","[302,312]",True,False,False,False,False,OPEN_COMMON_BASIS_COMPOSITIONS_NOT_EMITTED
452,75,"[2,2,1,0]",0,3,e0,e3,22,"[0,2,1,1]","[300,87]","[303,304]",True,False,False,False,False,OPEN_COMMON_BASIS_COMPOSITIONS_NOT_EMITTED
453,75,"[2,2,1,0]",1,2,e1,e2,60,"[2,0,2,0]","[301,230]","[302,313]",True,False,False,False,False,OPEN_COMMON_BASIS_COMPOSITIONS_NOT_EMITTED
454,75,"[2,2,1,0]",1,3,e1,e3,58,"[2,0,1,1]","[301,231]","[303,305]",True,False,False,False,False,OPEN_COMMON_BASIS_COMPOSITIONS_NOT_EMITTED
455,75,"[2,2,1,0]",2,3,e2,e3,79,"[2,2,2,1]","[302,315]","[303,306]",True,False,False,False,False,OPEN_COMMON_BASIS_COMPOSITIONS_NOT_EMITTED
456,76,"[2,2,1,1]",0,1,e0,e1,4,"[0,0,1,1]","[304,89]","[305,232]",True,False,False,False,False,OPEN_COMMON_BASIS_COMPOSITIONS_NOT_EMITTED
457,76,"[2,2,1,1]",0,2,e0,e2,25,"[0,2,2,1]","[304,90]","[306,316]",True,False,False,False,False,OPEN_COMMON_BASIS_COMPOSITIONS_NOT_EMITTED
458,76,"[2,2,1,1]",0,3,e0,e3,23,"[0,2,1,2]","[304,91]","[307,308]",True,False,False,False,False,OPEN_COMMON_BASIS_COMPOSITIONS_NOT_EMITTED
459,76,"[2,2,1,1]",1,2,e1,e2,61,"[2,0,2,1]","[305,234]","[306,317]",True,False,False,False,False,OPEN_COMMON_BASIS_COMPOSITIONS_NOT_EMITTED
460,76,"[2,2,1,1]",1,3,e1,e3,59,"[2,0,1,2]","[305,235]","[307,309]",True,False,False,False,False,OPEN_COMMON_BASIS_COMPOSITIONS_NOT_EMITTED
461,76,"[2,2,1,1]",2,3,e2,e3,80,"[2,2,2,2]","[306,319]","[307,310]",True,False,False,False,False,OPEN_COMMON_BASIS_COMPOSITIONS_NOT_EMITTED
462,77,"[2,2,1,2]",0,1,e0,e1,5,"[0,0,1,2]","[308,93]","[309,236]",True,False,False,False,False,OPEN_COMMON_BASIS_COMPOSITIONS_NOT_EMITTED
463,77,"[2,2,1,2]",0,2,e0,e2,26,"[0,2,2,2]","[308,94]","[310,320]",True,False,False,False,False,OPEN_COMMON_BASIS_COMPOSITIONS_NOT_EMITTED
464,77,"[2,2,1,2]",0,3,e0,e3,21,"[0,2,1,0]","[308,95]","[311,300]",True,False,False,False,False,OPEN_COMMON_BASIS_COMPOSITIONS_NOT_EMITTED
465,77,"[2,2,1,2]",1,2,e1,e2,62,"[2,0,2,2]","[309,238]","[310,321]",True,False,False,False,False,OPEN_COMMON_BASIS_COMPOSITIONS_NOT_EMITTED
466,77,"[2,2,1,2]",1,3,e1,e3,57,"[2,0,1,0]","[309,239]","[311,301]",True,False,False,False,False,OPEN_COMMON_BASIS_COMPOSITIONS_NOT_EMITTED
467,77,"[2,2,1,2]",2,3,e2,e3,78,"[2,2,2,0]","[310,323]","[311,302]",True,False,False,False,False,OPEN_COMMON_BASIS_COMPOSITIONS_NOT_EMITTED
468,78,"[2,2,2,0]",0,1,e0,e1,6,"[0,0,2,0]","[312,97]","[313,240]",True,False,False,False,False,OPEN_COMMON_BASIS_COMPOSITIONS_NOT_EMITTED
469,78,"[2,2,2,0]",0,2,e0,e2,18,"[0,2,0,0]","[312,98]","[314,288]",True,False,False,False,False,OPEN_COMMON_BASIS_COMPOSITIONS_NOT_EMITTED
470,78,"[2,2,2,0]",0,3,e0,e3,25,"[0,2,2,1]","[312,99]","[315,316]",True,False,False,False,False,OPEN_COMMON_BASIS_COMPOSITIONS_NOT_EMITTED
471,78,"[2,2,2,0]",1,2,e1,e2,54,"[2,0,0,0]","[313,242]","[314,289]",True,False,False,False,False,OPEN_COMMON_BASIS_COMPOSITIONS_NOT_EMITTED
472,78,"[2,2,2,0]",1,3,e1,e3,61,"[2,0,2,1]","[313,243]","[315,317]",True,False,False,False,False,OPEN_COMMON_BASIS_COMPOSITIONS_NOT_EMITTED
473,78,"[2,2,2,0]",2,3,e2,e3,73,"[2,2,0,1]","[314,291]","[315,318]",True,False,False,False,False,OPEN_COMMON_BASIS_COMPOSITIONS_NOT_EMITTED
474,79,"[2,2,2,1]",0,1,e0,e1,7,"[0,0,2,1]","[316,101]","[317,244]",True,False,False,False,False,OPEN_COMMON_BASIS_COMPOSITIONS_NOT_EMITTED
475,79,"[2,2,2,1]",0,2,e0,e2,19,"[0,2,0,1]","[316,102]","[318,292]",True,False,False,False,False,OPEN_COMMON_BASIS_COMPOSITIONS_NOT_EMITTED
476,79,"[2,2,2,1]",0,3,e0,e3,26,"[0,2,2,2]","[316,103]","[319,320]",True,False,False,False,False,OPEN_COMMON_BASIS_COMPOSITIONS_NOT_EMITTED
477,79,"[2,2,2,1]",1,2,e1,e2,55,"[2,0,0,1]","[317,246]","[318,293]",True,False,False,False,False,OPEN_COMMON_BASIS_COMPOSITIONS_NOT_EMITTED
478,79,"[2,2,2,1]",1,3,e1,e3,62,"[2,0,2,2]","[317,247]","[319,321]",True,False,False,False,False,OPEN_COMMON_BASIS_COMPOSITIONS_NOT_EMITTED
479,79,"[2,2,2,1]",2,3,e2,e3,74,"[2,2,0,2]","[318,295]","[319,322]",True,False,False,False,False,OPEN_COMMON_BASIS_COMPOSITIONS_NOT_EMITTED
480,80,"[2,2,2,2]",0,1,e0,e1,8,"[0,0,2,2]","[320,105]","[321,248]",True,False,False,False,False,OPEN_COMMON_BASIS_COMPOSITIONS_NOT_EMITTED
481,80,"[2,2,2,2]",0,2,e0,e2,20,"[0,2,0,2]","[320,106]","[322,296]",True,False,False,False,False,OPEN_COMMON_BASIS_COMPOSITIONS_NOT_EMITTED
482,80,"[2,2,2,2]",0,3,e0,e3,24,"[0,2,2,0]","[320,107]","[323,312]",True,False,False,False,False,OPEN_COMMON_BASIS_COMPOSITIONS_NOT_EMITTED
483,80,"[2,2,2,2]",1,2,e1,e2,56,"[2,0,0,2]","[321,250]","[322,297]",True,False,False,False,False,OPEN_COMMON_BASIS_COMPOSITIONS_NOT_EMITTED
484,80,"[2,2,2,2]",1,3,e1,e3,60,"[2,0,2,0]","[321,251]","[323,313]",True,False,False,False,False,OPEN_COMMON_BASIS_COMPOSITIONS_NOT_EMITTED
485,80,"[2,2,2,2]",2,3,e2,e3,72,"[2,2,0,0]","[322,299]","[323,314]",True,False,False,False,False,OPEN_COMMON_BASIS_COMPOSITIONS_NOT_EMITTED
